v 0.323524 -2.000000 -1.207407
v -0.567488 -2.000000 1.113758
v 0.323524 0.000000 -1.207407
v -0.567488 0.000000 1.113758
v 0.421003 -2.000000 -1.176921
v 0.515669 -2.000000 -1.138590
v 0.606894 -2.000000 -1.092671
v 0.694071 -2.000000 -1.039470
v 0.776622 -2.000000 -0.979338
v 0.853996 -2.000000 -0.912678
v 0.925680 -2.000000 -0.839930
v 0.991197 -2.000000 -0.761579
v 1.050042 -2.000000 -0.678099
v 1.101866 -2.000000 -0.590091
v 1.146343 -2.000000 -0.498154
v 1.183176 -2.000000 -0.402899
v 1.212122 -2.000000 -0.304958
v 1.232988 -2.000000 -0.204982
v 1.245635 -2.000000 -0.103637
v 1.249979 -2.000000 -0.001596
v 1.245928 -2.000000 0.100458
v 1.233529 -2.000000 0.201836
v 1.212908 -2.000000 0.301863
v 1.184203 -2.000000 0.399875
v 1.147603 -2.000000 0.495221
v 1.103353 -2.000000 0.587266
v 1.051745 -2.000000 0.675399
v 0.993124 -2.000000 0.759033
v 0.927847 -2.000000 0.837585
v 0.856341 -2.000000 0.910510
v 0.779129 -2.000000 0.977362
v 0.696726 -2.000000 1.037696
v 0.609680 -2.000000 1.091112
v 0.518568 -2.000000 1.137254
v 0.423998 -2.000000 1.175816
v 0.326597 -2.000000 1.206541
v 0.227008 -2.000000 1.229204
v 0.125892 -2.000000 1.243591
v 0.023942 -2.000000 1.249687
v -0.078163 -2.000000 1.247452
v -0.179745 -2.000000 1.236901
v -0.280130 -2.000000 1.218105
v -0.378649 -2.000000 1.191187
v -0.474648 -2.000000 1.156328
v -0.656198 -2.000000 1.063860
v -0.740558 -2.000000 1.006920
v -0.820011 -2.000000 0.943315
v -0.894032 -2.000000 0.873466
v -0.962132 -2.000000 0.797832
v -1.023862 -2.000000 0.716916
v -1.078814 -2.000000 0.631250
v -1.126623 -2.000000 0.541400
v -1.166976 -2.000000 0.447960
v -1.199512 -2.000000 0.351520
v -1.224103 -2.000000 0.252757
v -1.240588 -2.000000 0.152325
v -1.248858 -2.000000 0.050887
v -1.248858 -2.000000 -0.050887
v -1.240588 -2.000000 -0.152325
v -1.224103 -2.000000 -0.252757
v -1.199512 -2.000000 -0.351520
v -1.166976 -2.000000 -0.447960
v -1.126623 -2.000000 -0.541400
v -1.078814 -2.000000 -0.631250
v -1.023862 -2.000000 -0.716916
v -0.962132 -2.000000 -0.797832
v -0.894032 -2.000000 -0.873466
v -0.820011 -2.000000 -0.943315
v -0.740558 -2.000000 -1.006920
v -0.656198 -2.000000 -1.063860
v -0.567488 -2.000000 -1.113758
v -0.474977 -2.000000 -1.156197
v -0.379326 -2.000000 -1.190977
v -0.281168 -2.000000 -1.217870
v -0.181150 -2.000000 -1.236697
v -0.079933 -2.000000 -1.247336
v 0.021814 -2.000000 -1.249714
v 0.123419 -2.000000 -1.243818
v 0.224211 -2.000000 -1.229684
v 0.323524 -0.100000 -1.207407
v 0.323524 -0.200000 -1.207407
v 0.323524 -0.300000 -1.207407
v 0.323524 -0.400000 -1.207407
v 0.323524 -0.500000 -1.207407
v 0.323524 -0.600000 -1.207407
v 0.323524 -0.700000 -1.207407
v 0.323524 -0.800000 -1.207407
v 0.323524 -0.900000 -1.207407
v 0.323524 -1.000000 -1.207407
v 0.323524 -1.100000 -1.207407
v 0.323524 -1.200000 -1.207407
v 0.323524 -1.300000 -1.207407
v 0.323524 -1.400000 -1.207407
v 0.323524 -1.500000 -1.207407
v 0.323524 -1.600000 -1.207407
v 0.323524 -1.700000 -1.207407
v 0.323524 -1.800000 -1.207407
v 0.323524 -1.900000 -1.207407
v -0.656198 0.000000 1.063860
v -0.740558 0.000000 1.006920
v -0.820011 0.000000 0.943315
v -0.894032 0.000000 0.873466
v -0.962132 0.000000 0.797832
v -1.023862 0.000000 0.716916
v -1.078814 0.000000 0.631250
v -1.126623 0.000000 0.541400
v -1.166976 0.000000 0.447960
v -1.199512 0.000000 0.351520
v -1.224103 0.000000 0.252757
v -1.240588 0.000000 0.152325
v -1.248858 0.000000 0.050887
v -1.248858 0.000000 -0.050887
v -1.240588 0.000000 -0.152325
v -1.224103 0.000000 -0.252757
v -1.199512 0.000000 -0.351520
v -1.166976 0.000000 -0.447960
v -1.126623 0.000000 -0.541400
v -1.078814 0.000000 -0.631250
v -1.023862 0.000000 -0.716916
v -0.962132 0.000000 -0.797832
v -0.894032 0.000000 -0.873466
v -0.820011 0.000000 -0.943315
v -0.740558 0.000000 -1.006920
v -0.656198 0.000000 -1.063860
v -0.567488 0.000000 -1.113758
v -0.474977 0.000000 -1.156197
v -0.379326 0.000000 -1.190977
v -0.281168 0.000000 -1.217870
v -0.181150 0.000000 -1.236697
v -0.079933 0.000000 -1.247336
v 0.021814 0.000000 -1.249714
v 0.123419 0.000000 -1.243818
v 0.224211 0.000000 -1.229684
v -0.567488 -1.900000 1.113758
v -0.567488 -1.800000 1.113758
v -0.567488 -1.700000 1.113758
v -0.567488 -1.600000 1.113758
v -0.567488 -1.500000 1.113758
v -0.567488 -1.400000 1.113758
v -0.567488 -1.300000 1.113758
v -0.567488 -1.200000 1.113758
v -0.567488 -1.100000 1.113758
v -0.567488 -1.000000 1.113758
v -0.567488 -0.900000 1.113758
v -0.567488 -0.800000 1.113758
v -0.567488 -0.700000 1.113758
v -0.567488 -0.600000 1.113758
v -0.567488 -0.500000 1.113758
v -0.567488 -0.400000 1.113758
v -0.567488 -0.300000 1.113758
v -0.567488 -0.200000 1.113758
v -0.567488 -0.100000 1.113758
v 0.421003 0.000000 -1.176921
v 0.515669 0.000000 -1.138590
v 0.606894 0.000000 -1.092671
v 0.694071 0.000000 -1.039470
v 0.776622 0.000000 -0.979338
v 0.853996 0.000000 -0.912678
v 0.925680 0.000000 -0.839930
v 0.991197 0.000000 -0.761579
v 1.050042 0.000000 -0.678099
v 1.101866 0.000000 -0.590091
v 1.146343 0.000000 -0.498154
v 1.183176 0.000000 -0.402899
v 1.212122 0.000000 -0.304958
v 1.232988 0.000000 -0.204982
v 1.245635 0.000000 -0.103637
v 1.249979 0.000000 -0.001596
v 1.245928 0.000000 0.100458
v 1.233529 0.000000 0.201836
v 1.212908 0.000000 0.301863
v 1.184203 0.000000 0.399875
v 1.147603 0.000000 0.495221
v 1.103353 0.000000 0.587266
v 1.051745 0.000000 0.675399
v 0.993124 0.000000 0.759033
v 0.927847 0.000000 0.837585
v 0.856341 0.000000 0.910510
v 0.779129 0.000000 0.977362
v 0.696726 0.000000 1.037696
v 0.609680 0.000000 1.091112
v 0.518568 0.000000 1.137254
v 0.423998 0.000000 1.175816
v 0.326597 0.000000 1.206541
v 0.227008 0.000000 1.229204
v 0.125892 0.000000 1.243591
v 0.023942 0.000000 1.249687
v -0.078163 0.000000 1.247452
v -0.179745 0.000000 1.236901
v -0.280130 0.000000 1.218105
v -0.378649 0.000000 1.191187
v -0.474648 0.000000 1.156328
v -0.462569 -2.000000 -0.255216
v -0.289558 -2.000000 -0.437745
v -0.513610 -2.000000 -0.117300
v -0.462074 -2.000000 0.260428
v 0.521340 -2.000000 -1.036519
v 0.604373 -2.000000 -0.990337
v 0.435315 -2.000000 -1.075458
v 0.683229 -2.000000 -0.937727
v 0.345533 -2.000000 -1.107740
v 0.757364 -2.000000 -0.878895
v 0.254873 -2.000000 -1.132330
v 0.826893 -2.000000 -0.813917
v 0.161296 -2.000000 -1.149281
v 0.890235 -2.000000 -0.744088
v 0.067671 -2.000000 -1.158586
v 0.948361 -2.000000 -0.668457
v -0.027074 -2.000000 -1.160190
v 0.999472 -2.000000 -0.589320
v -0.121304 -2.000000 -1.154184
v 1.044372 -2.000000 -0.505332
v -0.214724 -2.000000 -1.140468
v 1.082086 -2.000000 -0.418604
v -0.307065 -2.000000 -1.119202
v 1.112622 -2.000000 -0.328788
v -0.396711 -2.000000 -1.090634
v 1.135831 -2.000000 -0.236727
v -0.484703 -2.000000 -1.054565
v 1.151304 -2.000000 -0.143506
v -0.568241 -2.000000 -1.012001
v 1.159277 -2.000000 -0.048526
v -0.649144 -2.000000 -0.962016
v 1.159392 -2.000000 0.045607
v -0.724948 -2.000000 -0.906285
v 1.151676 -2.000000 0.140681
v -0.796432 -2.000000 -0.844080
v 1.136453 -2.000000 0.233798
v -0.862439 -2.000000 -0.776565
v 1.113431 -2.000000 0.326057
v -0.922687 -2.000000 -0.703862
v 1.083159 -2.000000 0.415809
v -0.977080 -2.000000 -0.626271
v 1.045598 -2.000000 0.502760
v -1.024586 -2.000000 -0.545057
v 1.000969 -2.000000 0.586727
v -1.065842 -2.000000 -0.459374
v 0.949973 -2.000000 0.666109
v -1.099443 -2.000000 -0.371845
v 0.892086 -2.000000 0.741923
v -1.126120 -2.000000 -0.280565
v 0.829010 -2.000000 0.811800
v -1.145163 -2.000000 -0.188426
v 0.759530 -2.000000 0.877045
v -1.156663 -2.000000 -0.094367
v 0.685651 -2.000000 0.935967
v -1.160541 -2.000000 -0.000027
v 0.606802 -2.000000 0.988848
v -1.156667 -2.000000 0.094316
v 0.524008 -2.000000 1.035160
v -1.145171 -2.000000 0.188374
v 0.437949 -2.000000 1.074371
v -1.126132 -2.000000 0.280516
v 0.348380 -2.000000 1.106740
v -1.099459 -2.000000 0.371796
v 0.257444 -2.000000 1.131347
v -1.065862 -2.000000 0.459326
v 0.163641 -2.000000 1.148654
v -1.024610 -2.000000 0.545012
v 0.069842 -2.000000 1.158160
v -0.977109 -2.000000 0.626226
v -0.025305 -2.000000 1.159920
v -0.922718 -2.000000 0.703822
v -0.119767 -2.000000 1.154032
v -0.862475 -2.000000 0.776525
v -0.213568 -2.000000 1.140361
v -0.796468 -2.000000 0.844045
v -0.306177 -2.000000 1.119117
v -0.724990 -2.000000 0.906251
v -0.396159 -2.000000 1.090494
v -0.649184 -2.000000 0.961984
v -0.484472 -2.000000 1.054434
v -0.568273 -2.000000 1.011994
v 0.519355 -2.000000 -0.934437
v 0.440708 -2.000000 -0.973124
v 0.594871 -2.000000 -0.891547
v 0.359557 -2.000000 -1.006376
v 0.666680 -2.000000 -0.838942
v 0.277841 -2.000000 -1.034847
v 0.730515 -2.000000 -0.780225
v 0.191601 -2.000000 -1.054377
v 0.793560 -2.000000 -0.720523
v 0.105099 -2.000000 -1.063397
v 0.850257 -2.000000 -0.652587
v 0.018791 -2.000000 -1.071578
v 0.897540 -2.000000 -0.578789
v -0.069340 -2.000000 -1.068470
v 0.943686 -2.000000 -0.506056
v -0.153652 -2.000000 -1.059537
v 0.983145 -2.000000 -0.426651
v -0.240258 -2.000000 -1.042472
v 1.011517 -2.000000 -0.344314
v -0.322305 -2.000000 -1.017225
v 1.035996 -2.000000 -0.260556
v -0.405457 -2.000000 -0.988554
v 1.057507 -2.000000 -0.176349
v -0.485623 -2.000000 -0.953027
v 1.068458 -2.000000 -0.087982
v -0.561495 -2.000000 -0.909882
v 1.068049 -2.000000 -0.000609
v -0.633893 -2.000000 -0.860768
v 1.067417 -2.000000 0.085391
v -0.703034 -2.000000 -0.808969
v 1.057555 -2.000000 0.173504
v -0.766493 -2.000000 -0.747637
v 1.037368 -2.000000 0.258164
v -0.823167 -2.000000 -0.684587
v 1.015623 -2.000000 0.342140
v -0.876094 -2.000000 -0.613951
v 0.983474 -2.000000 0.425542
v -0.920172 -2.000000 -0.540289
v 0.943416 -2.000000 0.502444
v -0.962782 -2.000000 -0.463343
v 0.902359 -2.000000 0.578843
v -0.998585 -2.000000 -0.383301
v 0.851233 -2.000000 0.651648
v -1.026100 -2.000000 -0.300471
v 0.792267 -2.000000 0.716222
v -1.047039 -2.000000 -0.215531
v 0.734077 -2.000000 0.779614
v -1.063760 -2.000000 -0.130772
v 0.667664 -2.000000 0.838360
v -1.069881 -2.000000 -0.042728
v 0.595393 -2.000000 0.886774
v -1.069810 -2.000000 0.042049
v 0.521252 -2.000000 0.932733
v -1.061879 -2.000000 0.129957
v 0.445286 -2.000000 0.975216
v -1.045340 -2.000000 0.214258
v 0.362840 -2.000000 1.008756
v -1.025572 -2.000000 0.299912
v 0.278355 -2.000000 1.031126
v -0.998616 -2.000000 0.383287
v 0.195139 -2.000000 1.052896
v -0.963633 -2.000000 0.463253
v 0.107505 -2.000000 1.066299
v -0.922356 -2.000000 0.540417
v 0.020376 -2.000000 1.068614
v -0.878060 -2.000000 0.614609
v -0.066352 -2.000000 1.069389
v -0.823682 -2.000000 0.684123
v -0.154687 -2.000000 1.060287
v -0.767050 -2.000000 0.746677
v -0.239583 -2.000000 1.041576
v -0.702247 -2.000000 0.807098
v -0.324131 -2.000000 1.021870
v -0.633661 -2.000000 0.858579
v -0.407875 -2.000000 0.991522
v -0.561743 -2.000000 0.909071
v -0.485618 -2.000000 0.952588
v 0.440762 -2.000000 -0.874608
v 0.511501 -2.000000 -0.835892
v 0.366444 -2.000000 -0.907827
v 0.586638 -2.000000 -0.805030
v 0.289836 -2.000000 -0.934936
v 0.638582 -2.000000 -0.740692
v 0.218490 -2.000000 -0.971817
v 0.699192 -2.000000 -0.686671
v 0.136030 -2.000000 -0.967494
v 0.764377 -2.000000 -0.638388
v 0.054249 -2.000000 -0.977903
v 0.800496 -2.000000 -0.565546
v -0.025086 -2.000000 -0.994125
v 0.842741 -2.000000 -0.491293
v -0.101583 -2.000000 -0.971423
v 0.896429 -2.000000 -0.433027
v -0.181090 -2.000000 -0.976386
v 0.913493 -2.000000 -0.354592
v -0.252138 -2.000000 -0.939672
v 0.936931 -2.000000 -0.277036
v -0.332402 -2.000000 -0.921109
v 0.959598 -2.000000 -0.198806
v -0.409414 -2.000000 -0.890770
v 0.989138 -2.000000 -0.122864
v -0.480206 -2.000000 -0.854736
v 0.979207 -2.000000 -0.042025
v -0.549106 -2.000000 -0.811894
v 0.974632 -2.000000 0.043135
v -0.613852 -2.000000 -0.763201
v 0.988105 -2.000000 0.121042
v -0.683891 -2.000000 -0.722112
v 0.959761 -2.000000 0.196048
v -0.725536 -2.000000 -0.653971
v 0.939890 -2.000000 0.275533
v -0.787908 -2.000000 -0.604432
v 0.929888 -2.000000 0.357031
v -0.816134 -2.000000 -0.529606
v 0.881350 -2.000000 0.423990
v -0.863362 -2.000000 -0.462105
v 0.844881 -2.000000 0.496538
v -0.900292 -2.000000 -0.388027
v 0.815534 -2.000000 0.572306
v -0.928790 -2.000000 -0.313881
v 0.754244 -2.000000 0.625899
v -0.951326 -2.000000 -0.235949
v 0.693559 -2.000000 0.685988
v -0.966862 -2.000000 -0.156434
v 0.651269 -2.000000 0.752974
v -0.991414 -2.000000 -0.079045
v 0.579977 -2.000000 0.789836
v -0.976769 -2.000000 -0.000529
v 0.510495 -2.000000 0.832705
v -0.989974 -2.000000 0.078024
v 0.441539 -2.000000 0.874863
v -0.960883 -2.000000 0.152517
v 0.375821 -2.000000 0.922889
v -0.950746 -2.000000 0.234592
v 0.295246 -2.000000 0.934571
v -0.928897 -2.000000 0.313903
v 0.211798 -2.000000 0.952317
v -0.900286 -2.000000 0.388061
v 0.140095 -2.000000 0.985590
v -0.864957 -2.000000 0.461173
v 0.060315 -2.000000 0.977731
v -0.823216 -2.000000 0.530706
v -0.022300 -2.000000 0.978329
v -0.789738 -2.000000 0.604691
v -0.102517 -2.000000 0.990511
v -0.726364 -2.000000 0.653209
v -0.179862 -2.000000 0.961088
v -0.683656 -2.000000 0.720362
v -0.259696 -2.000000 0.944957
v -0.612201 -2.000000 0.756243
v -0.340527 -2.000000 0.936427
v -0.550329 -2.000000 0.810116
v -0.408545 -2.000000 0.891059
v -0.481100 -2.000000 0.854173
v 0.437175 -2.000000 -0.771016
v 0.371905 -2.000000 -0.821342
v -0.185464 -2.000000 -0.494071
v 0.290925 -2.000000 -0.837716
v 0.238709 -2.000000 0.115161
v 0.328613 -2.000000 -0.407695
v 0.609370 -2.000000 -0.646624
v -0.119096 -2.000000 -0.362737
v 0.685456 -2.000000 -0.573063
v 0.079994 -2.000000 -0.881725
v -0.026071 -2.000000 -0.889911
v 0.745734 -2.000000 -0.481622
v 0.805867 -2.000000 -0.389085
v -0.156936 -2.000000 -0.876684
v 0.835302 -2.000000 -0.296030
v -0.261380 -2.000000 -0.844932
v 0.860509 -2.000000 -0.207928
v -0.341775 -2.000000 -0.835206
v 0.889718 -2.000000 -0.110180
v -0.402109 -2.000000 -0.788670
v -0.475170 -2.000000 -0.767314
v 0.888327 -2.000000 -0.001092
v -0.530176 -2.000000 -0.708677
v 0.887962 -2.000000 0.108257
v -0.615061 -2.000000 -0.644225
v 0.858171 -2.000000 0.213275
v -0.703252 -2.000000 -0.546523
v 0.834786 -2.000000 0.319428
v -0.090893 -2.000000 0.888699
v -0.759614 -2.000000 -0.453015
v 0.782943 -2.000000 0.420701
v -0.812847 -2.000000 -0.391994
v 0.732494 -2.000000 0.514082
v -0.826545 -2.000000 -0.317040
v -0.866515 -2.000000 -0.252364
v 0.659404 -2.000000 0.595241
v -0.868174 -2.000000 -0.172016
v 0.585287 -2.000000 0.676954
v -0.888147 -2.000000 -0.067252
v 0.501262 -2.000000 0.731012
v -0.888312 -2.000000 0.064401
v 0.421776 -2.000000 0.779984
v 0.337983 -2.000000 0.829285
v -0.867599 -2.000000 0.171493
v -0.866285 -2.000000 0.252221
v 0.232056 -2.000000 0.857483
v -0.827247 -2.000000 0.317263
v 0.126375 -2.000000 0.885569
v -0.813115 -2.000000 0.392008
v -0.761202 -2.000000 0.453265
v 0.017135 -2.000000 0.883926
v -0.705257 -2.000000 0.544520
v 0.195961 -2.000000 -0.873159
v 0.524959 -2.000000 -0.723316
v -0.618479 -2.000000 0.641996
v -0.202169 -2.000000 0.865210
v -0.305032 -2.000000 0.841573
v -0.531097 -2.000000 0.707825
v -0.474111 -2.000000 0.767834
v -0.396552 -2.000000 0.791476
v 0.430025 -2.000000 -0.661165
v 0.329545 -2.000000 -0.728100
v 0.213175 -2.000000 -0.760896
v 0.573526 -2.000000 -0.545719
v 0.640099 -2.000000 -0.469899
v 0.030247 -2.000000 -0.783575
v -0.082807 -2.000000 -0.780593
v 0.695168 -2.000000 -0.394171
v 0.733673 -2.000000 -0.309836
v -0.195616 -2.000000 -0.769944
v 0.757378 -2.000000 -0.224529
v -0.305731 -2.000000 -0.739211
v 0.782626 -2.000000 -0.139186
v 0.795304 -2.000000 -0.046205
v -0.417917 -2.000000 -0.682867
v 0.792701 -2.000000 0.046498
v -0.506034 -2.000000 -0.605981
v 0.778672 -2.000000 0.147139
v -0.584547 -2.000000 -0.525346
v 0.750379 -2.000000 0.247856
v -0.657890 -2.000000 -0.440712
v -0.721828 -2.000000 -0.344773
v 0.676716 -2.000000 0.412533
v 0.620479 -2.000000 0.495104
v -0.767378 -2.000000 -0.227984
v 0.559336 -2.000000 0.567947
v -0.781543 -2.000000 -0.112433
v 0.488206 -2.000000 0.628766
v -0.786515 -2.000000 -0.000556
v 0.415114 -2.000000 0.676424
v -0.783988 -2.000000 0.112641
v 0.337464 -2.000000 0.720729
v 0.252886 -2.000000 0.752674
v -0.767123 -2.000000 0.226774
v 0.161236 -2.000000 0.777518
v 0.059308 -2.000000 0.790162
v -0.722972 -2.000000 0.343937
v -0.660580 -2.000000 0.441264
v -0.044078 -2.000000 0.788909
v -0.586600 -2.000000 0.524314
v -0.507661 -2.000000 0.602476
v -0.221925 -2.000000 0.760049
v -0.317837 -2.000000 0.727754
v -0.420309 -2.000000 0.680851
v 0.521375 -2.000000 -0.620684
v 0.120610 -2.000000 -0.797970
v 0.734347 -2.000000 0.342919
v -0.139602 -2.000000 0.797719
v 0.337393 -2.000000 -0.604194
v 0.228351 -2.000000 -0.656902
v 0.529140 -2.000000 -0.455990
v 0.592117 -2.000000 -0.382436
v -0.017525 -2.000000 -0.677730
v -0.132184 -2.000000 -0.675999
v 0.645229 -2.000000 -0.317734
v 0.656475 -2.000000 -0.238953
v -0.229956 -2.000000 -0.678117
v 0.676033 -2.000000 -0.157018
v -0.316291 -2.000000 -0.615677
v 0.710632 -2.000000 -0.082382
v 0.698606 -2.000000 0.000690
v -0.414902 -2.000000 -0.581292
v 0.709782 -2.000000 0.087112
v -0.472234 -2.000000 -0.491370
v 0.669621 -2.000000 0.177347
v -0.545126 -2.000000 -0.414618
v -0.622343 -2.000000 -0.350302
v -0.641878 -2.000000 -0.245603
v 0.578443 -2.000000 0.393521
v 0.516656 -2.000000 0.471407
v -0.696360 -2.000000 -0.155100
v 0.472008 -2.000000 0.539248
v -0.682611 -2.000000 -0.054738
v 0.399136 -2.000000 0.574051
v -0.682966 -2.000000 0.053297
v 0.341583 -2.000000 0.628708
v -0.698717 -2.000000 0.157816
v 0.263526 -2.000000 0.646600
v 0.176701 -2.000000 0.672594
v -0.643022 -2.000000 0.246458
v 0.095344 -2.000000 0.706956
v 0.000752 -2.000000 0.694293
v -0.623029 -2.000000 0.349916
v -0.548846 -2.000000 0.414979
v -0.471298 -2.000000 0.492292
v -0.415767 -2.000000 0.576216
v -0.232289 -2.000000 0.658498
v -0.330176 -2.000000 0.613188
v 0.454157 -2.000000 -0.539538
v 0.110075 -2.000000 -0.693700
v 0.639414 -2.000000 0.302181
v -0.124077 -2.000000 0.694236
v 0.235592 -2.000000 -0.541364
v 0.489626 -2.000000 -0.357784
v 0.554933 -2.000000 -0.276016
v -0.081565 -2.000000 -0.568744
v -0.201578 -2.000000 -0.593062
v 0.607175 -2.000000 -0.067044
v -0.365659 -2.000000 -0.502714
v 0.605932 -2.000000 0.070145
v -0.417826 -2.000000 -0.372818
v -0.536379 -2.000000 -0.307981
v -0.605856 -2.000000 -0.127537
v 0.474621 -2.000000 0.376445
v 0.403043 -2.000000 0.460794
v -0.562884 -2.000000 -0.000864
v 0.294783 -2.000000 0.535683
v -0.607088 -2.000000 0.126028
v 0.080403 -2.000000 0.604775
v -0.539215 -2.000000 0.307846
v -0.432927 -2.000000 0.372368
v -0.348673 -2.000000 0.490180
v -0.243136 -2.000000 0.550438
v 0.337239 -2.000000 -0.496798
v 0.148424 -2.000000 -0.591681
v 0.430051 -2.000000 -0.433786
v 0.045011 -2.000000 -0.583130
v 0.580671 -2.000000 -0.172508
v -0.271106 -2.000000 -0.528377
v 0.555988 -2.000000 0.195904
v -0.536889 -2.000000 -0.204679
v 0.536981 -2.000000 0.303450
v 0.191059 -2.000000 0.572898
v -0.535895 -2.000000 0.205695
v -0.045209 -2.000000 0.586375
v -0.155640 -2.000000 0.599030
v 0.441158 -2.000000 -0.269836
v -0.101219 -2.000000 -0.449690
v 0.506029 -2.000000 -0.000327
v -0.294538 -2.000000 -0.335595
v -0.375047 -2.000000 -0.253661
v -0.449843 -2.000000 -0.059425
v 0.377462 -2.000000 0.350961
v 0.293755 -2.000000 0.416555
v -0.449030 -2.000000 0.055634
v -0.372773 -2.000000 0.260963
v -0.313238 -2.000000 0.368469
v -0.238059 -2.000000 0.444987
v 0.125901 -2.000000 -0.486187
v 0.237331 -2.000000 -0.439537
v 0.380414 -2.000000 -0.336564
v 0.491496 -2.000000 -0.197005
v 0.002680 -2.000000 -0.482082
v 0.495144 -2.000000 -0.105771
v 0.500924 -2.000000 0.099533
v 0.448673 -2.000000 0.265765
v 0.200886 -2.000000 0.465977
v 0.033591 -2.000000 0.491701
v 0.124142 -2.000000 0.510717
v -0.140875 -2.000000 0.507117
v -0.274348 -2.000000 -0.236087
v -0.366200 -2.000000 0.000160
v 0.278951 -2.000000 0.306360
v -0.273527 -2.000000 0.248384
v -0.208587 -2.000000 0.341653
v 0.437304 -2.000000 0.169567
v -0.056541 -2.000000 0.472075
v 0.333793 -2.000000 -0.249102
v 0.395193 -2.000000 -0.165184
v -0.192957 -2.000000 -0.308227
v -0.027815 -2.000000 -0.373013
v 0.408912 -2.000000 -0.052380
v 0.402349 -2.000000 0.058749
v -0.345603 -2.000000 -0.128490
v 0.358548 -2.000000 0.242368
v 0.194820 -2.000000 0.361737
v -0.341065 -2.000000 0.132792
v -0.124744 -2.000000 0.410727
v 0.059022 -2.000000 -0.401134
v 0.145634 -2.000000 -0.366421
v 0.102881 -2.000000 0.405442
v -0.164918 -2.000000 0.241924
v -0.442408 -2.000000 -0.167600
v -0.439672 -2.000000 0.168947
v -0.199075 -2.000000 -0.400475
v 0.259639 -2.000000 -0.330829
v -0.007137 -2.000000 0.366568
v -0.227329 -2.000000 -0.135932
v -0.177053 -2.000000 -0.220000
v -0.256482 -2.000000 0.043487
v -0.272819 -2.000000 -0.051526
v 0.184204 -2.000000 0.258954
v 0.261850 -2.000000 0.203928
v -0.222476 -2.000000 0.147853
v -0.112376 -2.000000 0.320410
v 0.335651 -2.000000 0.145119
v 0.281952 -2.000000 -0.161211
v 0.326294 -2.000000 -0.091013
v 0.046593 -2.000000 -0.293012
v 0.316381 -2.000000 -0.010081
v 0.101338 -2.000000 0.312986
v 0.239654 -2.000000 -0.233327
v -0.082347 -2.000000 -0.268155
v 0.304529 -2.000000 0.068439
v -0.109843 -2.000000 0.148537
v -0.049450 -2.000000 0.248463
v -0.162736 -2.000000 -0.036227
v 0.170320 -2.000000 0.159195
v 0.099446 -2.000000 0.206383
v 0.231003 -2.000000 -0.070188
v 0.156259 -2.000000 -0.268424
v -0.111308 -2.000000 -0.148177
v -0.164030 -2.000000 0.068728
v 0.170283 -2.000000 -0.153263
v -0.006875 -2.000000 -0.181063
v 0.227941 -2.000000 0.018887
v 0.008258 -2.000000 0.138563
v 0.090489 -2.000000 0.115580
v 0.090531 -2.000000 -0.197182
v -0.066965 -2.000000 0.041267
v -0.040180 -2.000000 -0.066064
v 0.135911 -2.000000 -0.040670
v 0.045257 -2.000000 0.021906
v 0.065508 -2.000000 -0.099396
v 0.149409 -2.000000 0.061096
v 0.033776 -2.000000 0.259628
v -0.515139 -2.000000 0.111378
v -1.245403 -0.999986 0.102061
v -1.232946 -1.000421 0.204522
v -1.211421 -0.999421 0.306806
v -1.179738 -0.996779 0.411920
v -0.561179 -0.951893 -1.116767
v 0.257319 -1.932060 -1.223161
v 0.174369 -1.916858 -1.237398
v 0.243264 -1.848337 -1.225766
v 0.075549 -1.909548 -1.247490
v 0.234569 -1.752134 -1.227377
v -0.027932 -1.911604 -1.249269
v 0.236123 -1.650684 -1.227089
v -0.130655 -1.911840 -1.243153
v 0.237755 -1.550089 -1.226787
v -0.231284 -1.911840 -1.227986
v 0.238627 -1.449782 -1.226625
v -0.330488 -1.911840 -1.205344
v 0.239084 -1.350000 -1.226541
v -0.427388 -1.911840 -1.174260
v 0.239084 -1.250000 -1.226541
v -0.521537 -1.911840 -1.135676
v 0.239084 -1.150000 -1.226541
v -0.612209 -1.911840 -1.089477
v 0.239084 -1.050000 -1.226541
v -0.698766 -1.911840 -1.035990
v 0.239084 -0.950000 -1.226541
v -0.780870 -1.911840 -0.975868
v 0.239047 -0.849999 -1.226547
v -0.857500 -1.911840 -0.908921
v 0.238998 -0.749979 -1.226557
v -0.928919 -1.911840 -0.836425
v 0.238777 -0.649809 -1.226598
v -0.993554 -1.911840 -0.757821
v 0.238690 -0.549575 -1.226614
v -1.052127 -1.911840 -0.674615
v 0.238492 -0.449440 -1.226650
v -1.103340 -1.911840 -0.586677
v 0.238511 -0.349267 -1.226647
v -1.147489 -1.911840 -0.495005
v 0.235512 -0.246960 -1.227203
v -1.183958 -1.911840 -0.400002
v 0.243264 -0.151663 -1.225766
v -1.212494 -1.911840 -0.302336
v 0.257319 -0.067940 -1.223161
v -1.233281 -1.911840 -0.202718
v -1.245432 -1.911840 -0.101691
v 0.174369 -0.083142 -1.237398
v -1.249999 -1.911840 -0.000028
v 0.075969 -0.090476 -1.247457
v -1.245437 -1.911840 0.101636
v -0.027581 -0.089511 -1.249278
v -1.233291 -1.911840 0.202663
v -0.129897 -0.089060 -1.243212
v -1.212507 -1.911840 0.302282
v -0.231284 -0.088160 -1.227986
v -1.183977 -1.911840 0.399949
v -0.330488 -0.088160 -1.205344
v -1.147510 -1.911840 0.494953
v -0.427388 -0.088160 -1.174260
v -1.103366 -1.911840 0.586628
v -0.521537 -0.088160 -1.135676
v -1.052157 -1.911840 0.674568
v -0.612209 -0.088160 -1.089477
v -0.993588 -1.911840 0.757777
v -0.698766 -0.088160 -1.035990
v -0.928957 -1.911840 0.836383
v -0.780870 -0.088160 -0.975868
v -0.856729 -1.911636 0.909653
v -0.857500 -0.088160 -0.908921
v -0.778613 -1.909549 0.977600
v -0.928919 -0.088160 -0.836425
v -0.698422 -1.916848 1.036226
v -0.993554 -0.088160 -0.757821
v -0.627241 -1.932053 1.081159
v -1.052127 -0.088160 -0.674615
v -1.103340 -0.088160 -0.586677
v -0.639427 -1.848333 1.073691
v -1.147489 -0.088160 -0.495005
v -0.646810 -1.752314 1.069166
v -1.183958 -0.088160 -0.400002
v -0.645615 -1.650851 1.069899
v -1.212494 -0.088160 -0.302336
v -0.644201 -1.550147 1.070765
v -1.233281 -0.088160 -0.202718
v -0.643472 -1.449827 1.071212
v -1.245432 -0.088160 -0.101691
v -0.643317 -1.349876 1.071307
v -1.249999 -0.088160 -0.000028
v -0.643042 -1.250000 1.071476
v -1.245437 -0.088160 0.101636
v -0.643042 -1.150000 1.071476
v -1.233291 -0.088160 0.202663
v -0.643042 -1.050000 1.071476
v -1.212507 -0.088160 0.302282
v -0.643042 -0.950000 1.071476
v -1.183977 -0.088160 0.399949
v -0.643042 -0.850000 1.071476
v -1.147510 -0.088160 0.494953
v -0.643294 -0.749851 1.071321
v -1.103366 -0.088160 0.586628
v -0.643356 -0.649770 1.071283
v -1.052157 -0.088160 0.674568
v -0.643467 -0.549656 1.071215
v -0.993588 -0.088160 0.757777
v -0.643870 -0.449395 1.070968
v -0.928693 -0.088858 0.836664
v -0.644066 -0.349261 1.070848
v -0.856522 -0.089804 0.909849
v -0.646420 -0.247422 1.069406
v -0.778502 -0.090800 0.977685
v -0.639426 -0.151439 1.073692
v -0.698321 -0.082962 1.036295
v -0.627583 -0.068208 1.080949
v 0.138643 -1.813999 -1.242101
v 0.025421 -1.824620 -1.249334
v 0.147113 -1.700799 -1.240986
v -0.078114 -1.823377 -1.247288
v 0.147983 -1.600385 -1.240872
v -0.180186 -1.823397 -1.236632
v 0.152325 -1.498835 -1.240300
v -0.281094 -1.823767 -1.217594
v 0.152810 -1.399346 -1.240236
v -0.379291 -1.823767 -1.190888
v 0.152925 -1.299697 -1.240221
v -0.474822 -1.823767 -1.155849
v 0.153040 -1.199933 -1.240206
v -0.567478 -1.823767 -1.113763
v 0.153055 -1.100000 -1.240204
v -0.655989 -1.823767 -1.063542
v 0.153055 -1.000000 -1.240204
v -0.740489 -1.823767 -1.006853
v 0.153055 -0.900000 -1.240204
v -0.819814 -1.823767 -0.943108
v 0.153055 -0.800000 -1.240204
v -0.893883 -1.823767 -0.873346
v 0.153055 -0.700000 -1.240204
v -0.961976 -1.823767 -0.797722
v 0.152431 -0.598838 -1.240286
v -1.023616 -1.823767 -0.716769
v 0.152304 -0.498372 -1.240303
v -1.078722 -1.823767 -0.631217
v 0.151580 -0.397642 -1.240398
v -1.126271 -1.823767 -0.541255
v 0.151677 -0.296736 -1.240385
v -1.166967 -1.823767 -0.447981
v 0.139365 -0.185097 -1.242006
v -1.199140 -1.823767 -0.351434
v -1.224005 -1.823767 -0.252764
v -1.240302 -1.823767 -0.152314
v -1.248667 -1.823767 -0.050910
v -1.248668 -1.823767 0.050854
v 0.025493 -0.178372 -1.249332
v -1.240309 -1.823767 0.152258
v -0.077932 -0.179420 -1.247302
v -1.224015 -1.823767 0.252709
v -0.180986 -0.176552 -1.236527
v -1.199156 -1.823767 0.351381
v -0.281094 -0.176233 -1.217594
v -1.166987 -1.823767 0.447928
v -0.379291 -0.176233 -1.190888
v -1.126295 -1.823767 0.541205
v -0.474822 -0.176233 -1.155849
v -1.078751 -1.823767 0.631169
v -0.567478 -0.176233 -1.113763
v -1.023648 -1.823767 0.716723
v -0.655989 -0.176233 -1.063542
v -0.961457 -1.823341 0.798331
v -0.740489 -0.176233 -1.006853
v -0.892824 -1.823642 0.874462
v -0.819814 -0.176233 -0.943108
v -0.817216 -1.824748 0.945327
v -0.893883 -0.176233 -0.873346
v -0.728119 -1.814245 1.015816
v -0.961976 -0.176233 -0.797722
v -1.023616 -0.176233 -0.716769
v -1.078722 -0.176233 -0.631217
v -1.126271 -0.176233 -0.541255
v -1.166967 -0.176233 -0.447981
v -0.721094 -1.701371 1.020644
v -1.199140 -0.176233 -0.351434
v -0.720335 -1.600602 1.021166
v -1.224005 -0.176233 -0.252764
v -0.716743 -1.499028 1.023635
v -1.240302 -0.176233 -0.152314
v -0.716446 -1.399419 1.023839
v -1.248667 -0.176233 -0.050910
v -0.716430 -1.299971 1.023850
v -1.248668 -0.176233 0.050854
v -0.716322 -1.200133 1.023924
v -1.240309 -0.176233 0.152258
v -0.716122 -1.099999 1.024061
v -1.224015 -0.176233 0.252709
v -0.716117 -1.000000 1.024065
v -1.199156 -0.176233 0.351381
v -0.716117 -0.900000 1.024065
v -1.166987 -0.176233 0.447928
v -0.716117 -0.800000 1.024065
v -1.126295 -0.176233 0.541205
v -0.716504 -0.699438 1.023799
v -1.078751 -0.176233 0.631169
v -0.716684 -0.599113 1.023675
v -1.023648 -0.176233 0.716723
v -0.716940 -0.498804 1.023499
v -0.962013 -0.176233 0.797680
v -0.718188 -0.398586 1.022641
v -0.892801 -0.179530 0.874487
v -0.718256 -0.298469 1.022595
v -0.817519 -0.179210 0.945068
v -0.728015 -0.185851 1.015887
v 0.067001 -1.744428 -1.248162
v -0.025266 -1.734503 -1.249338
v 0.046182 -1.650083 -1.248791
v -0.128517 -1.734709 -1.243321
v 0.065910 -1.544384 -1.248248
v -0.229741 -1.735120 -1.228272
v 0.065576 -1.447106 -1.248275
v -0.330488 -1.735693 -1.205344
v 0.065479 -1.348630 -1.248282
v -0.427388 -1.735693 -1.174260
v 0.065826 -1.249348 -1.248255
v -0.521537 -1.735693 -1.135676
v 0.066310 -1.150000 -1.248217
v -0.612209 -1.735693 -1.089477
v 0.066242 -1.049895 -1.248222
v -0.698766 -1.735693 -1.035990
v 0.066105 -0.949711 -1.248233
v -0.780870 -1.735693 -0.975868
v 0.065983 -0.849490 -1.248243
v -0.857500 -1.735693 -0.908921
v 0.065348 -0.748449 -1.248289
v -0.928919 -1.735693 -0.836425
v 0.064992 -0.647565 -1.248298
v -0.993554 -1.735693 -0.757821
v 0.065007 -0.546811 -1.248298
v -1.052127 -1.735693 -0.674615
v 0.065304 -0.445735 -1.248290
v -1.103340 -1.735693 -0.586677
v 0.060854 -0.344327 -1.248406
v -1.147489 -1.735693 -0.495005
v 0.070923 -0.256194 -1.247854
v -1.183958 -1.735693 -0.400002
v -1.212494 -1.735693 -0.302336
v -1.233281 -1.735693 -0.202718
v -1.245432 -1.735693 -0.101691
v -1.249999 -1.735693 -0.000028
v -1.245437 -1.735693 0.101636
v -0.024376 -0.278648 -1.249362
v -1.233291 -1.735693 0.202663
v -0.132458 -0.263333 -1.242916
v -1.212507 -1.735693 0.302282
v -0.231022 -0.265492 -1.228035
v -1.183977 -1.735693 0.399949
v -0.329614 -0.265681 -1.205603
v -1.147510 -1.735693 0.494953
v -0.427388 -0.264307 -1.174260
v -1.103366 -1.735693 0.586628
v -0.521537 -0.264307 -1.135676
v -1.052157 -1.735693 0.674568
v -0.612209 -0.264307 -1.089477
v -0.992771 -1.734293 0.758842
v -0.698766 -0.264307 -1.035990
v -0.927228 -1.735222 0.838208
v -0.780870 -0.264307 -0.975868
v -0.855997 -1.734817 0.910347
v -0.857500 -0.264307 -0.908921
v -0.785286 -1.744920 0.972480
v -0.928919 -0.264307 -0.836425
v -0.993554 -0.264307 -0.757821
v -1.052127 -0.264307 -0.674615
v -1.103340 -0.264307 -0.586677
v -1.147489 -0.264307 -0.495005
v -1.183958 -0.264307 -0.400002
v -0.801125 -1.650725 0.959070
v -1.212494 -0.264307 -0.302336
v -0.786417 -1.544628 0.971612
v -1.233281 -0.264307 -0.202718
v -0.786553 -1.447809 0.971507
v -1.245432 -0.264307 -0.101691
v -0.786929 -1.349801 0.971194
v -1.249999 -0.264307 -0.000028
v -0.786846 -1.250584 0.971265
v -1.245437 -0.264307 0.101636
v -0.785942 -1.150000 0.971976
v -1.233291 -0.264307 0.202663
v -0.785971 -1.050005 0.971954
v -1.212507 -0.264307 0.302282
v -0.785942 -0.950000 0.971976
v -1.183977 -0.264307 0.399949
v -0.785942 -0.850000 0.971976
v -1.147510 -0.264307 0.494953
v -0.786508 -0.749003 0.971542
v -1.103366 -0.264307 0.586628
v -0.786656 -0.648585 0.971427
v -1.051569 -0.266138 0.675526
v -0.787001 -0.547364 0.971133
v -0.993429 -0.265780 0.757983
v -0.787545 -0.446694 0.970669
v -0.930450 -0.263059 0.834635
v -0.791936 -0.346685 0.966918
v -0.855151 -0.279118 0.911150
v -0.783681 -0.258443 0.973711
v -0.068250 -1.649337 -1.248064
v -0.175512 -1.646088 -1.237248
v -0.023374 -1.491878 -1.249388
v -0.279720 -1.647841 -1.217924
v -0.023556 -1.396159 -1.249383
v -0.379291 -1.647619 -1.190888
v -0.022369 -1.298428 -1.249414
v -0.474822 -1.647619 -1.155849
v -0.021191 -1.199136 -1.249445
v -0.567478 -1.647619 -1.113763
v -0.020958 -1.099547 -1.249451
v -0.655989 -1.647619 -1.063542
v -0.021027 -0.999737 -1.249449
v -0.740489 -1.647619 -1.006853
v -0.021280 -0.899236 -1.249443
v -0.819814 -1.647619 -0.943108
v -0.022007 -0.797952 -1.249424
v -0.893883 -1.647619 -0.873346
v -0.023130 -0.695314 -1.249394
v -0.961976 -1.647619 -0.797722
v -0.024179 -0.592090 -1.249367
v -1.023616 -1.647619 -0.716769
v -0.023154 -0.490239 -1.249394
v -1.078722 -1.647619 -0.631217
v -0.019299 -0.390837 -1.249495
v -1.126271 -1.647619 -0.541255
v -1.166967 -1.647619 -0.447981
v -1.199140 -1.647619 -0.351434
v -1.224005 -1.647619 -0.252764
v -1.240302 -1.647619 -0.152314
v -1.248667 -1.647619 -0.050910
v -1.248668 -1.647619 0.050854
v -1.240309 -1.647619 0.152258
v -1.224015 -1.647619 0.252709
v -0.180740 -0.353184 -1.236559
v -1.199156 -1.647619 0.351381
v -0.276811 -0.358158 -1.218622
v -1.166987 -1.647619 0.447928
v -0.377134 -0.354594 -1.191527
v -1.126295 -1.647619 0.541205
v -0.474822 -0.352381 -1.155849
v -1.078625 -1.646131 0.631376
v -0.567478 -0.352381 -1.113763
v -1.023038 -1.644996 0.717611
v -0.655989 -0.352381 -1.063542
v -0.959327 -1.643993 0.800825
v -0.740489 -0.352381 -1.006853
v -0.885749 -1.651565 0.881918
v -0.819814 -0.352381 -0.943108
v -0.893883 -0.352381 -0.873346
v -0.961976 -0.352381 -0.797722
v -1.023616 -0.352381 -0.716769
v -1.078722 -0.352381 -0.631217
v -1.126271 -0.352381 -0.541255
v -1.166967 -0.352381 -0.447981
v -1.199140 -0.352381 -0.351434
v -1.224005 -0.352381 -0.252764
v -0.852717 -1.494664 0.913460
v -1.240302 -0.352381 -0.152314
v -0.853590 -1.399026 0.912631
v -1.248667 -0.352381 -0.050910
v -0.855295 -1.302341 0.911013
v -1.248668 -0.352381 0.050854
v -0.851799 -1.200283 0.914330
v -1.240309 -0.352381 0.152258
v -0.851586 -1.100101 0.914533
v -1.224015 -0.352381 0.252709
v -0.851523 -0.999908 0.914592
v -1.199156 -0.352381 0.351381
v -0.851594 -0.899697 0.914525
v -1.166987 -0.352381 0.447928
v -0.852146 -0.798624 0.914002
v -1.126295 -0.352381 0.541205
v -0.852832 -0.696855 0.913350
v -1.077413 -0.355263 0.633353
v -0.853395 -0.594946 0.912816
v -1.020792 -0.359310 0.720879
v -0.853157 -0.491887 0.913041
v -0.961002 -0.354412 0.798863
v -0.851850 -0.389562 0.914282
v -0.013067 -1.575403 -1.249658
v -0.096328 -0.342618 -1.245854
v -0.847434 -1.576299 0.918473
v -0.905372 -0.342266 0.861240
v -0.117682 -1.550306 -1.244174
v -0.229988 -1.561734 -1.228226
v -0.114345 -1.442410 -1.244436
v -0.329800 -1.560241 -1.205548
v -0.113361 -1.346151 -1.244514
v -0.427065 -1.559925 -1.174375
v -0.108841 -1.247436 -1.244870
v -0.521537 -1.559546 -1.135676
v -0.108097 -1.148680 -1.244928
v -0.612209 -1.559546 -1.089477
v -0.108263 -1.049518 -1.244915
v -0.698766 -1.559546 -1.035990
v -0.108372 -0.949356 -1.244907
v -0.780870 -1.559546 -0.975868
v -0.109084 -0.847647 -1.244850
v -0.857500 -1.559546 -0.908921
v -0.111201 -0.743956 -1.244684
v -0.928919 -1.559546 -0.836425
v -0.112615 -0.637418 -1.244573
v -0.993554 -1.559546 -0.757821
v -0.116342 -0.527555 -1.244279
v -1.052127 -1.559546 -0.674615
v -0.110887 -0.428688 -1.244709
v -1.103340 -1.559546 -0.586677
v -1.147489 -1.559546 -0.495005
v -1.183958 -1.559546 -0.400002
v -1.212494 -1.559546 -0.302336
v -1.233281 -1.559546 -0.202718
v -1.245432 -1.559546 -0.101691
v -1.249999 -1.559546 -0.000028
v -1.245437 -1.559546 0.101636
v -1.233291 -1.559546 0.202663
v -1.212507 -1.559546 0.302282
v -0.213330 -0.459705 -1.231314
v -1.183977 -1.559546 0.399949
v -0.325343 -0.444332 -1.206868
v -1.147510 -1.559546 0.494953
v -0.425135 -0.442574 -1.175058
v -1.103469 -1.557399 0.586438
v -0.521537 -0.440454 -1.135676
v -1.052307 -1.555579 0.674322
v -0.612209 -0.440454 -1.089477
v -0.993288 -1.552408 0.758168
v -0.698766 -0.440454 -1.035990
v -0.923261 -1.546796 0.842388
v -0.780870 -0.440454 -0.975868
v -0.857500 -0.440454 -0.908921
v -0.928919 -0.440454 -0.836425
v -0.993554 -0.440454 -0.757821
v -1.052127 -0.440454 -0.674615
v -1.103340 -0.440454 -0.586677
v -1.147489 -0.440454 -0.495005
v -1.183958 -0.440454 -0.400002
v -1.212494 -0.440454 -0.302336
v -1.233281 -0.440454 -0.202718
v -0.907291 -1.451499 0.859217
v -1.245432 -0.440454 -0.101691
v -0.926360 -1.359870 0.839122
v -1.249999 -0.440454 -0.000028
v -0.913136 -1.250000 0.853058
v -1.245437 -0.440454 0.101636
v -0.913347 -1.150189 0.852836
v -1.233291 -0.440454 0.202663
v -0.913136 -1.050000 0.853058
v -1.212507 -0.440454 0.302282
v -0.913081 -0.949637 0.853116
v -1.183977 -0.440454 0.399949
v -0.913533 -0.848390 0.852640
v -1.147067 -0.441623 0.496024
v -0.914877 -0.745952 0.851223
v -1.102095 -0.443273 0.588969
v -0.915676 -0.641518 0.850381
v -1.049095 -0.445867 0.679564
v -0.917766 -0.533648 0.848179
v -0.981703 -0.462890 0.773266
v -0.914734 -0.431290 0.851374
v -0.194808 -1.480862 -1.234707
v -0.281094 -1.471472 -1.217594
v -0.378262 -1.472969 -1.191193
v -0.196681 -1.291254 -1.234400
v -0.474237 -1.471620 -1.156091
v -0.194892 -1.195993 -1.234696
v -0.567478 -1.471472 -1.113763
v -0.195288 -1.098904 -1.234644
v -0.655989 -1.471472 -1.063542
v -0.195812 -0.999925 -1.234561
v -0.740489 -1.471472 -1.006853
v -0.194665 -0.899525 -1.234726
v -0.819814 -1.471472 -0.943108
v -0.196888 -0.795636 -1.234361
v -0.893883 -1.471472 -0.873346
v -0.203164 -0.687200 -1.233198
v -0.961976 -1.471472 -0.797722
v -0.199056 -0.576829 -1.233959
v -1.023616 -1.471472 -0.716769
v -1.078722 -1.471472 -0.631217
v -1.126271 -1.471472 -0.541255
v -1.166967 -1.471472 -0.447981
v -1.199140 -1.471472 -0.351434
v -1.224005 -1.471472 -0.252764
v -1.240302 -1.471472 -0.152314
v -1.248667 -1.471472 -0.050910
v -1.248668 -1.471472 0.050854
v -1.240309 -1.471472 0.152258
v -1.224015 -1.471472 0.252709
v -1.199156 -1.471472 0.351381
v -0.283344 -0.528892 -1.217054
v -1.167146 -1.470505 0.447478
v -0.374553 -0.534297 -1.192292
v -1.126622 -1.468865 0.540519
v -0.472769 -0.530664 -1.156699
v -1.079469 -1.465352 0.629999
v -0.567478 -0.528528 -1.113763
v -1.025198 -1.461087 0.714467
v -0.655989 -0.528528 -1.063542
v -0.967462 -1.454582 0.791299
v -0.740489 -0.528528 -1.006853
v -0.819814 -0.528528 -0.943108
v -0.893883 -0.528528 -0.873346
v -0.961976 -0.528528 -0.797722
v -1.023616 -0.528528 -0.716769
v -1.078722 -0.528528 -0.631217
v -1.126271 -0.528528 -0.541255
v -1.166967 -0.528528 -0.447981
v -1.199140 -0.528528 -0.351434
v -1.224005 -0.528528 -0.252764
v -1.240302 -0.528528 -0.152314
v -1.248667 -0.528528 -0.050910
v -0.968195 -1.288854 0.790441
v -1.248668 -0.528528 0.050854
v -0.971516 -1.200308 0.786542
v -1.240309 -0.528528 0.152258
v -0.970531 -1.100378 0.787705
v -1.224015 -0.528528 0.252709
v -0.970515 -1.000003 0.787725
v -1.199156 -0.528528 0.351381
v -0.970084 -0.899673 0.788229
v -1.166623 -0.529569 0.448810
v -0.971305 -0.796934 0.786800
v -1.125229 -0.531454 0.543440
v -0.975596 -0.689829 0.781224
v -1.075911 -0.535985 0.635805
v -0.972833 -0.581962 0.784825
v -1.024709 -0.531627 0.715180
v -0.213462 -1.392408 -1.231289
v -0.996538 -1.366824 0.753933
v -0.324044 -1.391740 -1.207253
v -0.424830 -1.384084 -1.175166
v -0.279982 -1.241709 -1.217861
v -0.521215 -1.383099 -1.135829
v -0.281051 -1.147420 -1.217604
v -0.612209 -1.383398 -1.089477
v -0.284031 -1.051315 -1.216889
v -0.698766 -1.383398 -1.035990
v -0.282016 -0.949284 -1.217372
v -0.780870 -1.383398 -0.975868
v -0.279026 -0.850016 -1.218090
v -0.857500 -1.383398 -0.908921
v -0.286014 -0.745768 -1.216413
v -0.928919 -1.383398 -0.836425
v -0.305449 -0.629827 -1.211747
v -0.993554 -1.383398 -0.757821
v -1.052127 -1.383398 -0.674615
v -1.103340 -1.383398 -0.586677
v -1.147489 -1.383398 -0.495005
v -1.183958 -1.383398 -0.400002
v -1.212494 -1.383398 -0.302336
v -1.233281 -1.383398 -0.202718
v -1.245432 -1.383398 -0.101691
v -1.249999 -1.383398 -0.000028
v -1.245437 -1.383398 0.101636
v -1.233291 -1.383398 0.202663
v -1.212507 -1.383398 0.302282
v -1.184327 -1.382462 0.398960
v -1.148142 -1.380772 0.493427
v -0.421860 -0.622497 -1.176218
v -1.104742 -1.376163 0.584093
v -0.520385 -0.617715 -1.136225
v -0.612251 -0.616519 -1.089454
v -0.698766 -0.616602 -1.035990
v -0.780870 -0.616602 -0.975868
v -0.857500 -0.616602 -0.908921
v -0.928919 -0.616602 -0.836425
v -0.993554 -0.616602 -0.757821
v -1.052127 -0.616602 -0.674615
v -1.103340 -0.616602 -0.586677
v -1.147489 -0.616602 -0.495005
v -1.183958 -0.616602 -0.400002
v -1.212494 -0.616602 -0.302336
v -1.233281 -0.616602 -0.202718
v -1.245432 -0.616602 -0.101691
v -1.249999 -0.616602 -0.000028
v -1.025179 -1.265495 0.714496
v -1.245437 -0.616602 0.101636
v -1.021607 -1.152820 0.719694
v -1.233291 -0.616602 0.202663
v -1.022857 -1.050666 0.717874
v -1.212507 -0.616602 0.302282
v -1.022476 -0.949461 0.718429
v -1.183826 -0.617619 0.400374
v -1.020403 -0.851293 0.721444
v -1.146788 -0.619741 0.496697
v -1.024436 -0.748298 0.715577
v -1.100279 -0.625437 0.592314
v -1.038785 -0.632092 0.694699
v -0.277397 -1.321561 -1.218481
v -1.054315 -1.368318 0.671046
v -0.373465 -1.293407 -1.192614
v -0.474822 -1.295325 -1.155849
v -0.351652 -1.199781 -1.199075
v -0.568515 -1.293637 -1.113201
v -0.378193 -1.107940 -1.191213
v -0.656539 -1.292970 -1.063205
v -0.367327 -0.997727 -1.194432
v -0.740858 -1.291968 -1.006570
v -0.369286 -0.896010 -1.193852
v -0.819990 -1.291012 -0.942958
v -0.353785 -0.805470 -1.198444
v -0.893908 -1.291308 -0.873320
v -0.385375 -0.717610 -1.189086
v -0.961985 -1.291711 -0.797713
v -1.023629 -1.291309 -0.716751
v -1.078736 -1.291235 -0.631194
v -1.126266 -1.290781 -0.541264
v -1.166955 -1.291366 -0.448009
v -1.199139 -1.291805 -0.351437
v -1.224009 -1.291363 -0.252743
v -1.240302 -1.290935 -0.152310
v -1.248668 -1.291818 -0.050885
v -1.248665 -1.290846 0.050991
v -1.240274 -1.291142 0.152521
v -1.223947 -1.291506 0.253075
v -1.199231 -1.292317 0.351126
v -1.168232 -1.294429 0.444412
v -1.128878 -1.286653 0.535790
v -0.476662 -0.707916 -1.155087
v -0.568932 -0.701919 -1.112974
v -0.655124 -0.706959 -1.064072
v -0.739653 -0.708056 -1.007495
v -0.819307 -0.709038 -0.943541
v -0.893693 -0.708900 -0.873546
v -0.961931 -0.708705 -0.797775
v -1.023628 -0.709178 -0.716753
v -1.078713 -0.708726 -0.631232
v -1.126275 -0.708243 -0.541247
v -1.166969 -0.709140 -0.447976
v -1.199135 -0.708694 -0.351452
v -1.224008 -0.708316 -0.252747
v -1.240301 -0.709198 -0.152322
v -1.248668 -0.708703 -0.050876
v -1.248664 -0.708667 0.051013
v -1.065500 -1.192966 0.652793
v -1.240250 -0.708710 0.152710
v -1.070688 -1.102247 0.644328
v -1.223850 -0.708350 0.253601
v -1.070623 -0.998428 0.644433
v -1.198865 -0.707364 0.352364
v -1.069862 -0.896007 0.645675
v -1.167205 -0.704916 0.447311
v -1.061756 -0.807533 0.658903
v -1.126406 -0.712572 0.540972
v -1.079715 -0.722767 0.629597
v -1.085253 -1.278672 0.619987
v -0.436097 -1.202493 -1.171176
v -0.525206 -1.204577 -1.133926
v -0.614178 -1.202419 -1.088408
v -0.442395 -1.038435 -1.168946
v -0.699823 -1.199973 -1.035263
v -0.462006 -0.939998 -1.161157
v -0.781265 -1.198670 -0.975565
v -0.446267 -0.817238 -1.167575
v -0.857658 -1.198140 -0.908770
v -0.928960 -1.197996 -0.836380
v -0.993580 -1.198061 -0.757787
v -1.052125 -1.198082 -0.674619
v -1.103342 -1.197945 -0.586672
v -1.147478 -1.198110 -0.495031
v -1.183947 -1.198277 -0.400034
v -1.212496 -1.198259 -0.302330
v -1.233282 -1.198109 -0.202711
v -1.245434 -1.198390 -0.101672
v -1.249998 -1.198227 0.000077
v -1.245407 -1.198008 0.102007
v -1.233135 -1.197586 0.203502
v -1.212086 -1.197823 0.304037
v -1.183251 -1.199927 0.402000
v -1.151431 -1.215782 0.485488
v -0.528286 -0.777737 -1.132456
v -0.607730 -0.794779 -1.091908
v -0.694664 -0.801871 -1.038809
v -0.779164 -0.802962 -0.977177
v -0.856975 -0.802367 -0.909419
v -0.928819 -0.801937 -0.836531
v -0.993609 -0.801559 -0.757750
v -1.052132 -0.802161 -0.674608
v -1.103357 -0.801875 -0.586644
v -1.147503 -0.801836 -0.494972
v -1.183952 -0.801989 -0.400019
v -1.212495 -0.801850 -0.302334
v -1.233283 -0.802212 -0.202705
v -1.245430 -0.801850 -0.101722
v -1.249997 -0.801802 0.000112
v -1.245404 -0.801626 0.102051
v -1.112609 -1.176804 0.569604
v -1.233055 -0.802054 0.203935
v -1.113304 -1.051688 0.568325
v -1.211746 -0.801579 0.305451
v -1.112870 -0.940132 0.569123
v -1.182228 -0.798797 0.404888
v -1.110471 -0.821780 0.573543
v -1.149382 -0.785059 0.490435
v -0.571214 -1.112302 -1.111735
v -0.658382 -1.105938 -1.062075
v -0.523567 -1.029547 -1.134707
v -0.741113 -1.101611 -1.006375
v -0.541027 -0.865636 -1.126379
v -0.820031 -1.100677 -0.942923
v -0.893930 -1.100200 -0.873296
v -0.961998 -1.100642 -0.797697
v -1.023644 -1.100005 -0.716729
v -1.078708 -1.100834 -0.631239
v -1.126280 -1.100544 -0.541235
v -1.166974 -1.100304 -0.447963
v -1.199127 -1.100699 -0.351476
v -1.224020 -1.100370 -0.252682
v -1.240301 -1.100984 -0.152322
v -1.248669 -1.100794 -0.050812
v -1.248662 -1.100666 0.051090
v -1.240194 -1.100328 0.153129
v -1.223476 -1.100175 0.255617
v -1.197049 -1.102592 0.358494
v -1.157071 -1.105670 0.471872
v -0.639846 -0.902215 -1.073434
v -0.736253 -0.900693 -1.010104
v -0.818717 -0.899741 -0.944045
v -0.893696 -0.899810 -0.873543
v -0.962025 -0.899087 -0.797665
v -1.023645 -0.899916 -0.716728
v -1.078714 -0.899464 -0.631229
v -1.126309 -0.899655 -0.541176
v -1.166955 -0.899814 -0.448010
v -1.199118 -0.899294 -0.351508
v -1.224016 -0.899628 -0.252708
v -1.240302 -0.899852 -0.152308
v -1.248669 -0.899004 -0.050830
v -1.248661 -0.899645 0.051146
v -1.240191 -0.899316 0.153154
v -1.223376 -0.898760 0.256159
v -1.145358 -0.997309 0.500150
v -1.196205 -0.896401 0.361343
v -1.155224 -0.887942 0.476330
v -0.479586 -1.117644 -1.153876
v -0.617325 -1.013691 -1.086699
v -0.697884 -1.002412 -1.036596
v -0.780870 -1.000000 -0.975868
v -0.857483 -0.999669 -0.908937
v -0.929030 -1.000040 -0.836297
v -0.993643 -1.000054 -0.757705
v -1.052142 -1.000098 -0.674592
v -1.103332 -1.000130 -0.586690
v -1.147475 -1.000178 -0.495039
v -1.183949 -0.999988 -0.400029
v -1.212495 -0.999547 -0.302331
v -1.233281 -1.000000 -0.202718
v -1.245418 -0.999950 -0.101871
v -1.249997 -0.999948 0.000106
v 1.164939 -0.999845 -0.452877
v 1.122289 -0.999116 -0.549603
v 1.069537 -0.996619 -0.646206
v 0.710521 -1.652121 -1.027911
v 0.324455 -0.948408 1.207131
v -0.505159 -1.930819 1.143283
v -0.426767 -1.915503 1.174480
v -0.332359 -1.909533 1.204790
v -0.482884 -1.750146 1.152510
v -0.230936 -1.911501 1.228051
v -0.484809 -1.650274 1.151712
v -0.129074 -1.911533 1.243277
v -0.486830 -1.550157 1.150875
v -0.027131 -1.911533 1.249290
v -0.488306 -1.449815 1.150264
v 0.074960 -1.911533 1.247536
v -0.488871 -1.350000 1.150029
v 0.176545 -1.911533 1.237112
v -0.488693 -1.250003 1.150103
v 0.276953 -1.911533 1.218588
v -0.488745 -1.150014 1.150082
v 0.375548 -1.911533 1.191997
v -0.488871 -1.050000 1.150029
v 0.471544 -1.911533 1.157207
v -0.488871 -0.950000 1.150029
v 0.564595 -1.911533 1.115138
v -0.488871 -0.850000 1.150029
v 0.653568 -1.911533 1.065025
v -0.488871 -0.750000 1.150029
v 0.738519 -1.911533 1.008365
v -0.488871 -0.650000 1.150029
v 0.818195 -1.911533 0.944491
v -0.488538 -0.549350 1.150168
v 0.892662 -1.911533 0.874633
v -0.488628 -0.448676 1.150130
v 0.961055 -1.911533 0.798801
v -0.488709 -0.345649 1.150097
v 1.023013 -1.911533 0.717647
v -0.488142 -0.235044 1.150332
v 1.078351 -1.911533 0.631822
v -0.497931 -0.108285 1.146277
v 1.126118 -1.911533 0.541575
v 1.166967 -1.911533 0.447981
v 1.199241 -1.911533 0.351094
v -0.418638 -0.077145 1.177359
v 1.224134 -1.911533 0.252067
v -0.333277 -0.089944 1.204518
v 1.240441 -1.911533 0.151259
v -0.232290 -0.089631 1.227800
v 1.248704 -1.911533 0.049491
v -0.130149 -0.089162 1.243193
v 1.248622 -1.911533 -0.052627
v -0.027131 -0.088467 1.249290
v 1.240031 -1.911533 -0.154369
v 0.074960 -0.088467 1.247536
v 1.223563 -1.911533 -0.255152
v 0.176545 -0.088467 1.237112
v 1.198349 -1.911533 -0.354102
v 0.276953 -0.088467 1.218588
v 1.165766 -1.911533 -0.450879
v 0.375548 -0.088467 1.191997
v 1.124767 -1.911533 -0.544407
v 0.471544 -0.088467 1.157207
v 1.076712 -1.911533 -0.634497
v 0.564595 -0.088467 1.115138
v 1.021236 -1.911533 -0.720233
v 0.653568 -0.088467 1.065025
v 0.959017 -1.911533 -0.801187
v 0.738519 -0.088467 1.008365
v 0.890502 -1.911533 -0.876909
v 0.818195 -0.088467 0.944491
v 0.815013 -1.911261 -0.947209
v 0.892662 -0.088467 0.874633
v 0.733499 -1.910316 -1.012118
v 0.961055 -0.088467 0.798801
v 0.645331 -1.909099 -1.070073
v 1.023013 -0.088467 0.717647
v 0.554579 -1.911048 -1.119915
v 1.078351 -0.088467 0.631822
v 0.466250 -1.918661 -1.159399
v 1.126118 -0.088467 0.541575
v 0.389610 -1.930805 -1.187638
v 1.166967 -0.088467 0.447981
v 1.199241 -0.088467 0.351094
v 1.224134 -0.088467 0.252067
v 0.413975 -1.755502 -1.179010
v 1.240441 -0.088467 0.151259
v 0.416251 -1.656973 -1.178204
v 1.248704 -0.088467 0.049491
v 0.409392 -1.552837 -1.180633
v 1.248622 -0.088467 -0.052627
v 0.407122 -1.450769 -1.181437
v 1.240031 -0.088467 -0.154369
v 0.406689 -1.350301 -1.181590
v 1.223563 -0.088467 -0.255152
v 0.406443 -1.250074 -1.181677
v 1.198349 -0.088467 -0.354102
v 0.406218 -1.150000 -1.181757
v 1.165766 -0.088467 -0.450879
v 0.406218 -1.050000 -1.181757
v 1.124767 -0.088467 -0.544407
v 0.406218 -0.950000 -1.181757
v 1.076712 -0.088467 -0.634497
v 0.406294 -0.849996 -1.181730
v 1.021236 -0.088467 -0.720233
v 0.406390 -0.749969 -1.181696
v 0.959017 -0.088467 -0.801187
v 0.406427 -0.649864 -1.181683
v 0.890502 -0.088467 -0.876909
v 0.406475 -0.549468 -1.181666
v 0.815809 -0.088467 -0.946528
v 0.406436 -0.448622 -1.181680
v 0.735154 -0.089090 -1.010947
v 0.406320 -0.345601 -1.181721
v 0.648866 -0.089417 -1.067906
v 0.406969 -0.235044 -1.181491
v 0.558228 -0.089778 -1.118175
v 0.396854 -0.108360 -1.185073
v 0.476718 -0.077450 -1.155064
v -0.491245 -1.841101 1.149046
v 0.403140 -1.843789 -1.182847
v -0.391004 -1.813101 1.187145
v -0.281966 -1.824443 1.217384
v -0.398390 -1.700481 1.184529
v -0.180667 -1.823173 1.236569
v -0.401024 -1.600187 1.183596
v -0.078784 -1.822638 1.247235
v -0.406630 -1.498832 1.181611
v 0.023928 -1.823275 1.249373
v -0.407324 -1.399413 1.181366
v 0.125879 -1.823275 1.243529
v -0.407563 -1.300000 1.181281
v 0.226923 -1.823275 1.228794
v -0.407357 -1.200068 1.181354
v 0.326575 -1.823275 1.206503
v -0.407563 -1.100000 1.181281
v 0.423876 -1.823275 1.175504
v -0.407563 -1.000000 1.181281
v 0.518495 -1.823275 1.137127
v -0.407563 -0.900000 1.181281
v 0.609558 -1.823275 1.090916
v -0.407563 -0.800000 1.181281
v 0.696572 -1.823275 1.037497
v -0.407563 -0.700000 1.181281
v 0.779040 -1.823275 0.977272
v -0.406983 -0.598866 1.181486
v 0.856084 -1.823275 0.910264
v -0.407272 -0.498502 1.181384
v 0.927820 -1.823275 0.837584
v -0.407613 -0.397439 1.181263
v 0.992798 -1.823275 0.758806
v -0.408808 -0.293799 1.180840
v 1.051664 -1.823275 0.675372
v -0.406224 -0.178285 1.181755
v 1.103086 -1.823275 0.587145
v 1.147421 -1.823275 0.495169
v 1.184018 -1.823275 0.399834
v 1.212618 -1.823275 0.301818
v 1.233442 -1.823275 0.201846
v -0.287253 -0.178203 1.216115
v 1.245530 -1.823275 0.100453
v -0.182549 -0.179532 1.236321
v 1.249959 -1.823275 -0.001568
v -0.078422 -0.176489 1.247264
v 1.245284 -1.823275 -0.103581
v 0.023928 -0.176725 1.249373
v 1.232871 -1.823275 -0.204931
v 0.125879 -0.176725 1.243529
v 1.211886 -1.823275 -0.304869
v 0.226923 -0.176725 1.228794
v 1.182970 -1.823275 -0.402792
v 0.326575 -0.176725 1.206503
v 1.146220 -1.823275 -0.498068
v 0.423876 -0.176725 1.175504
v 1.101588 -1.823275 -0.589902
v 0.518495 -0.176725 1.137127
v 1.050024 -1.823275 -0.678047
v 0.609558 -0.176725 1.090916
v 0.990888 -1.823275 -0.761296
v 0.696572 -0.176725 1.037497
v 0.925660 -1.823275 -0.839860
v 0.779040 -0.176725 0.977272
v 0.853389 -1.822785 -0.912822
v 0.856084 -0.176725 0.910264
v 0.774691 -1.822850 -0.980610
v 0.927820 -0.176725 0.837584
v 0.686785 -1.820042 -1.044224
v 0.992798 -0.176725 0.758806
v 0.589650 -1.817701 -1.101725
v 1.051664 -0.176725 0.675372
v 0.492478 -1.826439 -1.148536
v 1.103086 -0.176725 0.587145
v 1.147421 -0.176725 0.495169
v 1.184018 -0.176725 0.399834
v 1.212618 -0.176725 0.301818
v 1.233442 -0.176725 0.201846
v 0.517486 -1.723234 -1.137608
v 1.245530 -0.176725 0.100453
v 0.494938 -1.606256 -1.147517
v 1.249959 -0.176725 -0.001568
v 0.489747 -1.501900 -1.149667
v 1.245284 -0.176725 -0.103581
v 0.488629 -1.400586 -1.150130
v 1.232871 -0.176725 -0.204931
v 0.488412 -1.300408 -1.150220
v 1.211886 -0.176725 -0.304869
v 0.487786 -1.200137 -1.150479
v 1.182970 -0.176725 -0.402792
v 0.487553 -1.100000 -1.150576
v 1.146220 -0.176725 -0.498068
v 0.487553 -1.000000 -1.150576
v 1.101588 -0.176725 -0.589902
v 0.487554 -0.899998 -1.150575
v 1.050024 -0.176725 -0.678047
v 0.487566 -0.799992 -1.150570
v 0.990888 -0.176725 -0.761296
v 0.487735 -0.699841 -1.150500
v 0.925660 -0.176725 -0.839860
v 0.488092 -0.598993 -1.150352
v 0.853808 -0.176725 -0.912424
v 0.487736 -0.498416 -1.150500
v 0.776349 -0.176592 -0.979337
v 0.487321 -0.397091 -1.150672
v 0.691495 -0.179150 -1.040987
v 0.486018 -0.293374 -1.151211
v 0.599814 -0.177476 -1.096207
v 0.488887 -0.178293 -1.150023
v -0.321127 -1.743578 1.207983
v -0.231223 -1.734705 1.227998
v -0.302074 -1.649563 1.212557
v -0.131009 -1.733753 1.243106
v -0.323475 -1.544167 1.207419
v -0.028321 -1.733200 1.249258
v -0.323916 -1.447352 1.207291
v 0.074442 -1.733655 1.247577
v -0.323373 -1.349162 1.207444
v 0.176545 -1.735018 1.237112
v -0.323430 -1.250173 1.207430
v 0.276953 -1.735018 1.218588
v -0.324269 -1.150035 1.207187
v 0.375548 -1.735018 1.191997
v -0.324380 -1.050000 1.207154
v 0.471544 -1.735018 1.157207
v -0.324380 -0.950000 1.207154
v 0.564595 -1.735018 1.115138
v -0.323900 -0.849296 1.207296
v 0.653568 -1.735018 1.065025
v -0.323550 -0.748695 1.207400
v 0.738519 -1.735018 1.008365
v -0.323036 -0.647558 1.207524
v 0.818195 -1.735018 0.944491
v -0.322990 -0.546849 1.207535
v 0.892662 -1.735018 0.874633
v -0.324011 -0.447472 1.207263
v 0.961055 -1.735018 0.798801
v -0.323293 -0.348668 1.207463
v 1.023013 -1.735018 0.717647
v -0.329037 -0.258824 1.205774
v 1.078351 -1.735018 0.631822
v 1.126118 -1.735018 0.541575
v 1.166967 -1.735018 0.447981
v 1.199241 -1.735018 0.351094
v 1.224134 -1.735018 0.252067
v 1.240441 -1.735018 0.151259
v -0.235395 -0.279113 1.227224
v 1.248704 -1.735018 0.049491
v -0.126945 -0.262701 1.243445
v 1.248622 -1.735018 -0.052627
v -0.027641 -0.265771 1.249276
v 1.240031 -1.735018 -0.154369
v 0.074040 -0.266255 1.247609
v 1.223563 -1.735018 -0.255152
v 0.176545 -0.264982 1.237112
v 1.198349 -1.735018 -0.354102
v 0.276953 -0.264982 1.218588
v 1.165766 -1.735018 -0.450879
v 0.375548 -0.264982 1.191997
v 1.124767 -1.735018 -0.544407
v 0.471544 -0.264982 1.157207
v 1.076712 -1.735018 -0.634497
v 0.564595 -0.264982 1.115138
v 1.021236 -1.735018 -0.720233
v 0.653568 -0.264982 1.065025
v 0.959017 -1.735018 -0.801187
v 0.738519 -0.264982 1.008365
v 0.890638 -1.733951 -0.876765
v 0.818195 -0.264982 0.944491
v 0.816083 -1.733803 -0.946295
v 0.892662 -0.264982 0.874633
v 0.736030 -1.735018 -1.010275
v 0.961055 -0.264982 0.798801
v 0.635549 -1.727443 -1.076067
v 1.023013 -0.264982 0.717647
v 1.078351 -0.264982 0.631822
v 1.126118 -0.264982 0.541575
v 1.166967 -0.264982 0.447981
v 1.199241 -0.264982 0.351094
v 1.224134 -0.264982 0.252067
v 1.240441 -0.264982 0.151259
v 0.574748 -1.643393 -1.109816
v 1.248704 -0.264982 0.049491
v 0.570655 -1.550338 -1.112039
v 1.248622 -0.264982 -0.052627
v 0.568874 -1.450568 -1.113005
v 1.240031 -0.264982 -0.154369
v 0.568564 -1.350563 -1.113174
v 1.223563 -0.264982 -0.255152
v 0.567730 -1.250609 -1.113627
v 1.198349 -0.264982 -0.354102
v 0.566928 -1.150200 -1.114025
v 1.165766 -0.264982 -0.450879
v 0.566711 -1.050043 -1.114129
v 1.124767 -0.264982 -0.544407
v 0.566682 -0.950000 -1.114143
v 1.076712 -0.264982 -0.634497
v 0.566682 -0.850000 -1.114143
v 1.021236 -0.264982 -0.720233
v 0.567208 -0.749337 -1.113892
v 0.959017 -0.264982 -0.801187
v 0.567418 -0.649121 -1.113792
v 0.889817 -0.266630 -0.877631
v 0.567703 -0.547205 -1.113641
v 0.815848 -0.265813 -0.946495
v 0.566788 -0.447111 -1.114092
v 0.737680 -0.262633 -1.009009
v 0.567080 -0.347195 -1.113953
v 0.645429 -0.277546 -1.070013
v 0.561489 -0.257636 -1.116620
v -0.188878 -1.647010 1.235488
v -0.082008 -1.641728 1.246981
v -0.238230 -1.493210 1.226699
v 0.022845 -1.642953 1.249402
v -0.237753 -1.397794 1.226787
v 0.125727 -1.644838 1.243541
v -0.235451 -1.301217 1.227214
v 0.226923 -1.646760 1.228794
v -0.239436 -1.200000 1.226475
v 0.326575 -1.646760 1.206503
v -0.239436 -1.100000 1.226475
v 0.423876 -1.646760 1.175504
v -0.239436 -1.000000 1.226475
v 0.518495 -1.646760 1.137127
v -0.239137 -0.899527 1.226531
v 0.609558 -1.646760 1.090916
v -0.238082 -0.797841 1.226726
v 0.696572 -1.646760 1.037497
v -0.236965 -0.695383 1.226933
v 0.779040 -1.646760 0.977272
v -0.235923 -0.592008 1.227126
v 0.856084 -1.646760 0.910264
v -0.236708 -0.489645 1.226981
v 0.927820 -1.646760 0.837584
v -0.240834 -0.389202 1.226216
v 0.992798 -1.646760 0.758806
v 1.051664 -1.646760 0.675372
v 1.103086 -1.646760 0.587145
v 1.147421 -1.646760 0.495169
v 1.184018 -1.646760 0.399834
v 1.212618 -1.646760 0.301818
v 1.233442 -1.646760 0.201846
v 1.245530 -1.646760 0.100453
v 1.249959 -1.646760 -0.001568
v -0.079960 -0.353585 1.247143
v 1.245284 -1.646760 -0.103581
v 0.019233 -0.358454 1.249496
v 1.232871 -1.646760 -0.204931
v 0.123566 -0.355231 1.243711
v 1.211886 -1.646760 -0.304869
v 0.226923 -0.353240 1.228794
v 1.182970 -1.646760 -0.402792
v 0.326575 -0.353240 1.206503
v 1.146220 -1.646760 -0.498068
v 0.423876 -0.353240 1.175504
v 1.101588 -1.646760 -0.589902
v 0.518495 -0.353240 1.137127
v 1.050024 -1.646760 -0.678047
v 0.609558 -0.353240 1.090916
v 0.990888 -1.646760 -0.761296
v 0.696572 -0.353240 1.037497
v 0.925863 -1.644854 -0.839646
v 0.779040 -0.353240 0.977272
v 0.854458 -1.643737 -0.911807
v 0.856084 -0.353240 0.910264
v 0.779721 -1.642735 -0.976750
v 0.927820 -0.353240 0.837584
v 0.647183 -1.606042 -1.068938
v 0.992798 -0.353240 0.758806
v 1.051664 -0.353240 0.675372
v 1.103086 -0.353240 0.587145
v 1.147421 -0.353240 0.495169
v 1.184018 -0.353240 0.399834
v 1.212618 -0.353240 0.301818
v 1.233442 -0.353240 0.201846
v 1.245530 -0.353240 0.100453
v 1.249959 -0.353240 -0.001568
v 0.645763 -1.502376 -1.069808
v 1.245284 -0.353240 -0.103581
v 0.646113 -1.400055 -1.069594
v 1.232871 -0.353240 -0.204931
v 0.647234 -1.302506 -1.068907
v 1.211886 -0.353240 -0.304869
v 0.643089 -1.200303 -1.071447
v 1.182970 -0.353240 -0.402792
v 0.642846 -1.100096 -1.071596
v 1.146220 -0.353240 -0.498068
v 0.642736 -1.000000 -1.071663
v 1.101588 -0.353240 -0.589902
v 0.642736 -0.900000 -1.071663
v 1.050024 -0.353240 -0.678047
v 0.643553 -0.798641 -1.071162
v 0.990888 -0.353240 -0.761296
v 0.644405 -0.696940 -1.070640
v 0.923903 -0.355989 -0.841711
v 0.645056 -0.594686 -1.070241
v 0.850339 -0.359732 -0.915716
v 0.644176 -0.491412 -1.070781
v 0.776551 -0.353240 -0.979182
v 0.640480 -0.388886 -1.073045
v -0.246848 -1.574939 1.225102
v -0.166228 -0.342148 1.238470
v 0.704245 -0.341635 -1.032224
v -0.137658 -1.544683 1.242231
v -0.027490 -1.549985 1.249280
v -0.162738 -1.448755 1.238929
v 0.075444 -1.553177 1.247498
v -0.136814 -1.356717 1.242342
v 0.176890 -1.555604 1.237066
v -0.153579 -1.249146 1.240135
v 0.277141 -1.557202 1.218543
v -0.153461 -1.149455 1.240151
v 0.375548 -1.558502 1.191997
v -0.153238 -1.049667 1.240180
v 0.471544 -1.558502 1.157207
v -0.152932 -0.949288 1.240220
v 0.564595 -1.558502 1.115138
v -0.151952 -0.847672 1.240349
v 0.653568 -1.558502 1.065025
v -0.149803 -0.744162 1.240632
v 0.738519 -1.558502 1.008365
v -0.147931 -0.637693 1.240879
v 0.818195 -1.558502 0.944491
v -0.144221 -0.527828 1.241367
v 0.892662 -1.558502 0.874633
v -0.149145 -0.428541 1.240719
v 0.961055 -1.558502 0.798801
v 1.023013 -1.558502 0.717647
v 1.078351 -1.558502 0.631822
v 1.126118 -1.558502 0.541575
v 1.166967 -1.558502 0.447981
v 1.199241 -1.558502 0.351094
v 1.224134 -1.558502 0.252067
v 1.240441 -1.558502 0.151259
v 1.248704 -1.558502 0.049491
v 1.248622 -1.558502 -0.052627
v -0.045383 -0.459266 1.248812
v 1.240031 -1.558502 -0.154369
v 0.069530 -0.444849 1.247963
v 1.223563 -1.558502 -0.255152
v 0.174081 -0.443502 1.237436
v 1.198349 -1.558502 -0.354102
v 0.276953 -0.441498 1.218588
v 1.165766 -1.558502 -0.450879
v 0.375548 -0.441498 1.191997
v 1.124767 -1.558502 -0.544407
v 0.471544 -0.441498 1.157207
v 1.076712 -1.558502 -0.634497
v 0.564595 -0.441498 1.115138
v 1.021236 -1.558502 -0.720233
v 0.653568 -0.441498 1.065025
v 0.959304 -1.555900 -0.800851
v 0.738519 -0.441498 1.008365
v 0.891284 -1.553006 -0.876085
v 0.818195 -0.441498 0.944491
v 0.816310 -1.549921 -0.946101
v 0.892662 -0.441498 0.874633
v 0.961055 -0.441498 0.798801
v 0.729811 -1.546900 -1.014653
v 1.023013 -0.441498 0.717647
v 1.078351 -0.441498 0.631822
v 1.126118 -0.441498 0.541575
v 1.166967 -0.441498 0.447981
v 1.199241 -0.441498 0.351094
v 1.224134 -0.441498 0.252067
v 1.240441 -0.441498 0.151259
v 1.248704 -0.441498 0.049491
v 1.248622 -0.441498 -0.052627
v 0.708960 -1.451348 -1.028984
v 1.240031 -0.441498 -0.154369
v 0.731673 -1.359345 -1.013373
v 1.223563 -0.441498 -0.255152
v 0.715821 -1.250000 -1.024268
v 1.198349 -0.441498 -0.354102
v 0.715945 -1.149997 -1.024183
v 1.165766 -0.441498 -0.450879
v 0.715821 -1.050000 -1.024268
v 1.124767 -0.441498 -0.544407
v 0.715821 -0.950000 -1.024268
v 1.076712 -0.441498 -0.634497
v 0.716271 -0.848805 -1.023959
v 1.020547 -0.442659 -0.721235
v 0.718157 -0.746048 -1.022663
v 0.957198 -0.444247 -0.803317
v 0.719131 -0.641926 -1.021993
v 0.886250 -0.446663 -0.881390
v 0.721847 -0.533500 -1.020126
v 0.800423 -0.462944 -0.959670
v 0.717532 -0.430826 -1.023092
v -0.069763 -1.450625 1.247945
v 0.027125 -1.458208 1.249290
v 0.127840 -1.462179 1.243374
v -0.072587 -1.285079 1.247723
v 0.227943 -1.466549 1.228605
v -0.066258 -1.197421 1.248221
v 0.327052 -1.468873 1.206362
v -0.066452 -1.099077 1.248206
v 0.423876 -1.470244 1.175504
v -0.065834 -0.999623 1.248254
v 0.518495 -1.470244 1.137127
v -0.066058 -0.899363 1.248237
v 0.609558 -1.470244 1.090916
v -0.063618 -0.795758 1.248334
v 0.696572 -1.470244 1.037497
v -0.057411 -0.687667 1.248497
v 0.779040 -1.470244 0.977272
v -0.061174 -0.577499 1.248398
v 0.856084 -1.470244 0.910264
v 0.927820 -1.470244 0.837584
v 0.992798 -1.470244 0.758806
v 1.051664 -1.470244 0.675372
v 1.103086 -1.470244 0.587145
v 1.147421 -1.470244 0.495169
v 1.184018 -1.470244 0.399834
v 1.212618 -1.470244 0.301818
v 1.233442 -1.470244 0.201846
v 1.245530 -1.470244 0.100453
v 1.249959 -1.470244 -0.001568
v 1.245284 -1.470244 -0.103581
v 0.025841 -0.529326 1.249323
v 1.232871 -1.470244 -0.204931
v 0.120535 -0.535307 1.243949
v 1.211886 -1.470244 -0.304869
v 0.224584 -0.531807 1.229228
v 1.182970 -1.470244 -0.402792
v 0.326575 -0.529756 1.206503
v 1.146220 -1.470244 -0.498068
v 0.423876 -0.529756 1.175504
v 1.101588 -1.470244 -0.589902
v 0.518495 -0.529756 1.137127
v 1.050295 -1.468766 -0.677605
v 0.609558 -0.529756 1.090916
v 0.991545 -1.466752 -0.760440
v 0.696572 -0.529756 1.037497
v 0.927071 -1.462833 -0.838373
v 0.779040 -0.529756 0.977272
v 0.856444 -1.458744 -0.909923
v 0.856084 -0.529756 0.910264
v 0.782923 -1.452867 -0.974293
v 0.927820 -0.529756 0.837584
v 0.992798 -0.529756 0.758806
v 1.051664 -0.529756 0.675372
v 1.103086 -0.529756 0.587145
v 1.147421 -0.529756 0.495169
v 1.184018 -0.529756 0.399834
v 1.212618 -0.529756 0.301818
v 1.233442 -0.529756 0.201846
v 1.245530 -0.529756 0.100453
v 1.249959 -0.529756 -0.001568
v 1.245284 -0.529756 -0.103581
v 1.232871 -0.529756 -0.204931
v 0.781955 -1.287522 -0.975036
v 1.211886 -0.529756 -0.304869
v 0.786731 -1.199364 -0.971364
v 1.182970 -0.529756 -0.402792
v 0.785658 -1.100000 -0.972194
v 1.146220 -0.529756 -0.498068
v 0.785658 -1.000000 -0.972194
v 1.101588 -0.529756 -0.589902
v 0.785094 -0.899661 -0.972627
v 1.049485 -0.530826 -0.678927
v 0.786827 -0.796971 -0.971281
v 0.989297 -0.532650 -0.763369
v 0.792569 -0.690053 -0.966378
v 0.921660 -0.537025 -0.844076
v 0.790073 -0.582464 -0.968510
v 0.854780 -0.532588 -0.911502
v -0.025088 -1.364087 1.249343
v 0.818705 -1.365258 -0.944055
v 0.180552 -1.371657 1.236584
v 0.025203 -1.261330 1.249340
v 0.279011 -1.377783 1.218094
v 0.018892 -1.149646 1.249505
v 0.376328 -1.381096 1.191766
v 0.022750 -1.049629 1.249404
v 0.471544 -1.381986 1.157207
v 0.023345 -0.949417 1.249389
v 0.564595 -1.381986 1.115138
v 0.020118 -0.850200 1.249473
v 0.653568 -1.381986 1.065025
v 0.027636 -0.745940 1.249276
v 0.738519 -1.381986 1.008365
v 0.048177 -0.630705 1.248738
v 0.818195 -1.381986 0.944491
v 0.892662 -1.381986 0.874633
v 0.961055 -1.381986 0.798801
v 1.023013 -1.381986 0.717647
v 1.078351 -1.381986 0.631822
v 1.126118 -1.381986 0.541575
v 1.166967 -1.381986 0.447981
v 1.199241 -1.381986 0.351094
v 1.224134 -1.381986 0.252067
v 1.240441 -1.381986 0.151259
v 1.248704 -1.381986 0.049491
v 1.248622 -1.381986 -0.052627
v 1.240031 -1.381986 -0.154369
v 1.223563 -1.381986 -0.255152
v 0.170162 -0.623509 1.237952
v 1.198349 -1.381986 -0.354102
v 0.275469 -0.618770 1.218944
v 1.165766 -1.381986 -0.450879
v 0.375493 -0.617640 1.192013
v 1.124767 -1.381986 -0.544407
v 0.471301 -0.618931 1.157307
v 1.077182 -1.380374 -0.633730
v 0.564595 -0.618014 1.115138
v 1.022273 -1.377887 -0.718724
v 0.653568 -0.618014 1.065025
v 0.961712 -1.372340 -0.798032
v 0.738519 -0.618014 1.008365
v 0.818195 -0.618014 0.944491
v 0.892662 -0.618014 0.874633
v 0.961055 -0.618014 0.798801
v 1.023013 -0.618014 0.717647
v 1.078351 -0.618014 0.631822
v 1.126118 -0.618014 0.541575
v 1.166967 -0.618014 0.447981
v 1.199241 -0.618014 0.351094
v 1.224134 -0.618014 0.252067
v 1.240441 -0.618014 0.151259
v 1.248704 -0.618014 0.049491
v 1.248622 -0.618014 -0.052627
v 1.240031 -0.618014 -0.154369
v 1.223563 -0.618014 -0.255152
v 0.855713 -1.262684 -0.910616
v 1.198349 -0.618014 -0.354102
v 0.849817 -1.151251 -0.916211
v 1.165766 -0.618014 -0.450879
v 0.851227 -1.050083 -0.914873
v 1.124767 -0.618014 -0.544407
v 0.850846 -0.949678 -0.915235
v 1.076712 -0.618014 -0.634497
v 0.848325 -0.851264 -0.917627
v 1.020001 -0.621265 -0.722030
v 0.854031 -0.748329 -0.912212
v 0.954525 -0.626719 -0.806446
v 0.872789 -0.633006 -0.894411
v 0.079084 -1.363999 1.247212
v 0.893920 -1.364618 -0.873308
v 0.233268 -1.282702 1.227619
v 0.098537 -1.189576 1.245681
v 0.330053 -1.291994 1.205473
v 0.110204 -1.101179 1.244762
v 0.424252 -1.291197 1.175371
v 0.115100 -0.999105 1.244377
v 0.518390 -1.290416 1.137177
v 0.114004 -0.896171 1.244463
v 0.609416 -1.289701 1.090993
v 0.097446 -0.805777 1.245766
v 0.696522 -1.290461 1.037532
v 0.130957 -0.718257 1.243113
v 0.779010 -1.289766 0.977296
v 0.856101 -1.290112 0.910248
v 0.927815 -1.290120 0.837589
v 0.992813 -1.290498 0.758787
v 1.051679 -1.289639 0.675348
v 1.103093 -1.290367 0.587131
v 1.147431 -1.289945 0.495145
v 1.184013 -1.289622 0.399848
v 1.212624 -1.290490 0.301796
v 1.233444 -1.289566 0.201838
v 1.245526 -1.290059 0.100500
v 1.249959 -1.290509 -0.001573
v 1.245282 -1.290062 -0.103605
v 1.232863 -1.289581 -0.204970
v 1.211872 -1.290371 -0.304927
v 0.228509 -0.708739 1.228501
v 1.182867 -1.289494 -0.403085
v 0.327888 -0.702806 1.206115
v 1.146025 -1.290097 -0.498539
v 0.422919 -0.707980 1.175843
v 1.101589 -1.290208 -0.589900
v 0.517410 -0.709582 1.137644
v 1.051723 -1.290738 -0.675276
v 0.608886 -0.709896 1.091281
v 0.994809 -1.281029 -0.756186
v 0.696331 -0.710535 1.037663
v 0.779026 -0.709635 0.977283
v 0.856090 -0.710487 0.910258
v 0.927816 -0.710122 0.837588
v 0.992788 -0.709703 0.758819
v 1.051651 -0.710404 0.675393
v 1.103077 -0.709537 0.587160
v 1.147432 -0.709948 0.495143
v 1.184015 -0.710399 0.399843
v 1.212618 -0.709500 0.301821
v 1.233446 -0.710394 0.201825
v 1.245527 -0.710034 0.100488
v 1.249959 -0.709562 -0.001555
v 1.245282 -0.710357 -0.103595
v 1.232868 -0.709627 -0.204946
v 1.211840 -0.710452 -0.305061
v 0.906814 -1.190788 -0.859719
v 1.182798 -0.710071 -0.403278
v 0.913270 -1.100994 -0.852916
v 1.145807 -0.709695 -0.499066
v 0.913075 -0.999836 -0.853122
v 1.100971 -0.709031 -0.591039
v 0.912461 -0.896317 -0.853769
v 1.050123 -0.706791 -0.677886
v 0.902035 -0.808313 -0.864756
v 0.990622 -0.714541 -0.761642
v 0.926306 -0.723928 -0.839180
v 0.140008 -1.271381 1.241922
v 0.935752 -1.271528 -0.828427
v 0.287033 -1.210562 1.216168
v 0.197414 -1.172418 1.234264
v 0.374040 -1.199602 1.192444
v 0.200200 -1.059104 1.233747
v 0.470480 -1.198401 1.157647
v 0.215641 -0.942642 1.230886
v 0.564018 -1.197232 1.115413
v 0.196348 -0.818180 1.234461
v 0.653327 -1.197077 1.065173
v 0.738432 -1.197175 1.008432
v 0.818214 -1.197588 0.944475
v 0.892702 -1.197020 0.874591
v 0.961070 -1.197366 0.798783
v 1.023038 -1.197040 0.717611
v 1.078378 -1.196884 0.631778
v 1.126137 -1.196851 0.541535
v 1.166966 -1.196728 0.447982
v 1.199241 -1.197373 0.351093
v 1.224143 -1.196997 0.252021
v 1.240438 -1.196731 0.151279
v 1.248703 -1.197356 0.049541
v 1.248622 -1.197110 -0.052635
v 1.240026 -1.196991 -0.154409
v 1.223549 -1.196895 -0.255227
v 1.198251 -1.196924 -0.354434
v 0.284309 -0.777925 1.216822
v 1.165429 -1.196622 -0.451692
v 0.370844 -0.794774 1.193390
v 1.123859 -1.196260 -0.546310
v 0.467028 -0.803054 1.159077
v 1.075306 -1.197027 -0.636791
v 0.562617 -0.803969 1.116081
v 1.026231 -1.208324 -0.712965
v 0.653019 -0.803451 1.065362
v 0.738417 -0.803174 1.008443
v 0.818215 -0.803068 0.944474
v 0.892676 -0.803284 0.874618
v 0.961054 -0.803418 0.798802
v 1.022992 -0.803197 0.717678
v 1.078329 -0.803040 0.631858
v 1.126124 -0.802723 0.541563
v 1.166965 -0.803204 0.447986
v 1.199236 -0.802880 0.351111
v 1.224145 -0.802699 0.252012
v 1.240437 -0.803316 0.151282
v 1.248703 -0.803028 0.049525
v 1.248622 -0.802873 -0.052614
v 1.240027 -0.803146 -0.154396
v 1.223544 -0.803075 -0.255252
v 1.198214 -0.803067 -0.354559
v 0.972121 -1.171405 -0.785753
v 1.165201 -0.803152 -0.452244
v 0.972250 -1.055002 -0.785585
v 1.123148 -0.803057 -0.547803
v 0.970817 -0.945221 -0.787371
v 1.073569 -0.800687 -0.639625
v 0.967865 -0.824578 -0.790827
v 1.023506 -0.787861 -0.716929
v 0.302746 -1.110481 1.212396
v 0.419148 -1.104413 1.177178
v 0.275997 -1.018635 1.218818
v 0.516717 -1.101490 1.137975
v 0.299313 -0.864993 1.213220
v 0.608862 -1.099899 1.091294
v 0.696387 -1.099964 1.037625
v 0.779047 -1.100786 0.977266
v 0.856161 -1.100543 0.910191
v 0.927867 -1.099914 0.837535
v 0.992843 -1.099853 0.758748
v 1.051685 -1.099920 0.675337
v 1.103115 -1.099651 0.587090
v 1.147452 -1.099307 0.495094
v 1.184027 -1.100086 0.399808
v 1.212635 -1.099968 0.301750
v 1.233439 -1.099600 0.201861
v 1.245520 -1.099706 0.100577
v 1.249959 -1.100121 -0.001551
v 1.245286 -1.099994 -0.103547
v 1.232870 -1.099626 -0.204932
v 1.211850 -1.100049 -0.305021
v 1.182695 -1.099517 -0.403569
v 1.145109 -1.099995 -0.500750
v 0.406301 -0.901871 1.181728
v 1.097642 -1.100715 -0.597170
v 0.513506 -0.900961 1.139506
v 1.035303 -1.103871 -0.699765
v 0.608160 -0.900579 1.091675
v 0.696333 -0.900627 1.037662
v 0.779119 -0.900473 0.977212
v 0.856111 -0.900608 0.910238
v 0.927833 -0.900610 0.837570
v 0.992820 -0.900464 0.758778
v 1.051633 -0.900320 0.675422
v 1.103063 -0.900235 0.587185
v 1.147438 -0.900342 0.495127
v 1.184026 -0.900038 0.399811
v 1.212619 -0.899745 0.301816
v 1.233442 -0.900519 0.201849
v 1.245520 -0.900372 0.100580
v 1.249961 -0.900199 -0.001508
v 1.245293 -0.900124 -0.103467
v 1.232870 -0.900483 -0.204935
v 1.211827 -0.900156 -0.305116
v 1.182623 -0.900249 -0.403773
v 1.144713 -0.899529 -0.501707
v 1.017239 -0.997694 -0.726048
v 1.096050 -0.898366 -0.600102
v 1.031774 -0.889582 -0.704900
v 0.380128 -1.012257 1.190640
v 0.468784 -1.002528 1.158350
v 0.562635 -1.000752 1.116073
v 0.652868 -1.000272 1.065454
v 0.738492 -1.000647 1.008386
v 0.818275 -1.001348 0.944422
v 0.892823 -1.000543 0.874463
v 0.961044 -1.000171 0.798813
v 1.022883 -1.000000 0.717837
v 1.078261 -0.999361 0.631969
v 1.126156 -1.000010 0.541495
v 1.167011 -1.000013 0.447860
v 1.199252 -1.000023 0.351057
v 1.224176 -0.999949 0.251840
v 1.240433 -1.000000 0.151313
v 1.248696 -1.000058 0.049789
v 1.248625 -0.999996 -0.052498
v 1.240043 -1.000096 -0.154280
v 1.223564 -1.000519 -0.255143
v 1.198229 -1.000012 -0.354509
v 0.018026 0.000000 -0.032021
v -0.298769 0.000000 0.534632
v 0.191962 0.000000 -0.470642
v -0.278009 0.000000 -0.432294
v -0.306177 0.000000 1.119117
v -0.213568 0.000000 1.140361
v -0.396159 0.000000 1.090494
v -0.119767 0.000000 1.154032
v -0.484472 0.000000 1.054434
v -0.025305 0.000000 1.159920
v -0.568273 0.000000 1.011994
v 0.069842 0.000000 1.158160
v -0.649184 0.000000 0.961984
v 0.163641 0.000000 1.148654
v -0.724990 0.000000 0.906251
v 0.257444 0.000000 1.131347
v -0.796468 0.000000 0.844045
v 0.348380 0.000000 1.106740
v -0.861338 0.000000 0.775699
v 0.437949 0.000000 1.074371
v -0.922718 0.000000 0.703822
v 0.524008 0.000000 1.035160
v -0.977109 0.000000 0.626226
v 0.606802 0.000000 0.988848
v -1.024610 0.000000 0.545012
v 0.685651 0.000000 0.935967
v -1.065862 0.000000 0.459326
v 0.759530 0.000000 0.877045
v -1.099459 0.000000 0.371796
v 0.829010 0.000000 0.811800
v -1.126132 0.000000 0.280516
v 0.892086 0.000000 0.741923
v -1.145171 0.000000 0.188374
v 0.949973 0.000000 0.666109
v -1.156667 0.000000 0.094316
v 1.000969 0.000000 0.586727
v -1.159173 0.000000 0.000068
v 1.045598 0.000000 0.502760
v -1.156663 0.000000 -0.094367
v 1.083159 0.000000 0.415809
v -1.145163 0.000000 -0.188426
v 1.113431 0.000000 0.326057
v -1.126120 0.000000 -0.280565
v 1.136453 0.000000 0.233798
v -1.099443 0.000000 -0.371845
v 1.151676 0.000000 0.140681
v -1.065842 0.000000 -0.459374
v 1.159392 0.000000 0.045607
v -1.024586 0.000000 -0.545057
v 1.159277 0.000000 -0.048526
v -0.977080 0.000000 -0.626271
v 1.151304 0.000000 -0.143506
v -0.922687 0.000000 -0.703862
v 1.135831 0.000000 -0.236727
v -0.861487 0.000000 -0.775580
v 1.112622 0.000000 -0.328788
v -0.796432 0.000000 -0.844080
v 1.082086 0.000000 -0.418604
v -0.724948 0.000000 -0.906285
v 1.044372 0.000000 -0.505332
v -0.649144 0.000000 -0.962016
v 0.999472 0.000000 -0.589320
v -0.568241 0.000000 -1.012001
v 0.948361 0.000000 -0.668457
v -0.484703 0.000000 -1.054565
v 0.890235 0.000000 -0.744088
v -0.396711 0.000000 -1.090634
v 0.826893 0.000000 -0.813917
v -0.307065 0.000000 -1.119202
v 0.757364 0.000000 -0.878895
v -0.214724 0.000000 -1.140468
v 0.683229 0.000000 -0.937727
v -0.121312 0.000000 -1.152784
v 0.604373 0.000000 -0.990337
v -0.027074 0.000000 -1.160190
v 0.521340 0.000000 -1.036519
v 0.067671 0.000000 -1.158586
v 0.435315 0.000000 -1.075458
v 0.161296 0.000000 -1.149281
v 0.345533 0.000000 -1.107740
v 0.254873 0.000000 -1.132330
v -0.239570 0.000000 1.041911
v -0.323940 0.000000 1.021779
v -0.154819 0.000000 1.060319
v -0.407084 0.000000 0.990516
v -0.066398 0.000000 1.069451
v -0.483529 0.000000 0.952102
v 0.020582 0.000000 1.068550
v -0.560726 0.000000 0.909597
v 0.107510 0.000000 1.066448
v -0.634060 0.000000 0.860718
v 0.195098 0.000000 1.053936
v -0.703261 0.000000 0.808692
v 0.279665 0.000000 1.030709
v -0.766524 0.000000 0.747597
v 0.362642 0.000000 1.007535
v -0.822803 0.000000 0.684704
v 0.445214 0.000000 0.974930
v -0.876046 0.000000 0.613845
v 0.521006 0.000000 0.932420
v -0.920026 0.000000 0.540089
v 0.595529 0.000000 0.887184
v -0.962486 0.000000 0.463167
v 0.667863 0.000000 0.838894
v -0.998361 0.000000 0.383214
v 0.735365 0.000000 0.780463
v -1.025821 0.000000 0.300306
v 0.793327 0.000000 0.715145
v -1.047269 0.000000 0.215649
v 0.850360 0.000000 0.650813
v -1.063782 0.000000 0.130726
v 0.901993 0.000000 0.578736
v -1.069875 0.000000 0.042678
v 0.943515 0.000000 0.502099
v -1.069782 0.000000 -0.042104
v 0.983489 0.000000 0.425127
v -1.061771 0.000000 -0.130001
v 1.015378 0.000000 0.342246
v -1.045100 0.000000 -0.214173
v 1.037122 0.000000 0.258019
v -1.025154 0.000000 -0.299711
v 1.057701 0.000000 0.173532
v -0.998249 0.000000 -0.383154
v 1.068413 0.000000 0.085670
v -0.963198 0.000000 -0.463131
v 1.067982 0.000000 -0.002004
v -0.922571 0.000000 -0.540498
v 1.067193 0.000000 -0.088134
v -0.878023 0.000000 -0.614653
v 1.057177 0.000000 -0.176342
v -0.823637 0.000000 -0.684163
v 1.036215 0.000000 -0.260792
v -0.766838 0.000000 -0.747107
v 1.011239 0.000000 -0.344343
v -0.702070 0.000000 -0.807068
v 0.983563 0.000000 -0.426614
v -0.633315 0.000000 -0.858519
v 0.944762 0.000000 -0.506726
v -0.561253 0.000000 -0.908790
v 0.896860 0.000000 -0.579961
v -0.485489 0.000000 -0.952826
v 0.849572 0.000000 -0.651854
v -0.405907 0.000000 -0.988804
v 0.793419 0.000000 -0.720456
v -0.323957 0.000000 -1.018985
v 0.730498 0.000000 -0.780480
v -0.241230 0.000000 -1.044287
v 0.666520 0.000000 -0.839058
v -0.154310 0.000000 -1.059557
v 0.594745 0.000000 -0.891381
v -0.070369 0.000000 -1.068142
v 0.519382 0.000000 -0.934174
v 0.018220 0.000000 -1.069657
v 0.441121 0.000000 -0.973593
v 0.103845 0.000000 -1.061923
v 0.359788 0.000000 -1.006550
v 0.190324 0.000000 -1.054315
v 0.277627 0.000000 -1.034684
v -0.259943 0.000000 0.944948
v -0.180408 0.000000 0.962428
v -0.338875 0.000000 0.936371
v -0.103117 0.000000 0.990450
v -0.402006 0.000000 0.888598
v -0.021384 0.000000 0.977498
v -0.477841 0.000000 0.855130
v 0.060092 0.000000 0.978150
v -0.549025 0.000000 0.811965
v 0.140629 0.000000 0.986002
v -0.614538 0.000000 0.761905
v 0.216427 0.000000 0.955927
v -0.684827 0.000000 0.721729
v 0.297506 0.000000 0.929017
v -0.725746 0.000000 0.653942
v 0.376502 0.000000 0.921673
v -0.787877 0.000000 0.604356
v 0.441558 0.000000 0.874775
v -0.815882 0.000000 0.529402
v 0.511169 0.000000 0.832240
v -0.862796 0.000000 0.461646
v 0.580064 0.000000 0.789859
v -0.899606 0.000000 0.387897
v 0.652873 0.000000 0.753365
v -0.928425 0.000000 0.313710
v 0.699547 0.000000 0.686473
v -0.951283 0.000000 0.235803
v 0.753133 0.000000 0.620127
v -0.966882 0.000000 0.156366
v 0.815278 0.000000 0.571248
v -0.991502 0.000000 0.078996
v 0.844405 0.000000 0.496544
v -0.976770 0.000000 0.000487
v 0.882351 0.000000 0.423162
v -0.989889 0.000000 -0.078052
v 0.929537 0.000000 0.357150
v -0.960559 0.000000 -0.152501
v 0.938299 0.000000 0.274854
v -0.950103 0.000000 -0.233896
v 0.960106 0.000000 0.196372
v -0.928035 0.000000 -0.313528
v 0.988647 0.000000 0.120617
v -0.899507 0.000000 -0.387677
v 0.979320 0.000000 0.039589
v -0.864705 0.000000 -0.461317
v 0.974432 0.000000 -0.045672
v -0.823167 0.000000 -0.530763
v 0.987886 0.000000 -0.123847
v -0.789695 0.000000 -0.604732
v 0.959518 0.000000 -0.198848
v -0.726216 0.000000 -0.653219
v 0.937038 0.000000 -0.276686
v -0.683416 0.000000 -0.720364
v 0.913538 0.000000 -0.354670
v -0.611798 0.000000 -0.756064
v 0.897065 0.000000 -0.434133
v -0.549319 0.000000 -0.809805
v 0.844778 0.000000 -0.496932
v -0.479822 0.000000 -0.854123
v 0.794650 0.000000 -0.565969
v -0.409055 0.000000 -0.890540
v 0.763648 0.000000 -0.638689
v -0.333964 0.000000 -0.921418
v 0.699110 0.000000 -0.686240
v -0.256594 0.000000 -0.945237
v 0.639504 0.000000 -0.741657
v -0.182232 0.000000 -0.977815
v 0.586996 0.000000 -0.804382
v -0.102680 0.000000 -0.971464
v 0.510969 0.000000 -0.834161
v -0.026016 0.000000 -0.992775
v 0.441615 0.000000 -0.875400
v 0.051079 0.000000 -0.971542
v 0.367436 0.000000 -0.909257
v 0.133972 0.000000 -0.969654
v 0.291185 0.000000 -0.933935
v 0.217043 0.000000 -0.972246
v -0.198479 0.000000 0.861952
v -0.304893 0.000000 0.842404
v -0.112914 0.000000 -0.373834
v -0.250909 0.000000 -0.355081
v -0.395675 0.000000 0.791972
v 0.020128 0.000000 0.888072
v -0.473453 0.000000 0.767266
v 0.125905 0.000000 0.884545
v -0.531037 0.000000 0.708767
v -0.617349 0.000000 0.644117
v 0.231911 0.000000 0.856830
v 0.338497 0.000000 0.828389
v -0.703288 0.000000 0.546461
v 0.424973 0.000000 0.777211
v -0.758802 0.000000 0.452568
v 0.503288 0.000000 0.729525
v -0.811562 0.000000 0.391180
v 0.587584 0.000000 0.677171
v -0.825368 0.000000 0.317113
v -0.865790 0.000000 0.252281
v 0.659404 0.000000 0.595241
v -0.869029 0.000000 0.171722
v 0.732306 0.000000 0.513732
v -0.888446 0.000000 0.067179
v 0.780242 0.000000 0.415666
v -0.888184 0.000000 -0.064343
v 0.083972 0.000000 0.113616
v 0.233464 0.000000 -0.239399
v -0.866571 0.000000 -0.171141
v 0.862744 0.000000 0.211490
v -0.864814 0.000000 -0.252054
v 0.886851 0.000000 0.108446
v -0.825237 0.000000 -0.316924
v -0.812145 0.000000 -0.391967
v 0.887591 0.000000 -0.001077
v -0.760685 0.000000 -0.453926
v 0.887928 0.000000 -0.111410
v -0.705203 0.000000 -0.544557
v 0.862635 0.000000 -0.204740
v -0.617011 0.000000 -0.642140
v 0.835414 0.000000 -0.294061
v 0.806084 0.000000 -0.390095
v -0.529418 0.000000 -0.707329
v -0.473882 0.000000 -0.766219
v 0.746236 0.000000 -0.481932
v -0.401664 0.000000 -0.787692
v 0.686550 0.000000 -0.573577
v -0.341414 0.000000 -0.834671
v -0.261635 0.000000 -0.846315
v 0.605495 0.000000 -0.645472
v -0.159699 0.000000 -0.876563
v 0.833504 0.000000 0.321417
v -0.093735 0.000000 0.888426
v -0.030033 0.000000 -0.890954
v 0.434146 0.000000 -0.772712
v 0.373723 0.000000 -0.822313
v 0.082887 0.000000 -0.881051
v 0.295387 0.000000 -0.837363
v 0.526841 0.000000 -0.721087
v 0.194823 0.000000 -0.873054
v -0.221217 0.000000 0.761445
v -0.119198 0.000000 0.781024
v -0.317837 0.000000 0.727754
v -0.418524 0.000000 0.679108
v 0.060917 0.000000 0.789468
v 0.161236 0.000000 0.777518
v -0.505715 0.000000 0.606894
v -0.585323 0.000000 0.527048
v 0.252825 0.000000 0.756317
v 0.338609 0.000000 0.720373
v -0.659260 0.000000 0.440935
v 0.413719 0.000000 0.672813
v -0.719397 0.000000 0.343666
v 0.489336 0.000000 0.626346
v 0.561004 0.000000 0.566342
v -0.766459 0.000000 0.226029
v 0.620187 0.000000 0.495887
v -0.781095 0.000000 0.111827
v 0.677362 0.000000 0.411443
v -0.786808 0.000000 0.000318
v 0.723016 0.000000 0.318186
v -0.785277 0.000000 -0.113182
v -0.764575 0.000000 -0.225970
v 0.778135 0.000000 0.146489
v 0.791993 0.000000 0.048045
v -0.720836 0.000000 -0.344882
v 0.795603 0.000000 -0.047823
v -0.653547 0.000000 -0.438901
v 0.782999 0.000000 -0.140150
v -0.584737 0.000000 -0.525110
v 0.761114 0.000000 -0.224888
v -0.506561 0.000000 -0.605651
v 0.732805 0.000000 -0.309245
v 0.691581 0.000000 -0.390107
v -0.416993 0.000000 -0.679526
v 0.640099 0.000000 -0.469899
v 0.576208 0.000000 -0.547122
v -0.304921 0.000000 -0.738628
v -0.194878 0.000000 -0.768987
v 0.499708 0.000000 -0.614838
v -0.082281 0.000000 -0.784405
v 0.027212 0.000000 -0.788892
v 0.329913 0.000000 -0.729304
v 0.133852 0.000000 -0.786455
v -0.027293 0.000000 0.809389
v 0.774430 0.000000 0.236840
v 0.418636 0.000000 -0.674105
v 0.234438 0.000000 -0.762526
v -0.144489 0.000000 0.677933
v -0.240566 0.000000 0.672385
v -0.315102 0.000000 0.623709
v -0.396701 0.000000 0.567329
v 0.089172 0.000000 0.694340
v 0.186500 0.000000 0.674551
v -0.471127 0.000000 0.493615
v -0.547907 0.000000 0.418324
v 0.266914 0.000000 0.666067
v 0.328142 0.000000 0.615857
v -0.621062 0.000000 0.349991
v 0.397322 0.000000 0.569006
v -0.637449 0.000000 0.247402
v 0.474669 0.000000 0.535427
v 0.522383 0.000000 0.466746
v -0.689310 0.000000 0.153652
v 0.586839 0.000000 0.407695
v -0.680490 0.000000 0.055534
v 0.616957 0.000000 0.316887
v -0.689574 0.000000 -0.053540
v -0.695837 0.000000 -0.153532
v -0.638664 0.000000 -0.241792
v 0.694048 0.000000 0.094649
v 0.699472 0.000000 -0.004753
v -0.615102 0.000000 -0.346996
v 0.711136 0.000000 -0.085147
v -0.543034 0.000000 -0.413560
v 0.678730 0.000000 -0.159368
v -0.473615 0.000000 -0.497472
v 0.673148 0.000000 -0.238537
v -0.412516 0.000000 -0.575568
v 0.628086 0.000000 -0.304402
v 0.581381 0.000000 -0.381578
v -0.309346 0.000000 -0.607599
v 0.546938 0.000000 -0.461604
v 0.474122 0.000000 -0.512654
v -0.224447 0.000000 -0.674009
v -0.126945 0.000000 -0.679034
v -0.021766 0.000000 -0.689614
v 0.080040 0.000000 -0.696668
v -0.021187 0.000000 0.705023
v 0.675233 0.000000 0.203838
v 0.398196 0.000000 -0.567268
v 0.243154 0.000000 -0.658687
v 0.321013 0.000000 -0.619968
v 0.168131 0.000000 -0.701683
v -0.207121 0.000000 0.574678
v -0.357389 0.000000 0.464989
v 0.121632 0.000000 0.595348
v 0.227922 0.000000 0.569638
v -0.435009 0.000000 0.388379
v -0.529069 0.000000 0.313027
v 0.412600 0.000000 0.453376
v -0.581042 0.000000 0.128563
v 0.499605 0.000000 0.352883
v -0.584138 0.000000 -0.000697
v -0.603768 0.000000 -0.120579
v -0.518370 0.000000 -0.291818
v 0.605247 0.000000 0.037037
v 0.607716 0.000000 -0.072674
v -0.437363 0.000000 -0.385544
v 0.575438 0.000000 -0.202892
v -0.357220 0.000000 -0.482585
v 0.469330 0.000000 -0.397218
v -0.186080 0.000000 -0.581545
v -0.069311 0.000000 -0.588180
v 0.043335 0.000000 -0.600234
v -0.075978 0.000000 0.583022
v 0.030260 0.000000 0.617084
v 0.319580 0.000000 0.512933
v -0.525766 0.000000 0.221913
v 0.544040 0.000000 0.226688
v -0.541679 0.000000 -0.187826
v 0.607028 0.000000 0.132651
v 0.523828 0.000000 -0.299180
v -0.249072 0.000000 -0.506813
v 0.378890 0.000000 -0.460990
v 0.144159 0.000000 -0.613127
v 0.297279 0.000000 -0.516431
v 0.220645 0.000000 -0.564312
v -0.318197 0.000000 0.360030
v 0.138923 0.000000 0.491835
v -0.413660 0.000000 0.259981
v 0.380880 0.000000 0.341376
v -0.473984 0.000000 0.053381
v -0.484352 0.000000 -0.084310
v -0.395989 0.000000 -0.270254
v 0.512861 0.000000 -0.005886
v 0.492609 0.000000 -0.112146
v -0.338766 0.000000 -0.361887
v -0.121798 0.000000 -0.481668
v 0.002560 0.000000 -0.503949
v -0.241475 0.000000 0.458144
v -0.139802 0.000000 0.475061
v 0.035448 0.000000 0.528717
v 0.232962 0.000000 0.449962
v 0.441186 0.000000 0.262908
v 0.520555 0.000000 0.105177
v 0.454797 0.000000 -0.213412
v 0.357715 0.000000 -0.360315
v 0.430198 0.000000 -0.303022
v 0.114042 0.000000 -0.524710
v 0.273662 0.000000 -0.418187
v -0.278734 0.000000 0.249019
v -0.376731 0.000000 -0.011849
v -0.278930 0.000000 -0.254931
v 0.410079 0.000000 -0.038222
v -0.025933 0.000000 -0.399973
v 0.320321 0.000000 0.415882
v -0.043851 0.000000 0.477672
v 0.438187 0.000000 0.168396
v -0.185915 0.000000 0.354026
v 0.045327 0.000000 0.413488
v 0.159010 0.000000 0.383924
v -0.358845 0.000000 0.128981
v 0.344117 0.000000 0.231122
v -0.360469 0.000000 -0.144625
v 0.427546 0.000000 0.063443
v 0.384468 0.000000 -0.138914
v -0.175766 0.000000 -0.313918
v 0.083968 0.000000 -0.432763
v 0.341584 0.000000 -0.247000
v 0.252717 0.000000 -0.325089
v 0.262013 0.000000 0.330075
v -0.071595 0.000000 0.390231
v 0.164695 0.000000 -0.376471
v -0.161625 0.000000 0.231525
v -0.270401 0.000000 0.033078
v -0.230652 0.000000 0.133385
v -0.236749 0.000000 -0.144923
v 0.331791 0.000000 0.030957
v 0.307219 0.000000 -0.062597
v 0.057430 0.000000 -0.330579
v 0.340933 0.000000 0.132245
v 0.090024 0.000000 0.303338
v 0.272604 0.000000 -0.158077
v -0.288489 0.000000 -0.065371
v -0.160060 0.000000 -0.222738
v -0.060676 0.000000 -0.282150
v -0.091092 0.000000 0.300629
v 0.173784 0.000000 0.284685
v 0.242012 0.000000 0.197149
v 0.146105 0.000000 -0.282549
v -0.113174 0.000000 0.132382
v -0.159096 0.000000 0.041505
v 0.227423 0.000000 0.007277
v 0.260586 0.000000 0.090434
v 0.196639 0.000000 -0.084696
v 0.161577 0.000000 -0.180635
v -0.051560 0.000000 0.216236
v -0.002594 0.000000 0.310121
v -0.193179 0.000000 -0.046552
v -0.123497 0.000000 -0.120402
v 0.044637 0.000000 -0.213246
v 0.131376 0.000000 0.202331
v -0.063835 0.000000 -0.187308
v 0.171982 0.000000 0.101044
v -0.053655 0.000000 0.044277
v 0.040218 0.000000 0.212458
v 0.088433 0.000000 -0.105236
v -0.010765 0.000000 0.128166
v -0.088196 0.000000 -0.037174
v 0.119266 0.000000 0.004948
v -0.014670 0.000000 -0.114715
v 0.033791 0.000000 0.045814
v -0.198555 0.000000 -0.417137
v -0.468283 0.000000 0.159478
v -0.456975 0.000000 -0.193730
# 2817 vertices

f 1315 1368 1367
f 1318 1259 1319
f 865 960 958
f 555 558 512
f 608 195 590
f 1259 1260 1319
f 1312 1253 1313
f 1308 1361 1306
f 1319 1260 1320
f 2385 2387 133
f 1301 1242 1240
f 553 551 588
f 562 560 593
f 2769 2787 2788
f 2568 2804 2806
f 432 702 693
f 1319 1372 1371
f 590 558 555
f 2795 2797 2812
f 432 685 702
f 600 613 574
f 2793 2776 2799
f 697 698 700
f 702 685 695
f 1313 1254 1314
f 459 461 391
f 461 509 512
f 2404 2402 2326
f 2209 2207 2145
f 1310 1308 1249
f 308 232 310
f 2799 2810 2793
f 698 701 700
f 596 568 569
f 2803 2809 2798
f 1242 1173 1240
f 1255 1315 1314
f 1415 1369 1370
f 2482 2480 2404
f 157 1568 156
f 157 156 2378
f 2385 133 132
f 751 132 133
f 2264 1458 2262
f 1247 1180 1249
f 2543 2546 2469
f 1646 1535 1576
f 576 491 538
f 1853 1855 1944
f 2262 1458 1457
f 1416 1415 1370
f 1481 34 33
f 33 34 250
f 705 1455 1417
f 746 850 751
f 2262 1457 2260
f 1357 1355 1302
f 2514 2436 2438
f 1198 1265 1200
f 1200 1127 1198
f 2501 2567 2570
f 614 629 646
f 2570 2567 2623
f 1602 1489 1604
f 679 691 688
f 1144 1064 1062
f 2720 2662 2701
f 1348 1350 1291
f 1144 1146 1064
f 648 680 435
f 631 646 629
f 1018 1102 1020
f 1291 1350 1293
f 593 595 562
f 1483 32 1485
f 2354 2356 2432
f 1020 930 1018
f 2497 2499 2421
f 1 710 98
f 1489 1491 1604
f 704 595 593
f 335 259 257
f 2782 2788 2803
f 1689 1687 1786
f 31 32 246
f 2484 2408 2486
f 2143 2205 2141
f 2196 2251 2195
f 2182 2116 2180
f 1880 1965 1964
f 1210 1209 1273
f 1187 1114 1115
f 262 39 40
f 1469 40 39
f 1236 1167 1168
f 679 674 691
f 689 680 692
f 1882 1789 1791
f 416 418 456
f 1286 1288 1345
f 1562 1673 1564
f 676 696 692
f 1204 1269 1206
f 1769 1861 1767
f 2041 2111 2044
f 497 541 544
f 2432 2430 2354
f 2207 2209 2262
f 1166 1091 1167
f 658 636 635
f 602 604 577
f 1418 705 1417
f 2710 2678 2676
f 1653 1655 1544
f 1492 1607 1494
f 333 331 409
f 1187 1186 1114
f 956 863 958
f 604 602 626
f 701 699 700
f 2296 2249 2297
f 1820 1912 1822
f 734 87 732
f 1961 1870 1959
f 1767 1666 1769
f 536 576 601
f 2296 2295 2248
f 1664 1666 1767
f 2521 2585 2523
f 1320 1373 1372
f 608 589 193
f 701 696 691
f 592 559 561
f 1031 941 943
f 1863 1861 1769
f 2605 2548 2546
f 1308 1306 1247
f 593 622 704
f 2111 2041 1964
f 2102 2029 2031
f 2712 2725 2683
f 2782 2757 2788
f 2271 2295 2296
f 1487 30 1489
f 39 262 260
f 2674 2629 2627
f 958 863 865
f 1209 1137 1208
f 1668 1666 1557
f 1872 1780 1778
f 2196 2195 2132
f 1193 1260 1192
f 1489 1602 1487
f 2252 2300 2299
f 2064 2063 1987
f 1966 2041 2044
f 607 643 632
f 1471 1586 1584
f 1076 994 992
f 1708 1807 1805
f 318 242 320
f 1207 1271 1208
f 156 2380 2378
f 1537 1535 5
f 1314 1254 1255
f 1918 1999 2001
f 2001 1920 1918
f 1362 1361 1308
f 2248 2249 2296
f 575 600 574
f 2284 1458 2264
f 2210 2265 2212
f 2101 2028 2099
f 1631 1520 1518
f 2026 2097 2099
f 29 1489 30
f 29 30 242
f 1041 1039 954
f 2674 2676 2629
f 2172 2235 2233
f 2106 2035 2108
f 2617 2619 2563
f 1518 1516 1629
f 2108 2174 2106
f 2729 2309 2728
f 674 646 675
f 491 576 532
f 502 447 499
f 824 918 920
f 1166 1090 1091
f 1064 980 1062
f 104 808 103
f 104 103 2327
f 201 1 5
f 1 1537 5
f 2445 2521 2523
f 634 594 610
f 24 232 230
f 362 439 436
f 606 584 430
f 1008 1010 920
f 2687 2715 2688
f 1681 1572 1570
f 2106 2104 2033
f 2031 2029 1950
f 663 627 433
f 336 258 260
f 32 31 1485
f 918 1008 920
f 1239 1298 1237
f 2356 167 2358
f 2516 2514 2438
f 1249 1308 1247
f 1245 1178 1247
f 2365 122 2363
f 2771 2748 2750
f 1151 1071 1153
f 1642 1640 1529
f 1013 1097 1095
f 52 764 762
f 199 201 5
f 1881 1963 2041
f 1178 1180 1247
f 433 628 663
f 88 87 1559
f 2233 2235 2286
f 502 499 546
f 1373 1419 1418
f 1097 1013 1015
f 56 251 55
f 1455 1416 1417
f 1099 1097 1015
f 684 698 697
f 930 834 928
f 499 447 445
f 1740 1635 1738
f 2326 2328 2404
f 2237 2182 2180
f 1778 1870 1872
f 667 639 668
f 87 88 732
f 1104 1102 1177
f 1520 182 1518
f 2480 2482 2553
f 2041 1963 1964
f 1478 1476 1591
f 142 1476 1478
f 1912 1820 1910
f 1168 1170 1237
f 1611 1716 1715
f 670 432 673
f 2497 2567 2499
f 1641 1746 1643
f 1177 1179 1104
f 1456 1457 2283
f 1552 164 165
f 165 164 2362
f 1912 1914 1822
f 2176 2174 2108
f 1624 1729 1727
f 440 442 496
f 2549 2606 2547
f 993 1077 1075
f 1740 1742 1637
f 1966 1883 1881
f 1260 1193 1261
f 1987 2063 1986
f 2634 2679 2632
f 2713 2749 2750
f 1208 1272 1209
f 1191 1259 1258
f 2250 2298 2297
f 1559 87 1561
f 2445 2523 2447
f 1721 1817 1816
f 378 302 380
f 302 378 300
f 2391 2467 2469
f 103 808 810
f 370 444 442
f 436 360 362
f 1253 1312 1252
f 456 418 420
f 374 372 296
f 380 302 304
f 1721 1816 1719
f 989 897 991
f 1661 1659 1762
f 1566 1568 157
f 2013 2011 2085
f 1744 1840 1746
f 910 810 908
f 157 2376 158
f 2677 2632 2679
f 1880 1789 1882
f 702 699 693
f 2428 2430 2506
f 165 2362 2360
f 2734 2754 2735
f 151 1496 152
f 2313 192 191
f 1500 191 192
f 1645 1647 1534
f 2013 1930 2011
f 2494 2416 2418
f 1870 1961 1872
f 2526 2524 2448
f 1454 1416 1455
f 696 676 688
f 1093 1167 1091
f 383 381 452
f 1246 1179 1177
f 2242 2290 2289
f 1738 1736 1832
f 1830 1736 1734
f 1825 1827 1917
f 1409 1447 1408
f 1720 1617 1615
f 2290 2266 2265
f 640 621 653
f 216 218 294
f 743 63 62
f 62 63 237
f 2548 2605 2550
f 1734 1736 1631
f 2326 182 2328
f 1678 1680 1781
f 2597 2538 2599
f 815 151 152
f 2205 2207 2260
f 2028 2026 2099
f 158 1566 157
f 1261 1320 1260
f 2634 2635 2681
f 2619 2617 2665
f 1153 1222 1151
f 1170 1239 1237
f 1018 930 928
f 1102 1100 1175
f 2310 2739 2545
f 2773 2790 2763
f 1671 1772 1774
f 568 523 569
f 690 667 684
f 1073 989 991
f 459 391 389
f 2640 2686 2687
f 199 277 201
f 1478 1593 1480
f 951 858 856
f 1252 1312 1311
f 806 808 104
f 1379 1422 1423
f 554 555 509
f 2406 2330 2408
f 352 481 428
f 669 678 686
f 2172 2104 2106
f 517 515 467
f 2243 2290 2242
f 551 586 588
f 472 409 407
f 254 252 35
f 2330 2406 2328
f 880 973 974
f 1369 1415 1414
f 155 2382 2380
f 1248 1246 1307
f 2639 2686 2640
f 1030 942 940
f 981 1065 1063
f 569 612 596
f 1368 1369 1414
f 488 481 532
f 2276 2301 2277
f 1208 1137 1136
f 532 481 434
f 2188 2123 2125
f 940 1028 1030
f 799 143 144
f 1529 1531 1642
f 376 374 298
f 2173 2234 2236
f 523 526 569
f 295 293 371
f 2301 2254 2302
f 457 387 454
f 504 506 452
f 1172 1097 1099
f 2137 2138 2201
f 982 1066 984
f 1095 1097 1170
f 879 973 880
f 1143 1062 1061
f 2505 2503 2572
f 2567 2621 2623
f 1689 1585 1583
f 2289 2290 2265
f 2429 2431 2353
f 890 792 790
f 2353 2351 2429
f 2037 2110 2108
f 2169 2101 2167
f 298 300 376
f 1642 1531 1644
f 1727 1725 1622
f 2680 2712 2683
f 370 442 368
f 1900 1982 1898
f 2200 2137 2201
f 751 850 753
f 127 761 763
f 753 132 751
f 593 560 590
f 1449 1410 1411
f 2137 2136 2068
f 1719 1616 1721
f 451 378 380
f 1052 1135 1054
f 812 910 912
f 1109 1025 1027
f 2266 2290 2291
f 655 637 625
f 1347 1290 1349
f 2812 2806 2795
f 2375 127 2373
f 771 122 123
f 122 2365 123
f 2449 2451 2373
f 1483 33 32
f 248 32 33
f 33 1483 1481
f 51 52 259
f 51 764 52
f 1881 2041 1966
f 51 259 261
f 1107 1109 1182
f 1251 1252 1311
f 2496 2494 2418
f 2494 2564 2492
f 2800 2762 2784
f 1010 1094 1012
f 209 207 285
f 1253 1252 1185
f 2165 2097 2164
f 2022 2023 1941
f 2628 2673 2626
f 1614 1503 1616
f 787 789 887
f 282 360 358
f 1756 1653 1754
f 1863 1769 1771
f 1202 1129 1200
f 1313 1253 1254
f 1565 1567 1676
f 824 718 822
f 2200 2136 2137
f 674 687 691
f 2136 2067 2068
f 2309 2729 2751
f 2681 2679 2634
f 1945 2026 1947
f 2235 2174 2176
f 2251 2250 2195
f 448 447 502
f 292 216 294
f 1616 1618 1721
f 790 112 113
f 112 2345 113
f 270 43 44
f 1462 44 43
f 1462 1461 44
f 979 977 885
f 731 729 69
f 225 69 223
f 324 322 246
f 1678 1781 1779
f 1776 1870 1778
f 590 195 593
f 1315 1256 1316
f 510 511 556
f 569 526 579
f 487 427 486
f 1881 1883 1790
f 753 856 755
f 2425 2501 2503
f 706 705 1418
f 1884 1967 1882
f 2486 2488 2559
f 2172 2174 2235
f 1680 1678 1569
f 1674 1777 1775
f 1566 1675 1677
f 1578 1463 1465
f 1105 1023 1107
f 2373 2451 2375
f 1771 1769 1668
f 248 246 32
f 2188 2125 2189
f 2711 2681 2724
f 2741 2770 2751
f 1706 1708 1805
f 2530 2454 2532
f 2450 2374 2452
f 2123 2053 2055
f 2250 2249 2194
f 552 578 607
f 1418 1419 706
f 1365 1313 1366
f 1463 43 42
f 268 42 43
f 1739 1737 1634
f 844 938 940
f 1677 1675 1778
f 865 867 960
f 1449 1411 1450
f 1318 1258 1259
f 2544 2769 2788
f 1261 1262 1321
f 2693 2644 2649
f 2429 2351 2427
f 2499 2567 2501
f 1065 1067 1147
f 1086 1008 918
f 918 824 822
f 1094 1096 1012
f 1723 1618 1620
f 2277 2224 2223
f 2801 2802 2779
f 2740 2544 2757
f 57 249 56
f 57 56 754
f 1316 1257 1317
f 1470 1583 1585
f 797 143 799
f 883 877 783
f 1866 1772 1864
f 724 92 722
f 2674 2627 2671
f 2509 2507 2575
f 1868 1866 1957
f 1246 1244 1305
f 2182 2184 2118
f 2050 2118 2120
f 2454 2530 2452
f 350 427 426
f 268 43 270
f 242 318 240
f 2184 2182 2239
f 402 469 467
f 1982 1900 1983
f 1025 1109 1107
f 1390 1338 1389
f 1450 1430 1429
f 1875 1722 1720
f 1820 1818 1910
f 1901 1902 1984
f 2266 2212 2265
f 2767 2780 2783
f 2536 2538 2597
f 2735 2754 2766
f 1389 1338 1337
f 1659 1760 1762
f 2155 2217 2218
f 2805 2803 2788
f 2105 2173 2107
f 995 901 903
f 2156 2088 2155
f 1093 1011 1095
f 1281 1280 1339
f 1491 1606 1604
f 554 589 555
f 1166 1167 1234
f 1875 1899 1818
f 2542 2466 2594
f 2187 2188 2243
f 596 612 635
f 460 511 510
f 2217 2155 2154
f 460 510 458
f 2295 2294 2247
f 1900 1901 1983
f 2101 2169 2103
f 1297 1298 1353
f 1138 1139 1057
f 721 723 827
f 373 297 295
f 291 293 215
f 721 827 825
f 388 390 458
f 649 616 650
f 2583 2635 2634
f 559 515 561
f 324 246 248
f 248 33 250
f 995 1079 1077
f 2121 2185 2119
f 1899 1875 1808
f 1470 139 138
f 885 785 787
f 318 394 316
f 510 556 578
f 394 318 396
f 637 655 644
f 326 248 250
f 1563 1565 1674
f 262 40 264
f 707 1420 708
f 885 787 887
f 600 637 613
f 1875 1818 1722
f 2646 2547 2606
f 2801 2777 2794
f 2805 2802 2813
f 2021 2022 1940
f 1946 1944 1855
f 1833 1923 1831
f 461 512 462
f 1041 956 1043
f 778 2 134
f 335 411 413
f 2387 2385 2463
f 2306 2305 2258
f 1086 918 916
f 2360 166 165
f 2748 2724 2750
f 1852 1758 1850
f 2270 2217 2216
f 2682 2724 2681
f 2787 2755 2779
f 1865 1867 1956
f 1879 1963 1881
f 424 484 422
f 427 350 349
f 1409 1448 1447
f 1327 1326 1378
f 2114 2044 2177
f 1317 1258 1318
f 556 511 557
f 1898 1982 1981
f 1108 1110 1026
f 1423 1444 1424
f 1918 1916 1999
f 2271 2296 2272
f 1758 1760 1657
f 557 511 513
f 2796 2783 2780
f 2342 174 2344
f 1629 1631 1518
f 671 659 641
f 1993 1910 1980
f 2055 2125 2123
f 1460 2184 2239
f 1786 1879 1788
f 1852 1760 1758
f 2057 2125 2055
f 663 657 627
f 1939 2020 2021
f 2588 2591 2638
f 2727 2729 2693
f 2345 112 2343
f 761 864 763
f 2282 2281 2306
f 141 1474 1476
f 2029 2102 2100
f 2282 2306 1456
f 296 218 220
f 439 495 492
f 492 436 439
f 1765 1859 1857
f 962 960 867
f 1633 1635 1522
f 392 316 394
f 2126 2190 2189
f 573 599 575
f 1857 1946 1855
f 2563 2491 2561
f 2122 2124 2054
f 2466 2390 2468
f 614 646 645
f 2802 2787 2779
f 2472 2547 2470
f 183 182 2326
f 1995 1912 1993
f 1993 1912 1910
f 2296 2297 2272
f 1781 1680 1783
f 919 1007 917
f 1380 1379 1423
f 1567 1678 1676
f 2616 2664 2663
f 1637 1635 1740
f 2433 2509 2511
f 2809 2803 2813
f 1479 1477 35
f 326 324 248
f 449 378 451
f 2298 2273 2297
f 1658 1549 1660
f 2252 2299 2251
f 2274 2273 2298
f 2274 2298 2299
f 2222 2276 2223
f 763 864 866
f 2282 1456 2283
f 1336 1335 1387
f 1790 1693 1691
f 143 142 1478
f 1445 1424 1444
f 139 789 138
f 816 99 100
f 100 99 2319
f 817 99 816
f 2724 2682 2713
f 2794 2777 2778
f 394 396 463
f 2205 2203 2141
f 621 592 594
f 636 634 610
f 1335 1386 1387
f 482 421 419
f 882 976 884
f 982 1064 1066
f 2276 2277 2223
f 2197 2196 2133
f 1570 1572 155
f 1680 1571 1682
f 2385 132 2383
f 577 537 602
f 1646 1576 1541
f 1859 1948 1857
f 1328 1379 1380
f 576 536 488
f 1839 1929 1837
f 1929 1839 1932
f 284 208 286
f 2069 2138 2137
f 1636 1739 1634
f 1051 1049 964
f 724 722 828
f 1480 143 1478
f 2124 2122 2186
f 2070 2138 2069
f 748 133 3
f 133 2387 3
f 3 2387 2386
f 748 751 133
f 93 720 722
f 1368 1414 1413
f 2027 2029 2100
f 940 938 1028
f 2281 2305 2306
f 1948 2029 2027
f 1658 1660 1761
f 2166 2178 2098
f 2297 2249 2250
f 2564 2494 2496
f 1524 180 1522
f 2173 2105 2171
f 1332 1384 1333
f 2460 2458 2382
f 1370 1369 1317
f 1332 1273 1331
f 834 836 730
f 1316 1256 1257
f 635 612 644
f 1808 1875 1720
f 1082 1084 1000
f 1928 1930 1838
f 1830 1832 1736
f 791 789 139
f 55 756 56
f 35 252 34
f 35 34 1479
f 1169 1171 1096
f 1620 1622 1725
f 2751 2770 2309
f 2299 2275 2274
f 1143 1144 1062
f 1066 1064 1146
f 8 1531 1529
f 1210 1139 1138
f 1450 1411 1412
f 2595 2643 2598
f 1097 1172 1170
f 94 720 93
f 1172 1174 1241
f 2248 2295 2247
f 2673 2672 2626
f 168 169 1544
f 168 2354 169
f 1315 1367 1314
f 741 739 64
f 739 65 64
f 64 65 233
f 585 548 587
f 1323 1324 1376
f 803 903 901
f 2105 2032 2103
f 1631 1736 1633
f 392 314 316
f 1840 1744 1838
f 1934 2016 1935
f 1520 1633 1522
f 2781 2785 2797
f 1547 1658 1656
f 1238 1240 1171
f 1956 1867 1958
f 1129 1202 1131
f 1855 1763 1857
f 2680 2633 2678
f 918 822 916
f 2076 2145 2143
f 1549 1658 1547
f 285 207 283
f 2738 2737 2709
f 93 1547 94
f 1954 2033 1952
f 1179 1246 1248
f 1614 1613 1501
f 143 1480 144
f 1172 1239 1170
f 2241 2184 1460
f 2054 1976 2052
f 1861 1863 1952
f 2749 2713 2726
f 2067 2135 2066
f 2327 2329 104
f 1188 1256 1255
f 741 845 739
f 537 536 580
f 365 367 289
f 1965 1880 1882
f 1100 1173 1175
f 411 335 333
f 1195 1262 1194
f 257 52 53
f 53 52 762
f 758 756 55
f 354 276 278
f 2221 2275 2222
f 2275 2276 2222
f 783 135 136
f 1263 1197 1264
f 1415 1416 1454
f 1154 1072 1152
f 2786 2777 2801
f 347 425 349
f 425 427 349
f 528 485 482
f 2783 2796 2791
f 1521 1632 1519
f 1827 1825 1731
f 1239 1172 1241
f 423 421 482
f 873 968 966
f 699 687 693
f 1716 1812 1715
f 1871 1777 1779
f 1141 1213 1142
f 1447 1427 1426
f 1184 1185 1252
f 1651 1653 1542
f 1754 1653 1651
f 587 548 550
f 627 601 433
f 195 608 660
f 1280 1338 1339
f 2052 2122 2054
f 2724 2748 2711
f 1931 1930 2013
f 1446 1447 1426
f 2778 2776 2793
f 631 585 616
f 646 631 649
f 2028 2101 2030
f 2372 2374 2450
f 1671 1669 1772
f 2058 2127 2126
f 2069 2137 2068
f 419 421 343
f 570 524 567
f 689 698 684
f 1846 1752 1751
f 1934 1935 1844
f 1653 1756 1655
f 2795 2781 2797
f 1722 1818 1724
f 2487 2558 2560
f 2423 2501 2425
f 2711 2679 2681
f 2637 2588 2638
f 906 808 806
f 998 906 904
f 2658 2610 2611
f 2482 2406 2484
f 2067 2136 2135
f 2512 2514 2578
f 2150 2212 2213
f 675 646 649
f 1505 1616 1503
f 1938 2020 1939
f 1107 1180 1105
f 1389 1433 1390
f 608 193 660
f 454 506 508
f 1292 1294 1351
f 1790 1883 1792
f 1292 1230 1294
f 2027 2098 2025
f 711 78 713
f 1818 1820 1724
f 1319 1320 1372
f 208 210 286
f 538 491 492
f 73 723 721
f 289 287 365
f 193 588 618
f 482 485 423
f 1927 1929 2010
f 737 65 739
f 2084 2083 2151
f 1210 1211 1139
f 2481 2554 2483
f 1194 1193 1121
f 1356 1441 1403
f 518 562 564
f 1068 986 984
f 541 497 494
f 2200 2199 2136
f 193 589 588
f 709 1358 1403
f 1655 1758 1657
f 110 796 109
f 863 956 861
f 1168 1167 1093
f 706 1419 707
f 1763 1765 1857
f 440 495 439
f 580 602 537
f 662 617 194
f 584 546 544
f 1691 1693 1587
f 1400 1348 1398
f 2107 2034 2105
f 2702 2664 2704
f 2416 2494 2492
f 2566 2564 2496
f 699 701 691
f 2553 2611 2610
f 2594 2466 2468
f 140 793 791
f 1071 989 1073
f 968 1053 966
f 196 611 661
f 1256 1188 1189
f 1255 1256 1315
f 768 766 50
f 296 294 218
f 1130 1132 1203
f 1403 1358 1356
f 1175 1173 1242
f 639 667 654
f 864 862 957
f 2369 124 2367
f 769 123 124
f 124 123 2367
f 2682 2684 2713
f 2185 2183 2119
f 1752 1846 1847
f 1937 1938 1847
f 1856 1764 1762
f 1626 1628 1731
f 1511 1624 1622
f 1622 1624 1727
f 2655 2610 2658
f 392 394 460
f 2368 161 2370
f 1792 1693 1790
f 479 419 417
f 1472 1585 1587
f 1120 1193 1192
f 1477 1590 1475
f 1475 36 1477
f 1637 1526 1524
f 684 667 668
f 1031 1114 1113
f 1425 1446 1426
f 215 293 217
f 2557 2486 2559
f 1234 1167 1236
f 1303 1244 1242
f 1242 1244 1175
f 142 143 797
f 1802 1804 1705
f 2685 2726 2713
f 1946 2027 2025
f 1459 1839 1745
f 352 276 354
f 2438 2436 2360
f 2318 187 186
f 878 971 972
f 1756 1758 1655
f 1937 1847 1846
f 688 657 663
f 2309 2770 2775
f 1667 1669 1558
f 2349 2425 2427
f 1000 906 998
f 996 1078 1080
f 2527 2451 2449
f 2547 2594 2470
f 1739 1636 1741
f 2233 2231 2170
f 2163 2164 2096
f 656 657 676
f 1474 1472 1587
f 300 378 376
f 1726 1820 1822
f 2318 2394 2316
f 1091 1090 1007
f 688 663 679
f 1833 1737 1739
f 594 592 561
f 1843 1934 1844
f 194 588 586
f 1775 1777 1869
f 2227 2164 2226
f 842 938 844
f 1783 1680 1682
f 2684 2682 2637
f 2109 2036 2107
f 2444 2368 2446
f 2364 164 163
f 163 164 1554
f 2446 2368 2370
f 301 303 225
f 715 77 76
f 76 77 209
f 76 717 715
f 2117 2183 2181
f 2575 2574 2627
f 2620 2564 2566
f 1689 1786 1788
f 1634 1521 1523
f 1640 1745 1743
f 2718 2717 2690
f 1980 1897 1895
f 2605 2652 2653
f 2718 2690 2654
f 2603 2690 2650
f 1764 1858 1766
f 2634 2632 2582
f 1272 1273 1209
f 762 863 760
f 1793 1884 1791
f 570 567 597
f 1932 1839 1459
f 1923 1921 1831
f 1140 1211 1212
f 1066 1146 1148
f 707 1419 1420
f 2435 2357 2433
f 2629 2577 2627
f 2469 2467 2543
f 1564 1675 1566
f 2704 2664 2666
f 2277 2301 2302
f 2370 2448 2446
f 2766 2786 2779
f 1388 1336 1387
f 990 1072 1074
f 898 992 900
f 700 702 695
f 351 353 275
f 1014 1096 1098
f 92 93 722
f 804 802 902
f 558 560 514
f 1238 1297 1299
f 144 145 801
f 1419 1373 1374
f 2029 1948 1950
f 2699 2655 2658
f 2562 2616 2559
f 812 810 910
f 1084 1082 1164
f 1234 1092 1166
f 1168 1093 1095
f 2568 2814 2810
f 2217 2271 2218
f 2198 2199 2254
f 109 2339 110
f 798 796 896
f 1002 910 908
f 2010 2008 1927
f 282 206 284
f 2072 1998 2074
f 208 284 206
f 128 761 127
f 128 127 2375
f 508 457 454
f 551 506 504
f 24 1499 1498
f 2808 2800 2784
f 503 449 451
f 1626 1624 1513
f 2768 2785 2781
f 1397 1438 1395
f 902 802 900
f 2554 2481 2479
f 233 65 231
f 459 457 509
f 897 799 899
f 2593 2566 2498
f 2140 2124 2186
f 2218 2272 2219
f 1845 1750 1844
f 165 166 1550
f 2209 2145 2147
f 1086 1090 1008
f 645 646 674
f 1765 1763 1662
f 2580 2516 2582
f 2508 2432 2510
f 2119 2117 2049
f 2053 2121 2051
f 2721 2668 2691
f 2335 2337 108
f 2378 2376 157
f 2378 2380 2456
f 2452 2374 2376
f 1491 1489 29
f 850 746 744
f 513 511 463
f 2702 2719 2661
f 1218 1235 1147
f 1358 1303 1356
f 1348 1400 1350
f 224 302 300
f 966 1053 1051
f 672 655 642
f 2288 2287 2238
f 1810 1714 1811
f 1715 1714 1610
f 2155 2218 2156
f 502 546 549
f 1009 1093 1091
f 67 227 229
f 2711 2748 2738
f 965 963 1050
f 1139 1211 1140
f 1252 1251 1184
f 87 734 86
f 506 551 553
f 798 800 108
f 2577 2579 2511
f 1310 1362 1308
f 1364 1410 1409
f 1408 1362 1363
f 270 348 346
f 902 996 904
f 2437 2361 2359
f 879 878 972
f 972 973 879
f 1079 1161 1159
f 1161 1230 1159
f 997 1079 995
f 895 897 989
f 766 768 869
f 966 1051 964
f 1652 1644 1646
f 1869 1867 1775
f 2090 2018 2017
f 2796 2806 2791
f 36 254 35
f 2186 2204 2140
f 320 242 244
f 1900 1898 1807
f 210 288 286
f 1827 1731 1733
f 2151 2150 2213
f 2022 1941 1940
f 2666 2668 2704
f 172 1538 1539
f 1162 1082 1080
f 1161 1079 1081
f 2712 2678 2710
f 1561 87 86
f 930 836 834
f 1412 1451 1450
f 462 464 395
f 376 378 449
f 773 122 771
f 1720 1722 1617
f 1500 1609 1502
f 2646 2690 2603
f 182 183 1518
f 1520 1631 1633
f 1472 140 139
f 140 791 139
f 991 897 899
f 259 52 257
f 732 88 730
f 846 844 940
f 2714 2686 2683
f 990 992 898
f 1432 1389 1388
f 1025 937 1027
f 558 514 512
f 1670 1559 1561
f 1948 1946 1857
f 1436 705 706
f 1587 1585 1691
f 2049 2051 2119
f 2053 2123 2121
f 1152 1072 1070
f 980 886 978
f 904 906 806
f 996 998 904
f 2079 2077 2146
f 1828 1920 1830
f 2690 2606 2654
f 1769 1666 1668
f 664 658 635
f 2190 2127 2191
f 1475 37 36
f 37 256 36
f 1790 1691 1788
f 258 256 37
f 1691 1689 1788
f 1363 1310 1311
f 241 317 319
f 1098 1016 1014
f 2652 2605 2604
f 2656 2653 2697
f 671 667 690
f 368 442 440
f 1069 1071 1151
f 2776 2761 2789
f 277 279 201
f 1586 1471 1473
f 498 543 496
f 1398 1348 1346
f 2197 2198 2253
f 1503 1614 1501
f 2655 2699 2698
f 2753 2776 2778
f 1088 977 979
f 256 254 36
f 1647 1645 1749
f 2310 2712 2739
f 1 98 1537
f 2627 2577 2575
f 932 930 1020
f 706 1437 1436
f 487 484 426
f 426 424 348
f 425 485 486
f 2467 2465 2543
f 2646 2594 2547
f 293 295 217
f 217 72 73
f 73 72 723
f 367 291 289
f 1094 1010 1092
f 1719 1614 1616
f 1691 1585 1689
f 1475 1473 37
f 266 268 344
f 1687 1581 1685
f 427 487 426
f 1476 1474 1589
f 610 594 565
f 993 899 901
f 1830 1920 1922
f 1292 1349 1290
f 1442 709 1403
f 1173 1100 1098
f 2346 172 2348
f 1760 1659 1657
f 789 889 887
f 2649 2644 2599
f 2259 2203 2205
f 2798 2785 2569
f 805 803 146
f 803 145 146
f 145 1484 146
f 1432 1433 1389
f 624 642 625
f 29 28 1491
f 29 240 28
f 780 880 881
f 2437 2513 2515
f 1952 1863 1954
f 2284 2231 2233
f 1425 1424 1445
f 86 734 736
f 1443 1444 1423
f 1425 1382 1381
f 2058 1982 2059
f 1393 1376 1324
f 1191 1258 1190
f 2561 2491 2489
f 2320 185 2322
f 183 2326 2324
f 1619 1621 1508
f 2599 2644 2597
f 2027 2100 2098
f 1676 1678 1779
f 1959 1870 1868
f 659 682 683
f 1283 1342 1285
f 2733 2765 2773
f 1914 1912 1995
f 209 211 76
f 211 75 76
f 2624 2572 2570
f 1281 1283 1219
f 2705 2706 2669
f 1029 1031 1113
f 2202 2203 2258
f 619 195 660
f 1449 1450 1429
f 1453 1433 1432
f 1452 1453 1432
f 2560 2617 2561
f 35 1477 36
f 563 594 561
f 2735 2722 2706
f 2612 2554 2609
f 1961 1962 1872
f 2078 2080 2147
f 685 432 670
f 1981 1982 2058
f 2315 2313 2391
f 816 815 817
f 90 91 726
f 1171 1240 1173
f 924 830 828
f 1250 1198 1196
f 836 930 932
f 623 196 661
f 899 993 991
f 34 252 250
f 80 748 3
f 295 297 219
f 732 836 838
f 2499 2501 2423
f 828 830 724
f 2716 2689 2688
f 505 503 451
f 540 604 583
f 1604 1606 1710
f 513 463 465
f 735 733 67
f 1613 1499 1501
f 2753 2761 2776
f 1077 1157 1075
f 2024 2026 1945
f 733 735 839
f 725 829 723
f 2247 2294 2246
f 1147 1067 1149
f 1043 1045 1126
f 1132 1049 1051
f 140 1474 141
f 1256 1189 1257
f 1428 1384 1427
f 1867 1865 1773
f 1081 997 999
f 622 639 654
f 595 611 567
f 1347 1349 1399
f 2700 2701 2657
f 167 166 2358
f 166 167 1548
f 1550 1552 165
f 2271 2217 2270
f 1635 1637 1524
f 186 187 1510
f 1713 1720 1615
f 1910 1897 1980
f 1870 1776 1868
f 2591 2588 2528
f 2010 1929 2012
f 1381 1424 1425
f 2691 2723 2721
f 1738 1633 1736
f 1395 1345 1397
f 2697 2700 2656
f 1039 1038 952
f 1190 1257 1189
f 749 59 750
f 243 241 319
f 231 65 66
f 737 66 65
f 367 365 441
f 335 337 259
f 2627 2574 2624
f 1865 1956 1954
f 1442 1422 709
f 2814 2568 2812
f 1957 1959 1868
f 1810 1809 1712
f 203 1 201
f 936 938 842
f 2715 2716 2688
f 2716 2727 2689
f 762 764 865
f 1192 1259 1191
f 1113 1186 1185
f 1185 1184 1111
f 1946 1948 2027
f 1944 1942 1853
f 1718 1614 1719
f 881 880 974
f 2329 2407 2331
f 2485 2558 2487
f 663 628 645
f 794 892 894
f 881 882 782
f 876 878 775
f 775 878 777
f 1206 1269 1270
f 2697 2730 2700
f 1354 1355 1401
f 2770 2741 2757
f 1445 1446 1425
f 2732 2753 2764
f 2696 2650 2717
f 2316 2394 2392
f 895 989 987
f 1297 1353 1299
f 2787 2802 2805
f 1962 1960 1871
f 2038 2110 2040
f 1457 1456 2260
f 2216 2215 2269
f 1758 1756 1850
f 2088 2016 2015
f 582 629 614
f 1498 1611 1497
f 936 1024 1026
f 1236 1168 1237
f 1672 1674 1775
f 2246 2293 2245
f 1184 1109 1111
f 1122 1195 1194
f 147 1486 1488
f 467 515 465
f 1570 155 156
f 155 2380 156
f 2458 2380 2382
f 870 769 767
f 735 67 66
f 66 67 229
f 1512 186 1510
f 1617 1722 1619
f 2212 2266 2213
f 227 305 229
f 2212 2150 2148
f 601 627 580
f 934 1022 1024
f 2348 172 171
f 171 172 1539
f 1606 1712 1710
f 561 515 517
f 1031 943 1032
f 330 254 332
f 1979 1894 1896
f 575 531 573
f 1805 1898 1896
f 272 2 273
f 642 655 625
f 2110 2176 2108
f 1333 1384 1385
f 1449 1428 1448
f 2779 2755 2766
f 2687 2686 2714
f 2715 2741 2716
f 235 63 64
f 64 63 741
f 459 389 457
f 725 72 71
f 72 219 71
f 363 365 287
f 2655 2698 2654
f 1850 1941 1852
f 2767 2737 2756
f 1726 1621 1724
f 688 676 657
f 2037 1956 1958
f 2713 2684 2685
f 2751 2729 2727
f 2175 2173 2236
f 1768 1667 1665
f 2675 2673 2628
f 2446 2448 2524
f 2016 2088 2089
f 2733 2704 2746
f 734 840 736
f 887 889 981
f 341 419 343
f 135 781 134
f 141 142 795
f 1002 1084 1089
f 479 525 527
f 985 891 893
f 889 789 791
f 870 868 963
f 1820 1726 1724
f 2394 2318 2396
f 2089 2156 2157
f 2151 2083 2150
f 2715 2687 2714
f 1327 1379 1328
f 1141 1140 1212
f 544 541 584
f 2398 2476 2474
f 2815 2310 2545
f 2584 2585 2521
f 2625 2647 2571
f 1783 1681 1782
f 2413 2411 2489
f 2417 2415 2493
f 2419 2343 2341
f 671 682 659
f 2260 2207 2262
f 2757 2741 2740
f 1023 1025 1107
f 1023 935 1025
f 729 731 835
f 929 931 1019
f 2512 2436 2514
f 1804 1897 1806
f 669 685 670
f 589 608 555
f 75 717 76
f 1096 1094 1169
f 715 717 821
f 2626 2672 2625
f 1483 1598 1596
f 280 282 358
f 2076 2143 2074
f 264 40 41
f 40 1467 41
f 1176 1174 1101
f 2417 2419 2341
f 1389 1337 1388
f 1429 1428 1449
f 624 599 598
f 531 575 530
f 877 883 970
f 1579 1581 1466
f 1238 1295 1297
f 1185 1111 1113
f 2266 2291 2267
f 2218 2271 2272
f 2746 2765 2733
f 1563 86 85
f 2258 2203 2259
f 1427 1447 1448
f 544 546 499
f 2274 2275 2221
f 1854 1760 1852
f 1715 1812 1811
f 1508 187 188
f 188 187 2316
f 188 1506 1508
f 1510 187 1508
f 187 2318 2316
f 2709 2673 2675
f 1130 1203 1201
f 574 613 579
f 977 968 970
f 1079 997 1081
f 1232 1294 1230
f 219 297 221
f 2231 2168 2170
f 2801 2779 2786
f 730 836 732
f 654 667 671
f 680 648 676
f 2082 2080 2006
f 1399 1349 1351
f 536 537 489
f 2152 2084 2151
f 2267 2291 2292
f 1840 1842 1746
f 2165 2228 2167
f 88 89 730
f 942 846 940
f 1428 1427 1448
f 1224 1288 1286
f 53 255 257
f 758 760 861
f 1811 1714 1715
f 1708 1602 1604
f 681 432 693
f 2199 2200 2255
f 1424 1380 1423
f 879 880 779
f 118 2357 119
f 2017 2016 2089
f 594 563 565
f 621 640 620
f 2045 1967 1969
f 2045 1969 2047
f 591 592 620
f 799 897 797
f 1080 1078 1160
f 1435 1455 705
f 1078 996 994
f 2477 2401 2399
f 1161 1232 1230
f 2216 2154 2153
f 1707 1804 1806
f 1468 1470 138
f 987 989 1071
f 2047 1969 1971
f 1232 1161 1163
f 1117 1118 1190
f 1414 1452 1413
f 509 461 459
f 2333 2335 107
f 105 804 806
f 2479 2481 2403
f 2405 2483 2407
f 2479 2401 2477
f 1413 1451 1412
f 1400 1399 1350
f 1436 1394 1392
f 1342 1344 1285
f 488 536 489
f 707 1439 1437
f 2495 2497 2419
f 2495 2417 2493
f 802 800 900
f 2423 2345 2421
f 2347 2345 2423
f 779 118 119
f 782 882 784
f 121 2363 122
f 121 122 773
f 780 118 779
f 2230 2169 2167
f 606 546 584
f 510 578 534
f 2769 2755 2787
f 85 1565 1563
f 268 346 344
f 1465 42 41
f 41 42 266
f 522 475 523
f 2508 2430 2432
f 2518 2440 2442
f 1203 1132 1205
f 977 1053 968
f 1114 1031 1032
f 1589 1474 1587
f 1367 1368 1413
f 1225 1223 1287
f 1038 950 952
f 260 338 336
f 39 1471 1469
f 1582 1686 1580
f 2745 2758 2773
f 2560 2558 2614
f 299 377 301
f 1370 1318 1371
f 2545 2755 2769
f 2739 2710 2736
f 1009 1007 919
f 741 63 743
f 1686 1785 1784
f 487 531 530
f 1977 1894 1979
f 1047 1049 1130
f 695 685 686
f 620 592 621
f 2139 2203 2202
f 520 522 566
f 1401 1403 1441
f 916 820 914
f 2736 2817 2766
f 586 546 606
f 447 448 375
f 727 725 71
f 929 833 835
f 2391 2393 2315
f 585 631 605
f 2140 2071 2124
f 2202 2258 2257
f 687 675 677
f 108 109 798
f 108 2337 109
f 1475 1588 1473
f 41 1467 1465
f 523 475 478
f 1511 1622 1509
f 214 15 16
f 1515 16 15
f 498 444 500
f 368 290 292
f 603 538 581
f 1488 1486 1601
f 1899 1897 1910
f 1591 1476 1589
f 2620 2668 2666
f 2358 166 2360
f 266 42 268
f 1467 1580 1465
f 2306 2258 2259
f 1666 1664 1555
f 731 837 835
f 838 734 732
f 263 261 339
f 781 135 783
f 1358 709 1405
f 471 521 472
f 194 617 588
f 2241 2204 2186
f 1751 1750 1845
f 2525 2523 2587
f 2587 2589 2525
f 2100 2102 2168
f 2375 2451 2453
f 934 840 838
f 946 1034 1033
f 1120 1119 1037
f 2096 2164 2097
f 2628 2626 2576
f 727 831 725
f 935 839 841
f 303 227 225
f 831 829 725
f 155 1572 154
f 155 154 2382
f 2070 2072 2139
f 1835 1837 1927
f 1372 1418 1417
f 1032 1115 1114
f 2259 2205 2260
f 1816 1817 1908
f 302 224 226
f 1922 1832 1830
f 939 941 1029
f 2073 2071 2140
f 2644 2694 2648
f 1609 1607 1713
f 1502 1609 1615
f 1279 1338 1280
f 1660 1763 1761
f 916 914 915
f 914 820 818
f 1351 1350 1399
f 2206 2241 2261
f 2613 2661 2659
f 2263 2265 2210
f 840 734 838
f 2100 2168 2166
f 2201 2138 2202
f 801 899 799
f 1699 1701 1595
f 1987 1905 1988
f 2741 2751 2716
f 2030 2101 2103
f 2376 2374 158
f 838 836 932
f 2707 2710 2676
f 2580 2514 2516
f 2643 2689 2645
f 1770 1862 1864
f 2812 2568 2806
f 2787 2805 2788
f 388 455 386
f 1499 1612 1498
f 1580 1578 1465
f 376 449 446
f 626 602 580
f 2136 2199 2135
f 851 945 849
f 514 560 516
f 536 601 580
f 2110 2038 2109
f 2392 2390 2314
f 2758 2733 2773
f 2617 2662 2665
f 2006 1925 2008
f 795 142 797
f 2167 2228 2230
f 1791 1884 1882
f 264 266 342
f 659 642 641
f 737 739 843
f 2074 2143 2141
f 2138 2070 2139
f 1933 1934 1843
f 2812 2809 2307
f 2630 2628 2578
f 1941 1943 1852
f 1452 1431 1451
f 2703 2667 2665
f 2255 2200 2256
f 2256 2201 2257
f 312 314 390
f 2403 2325 2401
f 2817 2722 2735
f 2633 2680 2636
f 759 761 128
f 533 493 437
f 1544 1655 1546
f 1949 1951 1860
f 1266 1199 1201
f 574 530 575
f 1199 1266 1264
f 726 91 724
f 124 767 769
f 961 868 866
f 2246 2294 2293
f 2496 2498 2566
f 936 840 934
f 1024 1106 1108
f 1378 1379 1327
f 2694 2729 2728
f 2470 2594 2468
f 2663 2615 2616
f 609 607 578
f 1500 1502 191
f 1014 1016 926
f 755 856 858
f 959 864 957
f 860 759 757
f 2390 2392 2468
f 2659 2661 2719
f 1197 1199 1264
f 1317 1318 1370
f 466 514 516
f 446 449 501
f 581 582 614
f 2071 1995 2056
f 1460 2287 2261
f 1772 1770 1864
f 425 347 423
f 869 768 871
f 71 219 221
f 377 448 450
f 931 929 835
f 24 1498 25
f 24 230 23
f 24 23 1499
f 264 41 266
f 2086 2014 2013
f 609 556 591
f 621 594 634
f 2594 2603 2542
f 263 50 261
f 1090 1166 1092
f 2008 2082 2006
f 691 696 688
f 1927 2008 1925
f 2065 2064 1988
f 453 507 505
f 1441 1354 1401
f 603 628 433
f 1085 1165 1083
f 912 910 1004
f 770 772 873
f 411 333 409
f 1571 82 81
f 547 548 585
f 605 543 545
f 1708 1604 1710
f 28 1493 1491
f 2554 2612 2556
f 1401 1442 1403
f 1333 1275 1274
f 1384 1332 1383
f 2765 2783 2791
f 1163 1081 1083
f 373 447 375
f 775 773 876
f 17 16 1513
f 17 216 16
f 2693 2729 2694
f 2689 2695 2645
f 2726 2752 2749
f 1267 1265 1325
f 2712 2680 2678
f 2806 2804 2791
f 136 135 1464
f 2695 2689 2727
f 994 996 902
f 802 107 800
f 145 144 1482
f 1351 1349 1292
f 842 844 738
f 2502 2571 2593
f 2269 2268 2293
f 1884 1969 1967
f 1586 1473 1588
f 1183 1110 1108
f 429 353 351
f 2471 2393 2469
f 1684 1686 1784
f 1463 42 1465
f 2698 2718 2654
f 2761 2753 2730
f 144 801 799
f 361 359 437
f 792 112 790
f 2421 2345 2343
f 2421 2343 2419
f 478 475 414
f 2466 2465 2388
f 2313 191 2311
f 2071 1997 1995
f 1683 1578 1684
f 2143 2207 2205
f 1951 1862 1860
f 2260 1456 2259
f 1856 1858 1764
f 2076 2074 2000
f 920 1010 922
f 932 1020 1022
f 377 450 379
f 2085 2086 2013
f 1961 1959 2040
f 2032 2105 2034
f 1484 145 1482
f 1777 1676 1779
f 1862 1770 1768
f 1108 1106 1181
f 1129 1127 1200
f 1632 1737 1735
f 2792 2803 2798
f 674 679 645
f 1198 1127 1125
f 517 469 519
f 242 30 244
f 106 2333 107
f 106 107 802
f 802 804 106
f 845 941 939
f 60 241 243
f 1000 1002 908
f 1000 908 906
f 812 912 814
f 2087 2086 2154
f 2089 2088 2156
f 64 233 235
f 233 311 235
f 311 313 235
f 530 484 487
f 1787 1880 1878
f 1468 1583 1470
f 1461 134 2
f 520 565 519
f 556 557 591
f 2750 2749 2771
f 2450 2452 2528
f 2032 2034 1953
f 91 90 1553
f 837 931 835
f 221 70 71
f 727 71 70
f 923 829 925
f 379 381 303
f 2722 2817 2707
f 1070 1150 1152
f 2331 2333 106
f 808 906 908
f 2578 2510 2512
f 213 74 75
f 719 75 74
f 1142 1143 1061
f 119 2357 2359
f 1337 1338 1279
f 1217 1281 1219
f 2803 2792 2782
f 1365 1410 1364
f 1623 1621 1726
f 1672 1775 1773
f 1087 951 1030
f 1125 1042 1123
f 1865 1863 1771
f 2403 2327 2325
f 800 898 900
f 105 2329 2331
f 85 86 736
f 2606 2690 2646
f 337 335 413
f 2145 2076 2078
f 1547 1656 1545
f 2376 2454 2452
f 1678 1567 1569
f 1265 1198 1250
f 1570 1568 1679
f 89 88 1557
f 2322 185 184
f 185 1514 184
f 638 617 647
f 2146 2077 2144
f 520 566 565
f 1461 2 44
f 2 272 44
f 54 53 760
f 54 255 53
f 1128 1047 1130
f 839 935 933
f 1593 1591 1697
f 1048 1129 1131
f 2441 2365 2363
f 2527 2590 2529
f 1422 1442 1443
f 749 60 59
f 60 243 59
f 438 363 361
f 201 279 203
f 2049 2117 2047
f 342 266 344
f 163 1554 1556
f 1560 1562 160
f 2368 2444 2366
f 1606 1491 1493
f 310 388 386
f 1526 1637 1639
f 1528 1526 1639
f 2725 2310 2815
f 1373 1418 1372
f 1290 1288 1226
f 1082 1162 1164
f 1581 1579 1685
f 1160 1078 1158
f 886 980 888
f 2421 2499 2423
f 666 680 689
f 1288 1290 1347
f 1352 1341 1393
f 642 659 672
f 1352 1393 1324
f 1506 1617 1619
f 159 2372 160
f 159 160 1562
f 1571 1680 1569
f 2310 2725 2712
f 2587 2636 2639
f 942 1030 951
f 2371 2447 2449
f 2403 2401 2479
f 1613 1614 1718
f 372 294 296
f 2711 2677 2679
f 1547 1545 94
f 588 589 553
f 1669 1560 1558
f 561 517 563
f 1396 1437 1439
f 1148 1217 1219
f 1219 1221 1150
f 455 453 384
f 386 455 384
f 625 637 600
f 1431 1452 1432
f 577 493 533
f 1863 1865 1954
f 2202 2138 2139
f 460 394 463
f 1285 1221 1283
f 387 457 389
f 321 243 319
f 589 554 553
f 1034 946 947
f 946 852 947
f 464 397 395
f 147 805 146
f 997 905 999
f 1703 1802 1705
f 548 547 501
f 707 1437 706
f 707 708 1439
f 892 890 984
f 1406 1404 1359
f 2328 182 181
f 181 182 1520
f 2314 2390 2312
f 2465 2466 2542
f 189 188 2314
f 189 1506 188
f 708 1420 1421
f 1914 1824 1822
f 325 323 401
f 750 752 854
f 1118 1191 1190
f 245 58 59
f 58 750 59
f 1656 1757 1654
f 1576 1537 98
f 2797 2809 2812
f 2011 1930 1928
f 2813 2307 2809
f 1656 1654 1545
f 2488 2486 2410
f 1777 1871 1869
f 2727 2693 2695
f 2669 2667 2705
f 2705 2734 2735
f 871 873 966
f 2756 2780 2767
f 2023 1943 1941
f 1556 1554 1665
f 2728 2752 2726
f 2103 2171 2105
f 2447 2523 2525
f 2815 2769 2544
f 661 654 623
f 649 650 677
f 1005 912 1004
f 2614 2558 2556
f 1896 1894 1803
f 1936 2018 1937
f 636 610 596
f 1479 34 1481
f 1148 1150 1068
f 1162 1160 1231
f 2712 2710 2739
f 2072 2070 1996
f 282 284 360
f 12 208 206
f 738 85 736
f 2598 2643 2645
f 153 3 2386
f 153 1573 3
f 475 473 410
f 1580 1686 1684
f 25 232 24
f 550 503 505
f 23 1501 1499
f 228 22 23
f 22 1501 23
f 11 204 10
f 210 208 13
f 1011 1009 921
f 297 373 375
f 2502 2424 2426
f 1844 1935 1845
f 988 1072 990
f 2562 2490 2492
f 1603 1490 1488
f 1612 1611 1498
f 151 813 150
f 1804 1802 1895
f 1605 1490 1603
f 2327 103 2325
f 18 1511 1509
f 1624 1511 1513
f 2461 2385 2383
f 2540 2599 2538
f 86 1563 1561
f 1201 1128 1130
f 1069 1067 985
f 1266 1296 1352
f 1126 1045 1128
f 1423 1422 1443
f 2042 2010 2012
f 1298 1239 1300
f 173 1538 172
f 173 172 2346
f 2352 2430 2428
f 2704 2668 2721
f 198 7 8
f 7 1531 8
f 2758 2719 2702
f 1935 2016 2017
f 2422 2344 2346
f 456 478 416
f 2214 2151 2213
f 2662 2617 2614
f 2621 2619 2667
f 1440 708 1438
f 689 665 666
f 1165 1085 1089
f 1601 1599 1705
f 1482 1597 1484
f 2651 2652 2604
f 1679 1780 1782
f 760 863 861
f 552 607 587
f 1270 1207 1206
f 2330 180 2332
f 1522 1635 1524
f 2336 2412 2334
f 2103 2169 2171
f 390 460 458
f 1149 1067 1069
f 1438 1397 1440
f 867 869 962
f 600 599 625
f 964 869 871
f 2242 2187 2243
f 1849 1754 1848
f 1865 1771 1773
f 1198 1125 1196
f 1219 1150 1148
f 2667 2619 2665
f 271 349 273
f 1431 1430 1451
f 1383 1382 1426
f 2119 2051 2121
f 2123 2188 2187
f 1508 1621 1510
f 848 846 942
f 2715 2714 2740
f 2144 2075 2142
f 2083 2007 2081
f 1922 1920 2003
f 854 855 949
f 2210 2208 2263
f 1222 1224 1286
f 1373 1321 1374
f 766 764 51
f 331 255 253
f 2314 188 2316
f 2311 191 190
f 190 191 1502
f 1502 1615 1504
f 1217 1280 1281
f 1222 1220 1151
f 1340 1281 1339
f 2676 2678 2631
f 1208 1271 1272
f 1138 1209 1210
f 1344 1396 1346
f 1103 1178 1176
f 1402 1442 1401
f 2033 2031 1952
f 2696 2742 2308
f 582 605 629
f 98 710 712
f 2806 2796 2795
f 1439 708 1440
f 1049 1132 1130
f 1296 1266 1201
f 1199 1197 1126
f 333 255 331
f 482 527 528
f 598 196 623
f 1041 1124 1122
f 2576 2626 2573
f 1345 1288 1347
f 1332 1333 1274
f 1271 1207 1270
f 2129 2130 2193
f 1103 1176 1101
f 815 152 817
f 1004 1002 1089
f 2254 2199 2255
f 1608 1606 1493
f 2662 2720 2703
f 1382 1330 1381
f 1336 1388 1337
f 357 359 281
f 1060 1142 1061
f 313 311 389
f 2508 2510 2576
f 1542 169 170
f 170 169 2352
f 2461 2459 2537
f 2315 4 192
f 4 1496 192
f 983 1067 1065
f 1798 1701 1699
f 473 522 520
f 1784 1685 1684
f 340 418 416
f 2287 1460 2239
f 1269 1204 1268
f 2232 2169 2230
f 1712 1606 1608
f 1989 2065 1988
f 1183 1196 1123
f 1040 1087 1112
f 581 538 539
f 2025 1944 1946
f 1337 1279 1278
f 1213 1141 1212
f 2623 2621 2669
f 96 95 1543
f 830 726 724
f 2659 2699 2658
f 2259 1456 2306
f 1196 1125 1123
f 2571 2502 2504
f 563 517 519
f 2356 2358 2434
f 467 465 400
f 400 402 467
f 513 515 559
f 1041 1043 1124
f 2816 2720 2732
f 2311 190 2312
f 303 305 227
f 837 733 839
f 737 843 841
f 935 1023 933
f 837 731 733
f 2719 2745 2699
f 1153 1071 1073
f 2744 2717 2718
f 1284 1341 1282
f 1397 1345 1347
f 475 410 412
f 414 475 412
f 562 595 564
f 686 678 703
f 1846 1751 1845
f 2308 2652 2696
f 875 774 877
f 470 520 519
f 1892 1975 1890
f 2145 2078 2147
f 452 381 379
f 151 150 1494
f 203 79 1
f 79 710 1
f 931 837 933
f 1955 2036 1957
f 2736 2755 2739
f 1182 1180 1107
f 1152 1150 1221
f 1684 1578 1580
f 2613 2615 2661
f 860 757 858
f 2379 2455 2457
f 1123 1042 1040
f 2272 2273 2219
f 2790 2804 2784
f 2490 2488 2412
f 382 380 304
f 1805 1807 1898
f 2533 2595 2535
f 2592 2595 2533
f 2535 2595 2537
f 744 742 848
f 848 942 944
f 1211 1275 1212
f 2770 2757 2782
f 807 905 805
f 1409 1410 1448
f 1244 1246 1177
f 2623 2624 2570
f 2292 2245 2293
f 2192 2129 2193
f 640 652 620
f 2090 2089 2157
f 748 746 751
f 2728 2309 2752
f 624 623 641
f 1132 1051 1134
f 1543 1541 96
f 1541 1576 97
f 490 577 533
f 1871 1779 1873
f 227 68 225
f 1023 1105 1021
f 1148 1068 1066
f 1336 1337 1278
f 2671 2627 2624
f 431 429 489
f 428 488 489
f 199 5 6
f 5 1535 6
f 1537 1576 1535
f 263 341 265
f 415 337 413
f 341 343 265
f 265 49 263
f 768 49 770
f 875 877 970
f 712 711 818
f 820 916 822
f 2244 2291 2243
f 2764 2816 2732
f 23 230 228
f 868 765 866
f 2513 2579 2515
f 1197 1124 1126
f 1420 1419 1374
f 1617 1506 1504
f 2320 186 185
f 185 186 1512
f 2424 2502 2500
f 2225 2162 2224
f 2346 2424 2422
f 2364 163 2366
f 1962 1871 1873
f 2514 2580 2578
f 2171 2234 2173
f 627 657 626
f 1254 1253 1186
f 949 950 1037
f 1642 1745 1640
f 1761 1763 1855
f 1521 1519 13
f 200 8 9
f 8 1529 9
f 9 1529 1527
f 1799 1890 1797
f 1289 1348 1291
f 1382 1383 1331
f 1024 1108 1026
f 2038 1957 2036
f 854 949 948
f 1195 1197 1263
f 393 462 395
f 315 391 393
f 288 210 212
f 1106 1024 1022
f 801 901 899
f 1891 1976 1893
f 1083 1081 999
f 279 281 203
f 2082 2008 2112
f 2572 2503 2570
f 1909 1992 1991
f 2366 163 162
f 163 1556 162
f 162 2368 2366
f 151 815 813
f 1490 1492 149
f 51 261 50
f 51 50 766
f 1920 2001 2003
f 1995 1993 2056
f 2006 2080 2004
f 1492 150 149
f 809 811 909
f 2553 2482 2555
f 2410 2486 2408
f 2718 2698 2744
f 2144 2077 2075
f 2734 2816 2764
f 2321 2319 2397
f 1808 1709 1806
f 2395 2317 2393
f 1925 1833 1835
f 2000 1998 1917
f 1998 2072 1996
f 2171 2169 2232
f 644 655 664
f 893 795 895
f 2177 2180 2114
f 1785 1787 1878
f 775 121 773
f 2361 2363 121
f 120 2361 121
f 2019 2091 2092
f 683 703 664
f 2542 2603 2602
f 576 488 532
f 481 488 428
f 1851 1853 1942
f 1592 1479 1594
f 330 332 408
f 1791 1694 1793
f 1346 1396 1398
f 1220 1284 1282
f 1433 1434 1390
f 1095 1170 1168
f 893 895 987
f 1144 1143 1215
f 401 323 399
f 2304 2305 2280
f 659 683 672
f 582 581 539
f 73 215 217
f 1098 1171 1173
f 809 149 811
f 903 803 805
f 1924 2007 1926
f 2557 2613 2555
f 1430 1431 1387
f 1363 1409 1408
f 976 1060 1061
f 2574 2572 2624
f 1385 1384 1428
f 1330 1271 1329
f 2341 2339 2417
f 1454 1434 1433
f 1361 1362 1407
f 2312 190 189
f 1504 189 190
f 2190 2245 2189
f 686 694 695
f 2778 2793 2794
f 1088 1053 977
f 2120 2122 2052
f 2719 2699 2659
f 1703 1705 1599
f 1486 147 146
f 986 988 894
f 2503 2501 2570
f 990 896 988
f 1591 1593 1478
f 2784 2762 2763
f 2711 2738 2709
f 2477 2399 2475
f 2409 2333 2331
f 1807 1809 1900
f 1907 1908 1990
f 511 460 463
f 2613 2611 2555
f 2557 2615 2613
f 2622 2668 2620
f 438 493 494
f 684 665 689
f 894 988 896
f 790 888 890
f 1782 1781 1783
f 1362 1408 1407
f 1303 1242 1301
f 1498 1497 25
f 26 236 234
f 1915 1825 1917
f 2273 2272 2297
f 2113 2045 2115
f 1794 1796 1697
f 1076 1074 1156
f 1793 1694 1696
f 2060 2129 2128
f 587 550 552
f 2192 2248 2247
f 677 675 649
f 1243 1304 1302
f 17 18 218
f 19 1507 20
f 19 20 222
f 105 2331 106
f 105 106 804
f 632 650 616
f 2072 2074 2141
f 6 1535 1533
f 2023 2022 2095
f 2248 2192 2193
f 27 28 238
f 27 1493 28
f 28 240 238
f 236 314 312
f 1774 1772 1866
f 2163 2096 2095
f 2581 2633 2584
f 777 119 120
f 119 2359 120
f 775 120 121
f 1652 1541 1543
f 1090 1086 1006
f 223 69 70
f 69 729 70
f 1371 1372 1417
f 774 776 877
f 2052 1976 1974
f 1650 1649 1752
f 1753 1650 1752
f 1938 1939 1848
f 2519 2443 2441
f 2519 2521 2443
f 1785 1686 1688
f 1688 1690 1787
f 1306 1245 1247
f 1394 1342 1392
f 822 718 716
f 2369 2445 2447
f 767 868 870
f 941 1031 1029
f 2294 2295 2270
f 1975 1977 2053
f 1796 1794 1887
f 1709 1603 1707
f 1287 1223 1285
f 148 1490 149
f 1887 1794 1885
f 1885 1970 1887
f 776 774 46
f 1522 180 181
f 181 180 2330
f 178 1526 1528
f 178 2336 2334
f 96 97 714
f 2042 1944 2025
f 826 824 920
f 2336 2338 2414
f 1641 1530 1528
f 854 752 855
f 1373 1320 1321
f 562 518 516
f 1949 2028 2030
f 2258 2305 2257
f 479 482 419
f 2591 2641 2638
f 842 738 736
f 1556 1667 1558
f 1558 161 162
f 161 2368 162
f 160 2372 2370
f 1560 1669 1671
f 1778 1675 1776
f 1488 1490 148
f 2261 2287 2288
f 2183 2117 2119
f 903 905 997
f 2154 2086 2153
f 1844 1750 1749
f 1936 1846 1845
f 2723 2708 2747
f 2420 2498 2496
f 947 1035 1034
f 514 464 512
f 642 624 641
f 2159 2160 2092
f 2095 2162 2163
f 2749 2772 2771
f 2092 2091 2159
f 578 556 609
f 972 1056 1057
f 2579 2513 2511
f 2585 2584 2636
f 1284 1222 1286
f 2338 2416 2414
f 2005 1922 2003
f 2009 1928 1926
f 1838 1744 1742
f 1907 1816 1908
f 2609 2554 2551
f 801 145 803
f 2654 2606 2607
f 2610 2655 2607
f 1272 1331 1273
f 1133 1050 1131
f 1271 1330 1272
f 2678 2633 2631
f 978 1061 1062
f 858 953 860
f 862 761 759
f 2587 2639 2589
f 152 1496 4
f 821 819 715
f 1652 1646 1541
f 1433 1453 1454
f 2439 2361 2437
f 2316 2392 2314
f 2555 2611 2553
f 2555 2482 2484
f 2452 2530 2528
f 2607 2655 2654
f 857 756 859
f 854 948 853
f 55 251 253
f 325 249 247
f 747 852 851
f 1361 1407 1406
f 560 562 516
f 80 3 1573
f 858 951 953
f 2079 2081 2005
f 1834 1924 1926
f 1926 1928 1836
f 464 514 466
f 947 852 853
f 409 472 474
f 1342 1394 1344
f 2023 2096 2024
f 2692 2728 2726
f 1327 1269 1268
f 2561 2617 2563
f 2020 1938 2019
f 474 472 521
f 251 249 327
f 950 857 952
f 329 407 331
f 1961 1960 1962
f 2301 2276 2300
f 2577 2629 2579
f 1303 1358 1305
f 630 626 656
f 2700 2730 2732
f 1220 1222 1284
f 1886 1969 1884
f 2241 1460 2261
f 2043 2111 1965
f 2186 2122 2120
f 449 503 501
f 226 21 22
f 22 21 1503
f 1503 1501 22
f 2001 2077 2003
f 1926 1836 1834
f 2412 2488 2410
f 1892 1890 1799
f 2581 2517 2515
f 441 369 367
f 205 78 79
f 79 78 711
f 359 283 281
f 1935 1936 1845
f 2441 2517 2519
f 2077 2079 2003
f 1550 166 1548
f 2362 164 2364
f 2516 2518 2582
f 2584 2633 2636
f 477 525 479
f 921 827 923
f 1302 1304 1357
f 359 480 437
f 437 480 533
f 1353 1298 1354
f 1091 1007 1009
f 2590 2640 2592
f 1494 1607 1609
f 2542 2602 2543
f 1806 1709 1707
f 2773 2763 2745
f 1103 1105 1178
f 305 381 383
f 450 504 452
f 2238 2287 2237
f 678 669 653
f 2180 2116 2114
f 956 954 861
f 261 259 337
f 2518 2583 2582
f 2740 2741 2715
f 2093 2092 2160
f 2280 2226 2279
f 1908 1909 1991
f 286 288 364
f 1905 1987 1904
f 2068 2067 1991
f 1813 1814 1905
f 349 350 273
f 43 1463 1462
f 566 522 568
f 1888 1886 1795
f 551 504 549
f 1757 1656 1759
f 2569 2772 2792
f 1970 1972 1887
f 1695 1794 1697
f 2364 2366 2442
f 1013 923 925
f 1021 1105 1103
f 1557 1559 1668
f 2692 2694 2728
f 655 672 664
f 2775 2792 2772
f 422 484 483
f 933 837 839
f 512 509 555
f 1019 1021 1103
f 1245 1304 1243
f 1374 1321 1322
f 1160 1162 1080
f 1339 1338 1390
f 469 470 519
f 529 574 579
f 473 408 410
f 1243 1176 1245
f 1919 1827 1829
f 360 436 358
f 2035 1956 2037
f 856 850 944
f 1612 1613 1717
f 2200 2201 2256
f 543 605 582
f 374 446 372
f 1799 1700 1702
f 1892 1894 1977
f 1901 1809 1810
f 128 2375 2377
f 2381 2459 2383
f 1380 1329 1328
f 244 30 31
f 1712 1714 1810
f 575 599 600
f 2597 2596 2536
f 2596 2534 2536
f 850 848 944
f 2379 2457 2381
f 938 936 1026
f 2589 2639 2590
f 2527 2525 2589
f 1017 1099 1015
f 215 73 74
f 74 73 721
f 929 927 833
f 2081 2007 2005
f 1697 1591 1695
f 2059 2060 2128
f 438 494 441
f 1169 1238 1171
f 788 886 888
f 2341 111 110
f 110 111 794
f 342 418 340
f 1869 1871 1960
f 1057 973 972
f 2719 2758 2745
f 1749 1645 1748
f 819 818 713
f 752 57 754
f 173 2346 2344
f 2406 2482 2404
f 1906 1905 1814
f 2150 2083 2081
f 685 669 686
f 750 58 752
f 747 60 749
f 749 852 747
f 834 730 728
f 366 290 368
f 730 89 728
f 379 303 301
f 1156 1158 1076
f 2657 2701 2660
f 485 531 486
f 485 425 423
f 337 339 261
f 1165 1163 1083
f 2810 2808 2568
f 739 845 843
f 311 233 309
f 247 58 245
f 245 59 243
f 249 325 327
f 1233 1162 1231
f 1161 1081 1163
f 1359 1361 1406
f 1176 1178 1245
f 854 853 750
f 397 464 466
f 2242 2185 2187
f 2242 2289 2240
f 2293 2294 2269
f 2642 2687 2688
f 9 202 200
f 200 276 198
f 202 278 200
f 2515 2517 2439
f 315 317 239
f 375 299 297
f 235 313 237
f 63 235 237
f 113 2345 2347
f 792 111 112
f 112 111 2343
f 2343 111 2341
f 232 25 234
f 236 312 234
f 1714 1712 1608
f 382 304 306
f 1497 26 25
f 1650 1539 1649
f 2424 2346 2348
f 525 524 570
f 956 1041 954
f 1084 1002 1000
f 141 793 140
f 853 852 749
f 749 750 853
f 1032 1033 1115
f 1115 1188 1187
f 313 315 237
f 2340 2342 2418
f 2610 2607 2552
f 2552 2476 2478
f 1918 1920 1828
f 31 30 1487
f 1124 1043 1126
f 1203 1205 1235
f 1134 1053 1088
f 598 623 624
f 1128 1045 1047
f 2469 2393 2391
f 1084 1165 1089
f 1705 1804 1707
f 1110 1028 1026
f 1248 1307 1309
f 1305 1244 1303
f 1836 1928 1838
f 179 1526 178
f 179 178 2334
f 1356 1303 1301
f 1445 1444 1406
f 1773 1771 1670
f 1766 1665 1663
f 1665 1554 1663
f 2628 2576 2578
f 2576 2510 2578
f 2625 2571 2573
f 1550 1661 1552
f 1753 1752 1847
f 845 741 847
f 2425 2503 2427
f 975 1060 976
f 871 768 770
f 346 268 270
f 744 82 742
f 352 428 351
f 1656 1658 1759
f 2116 2182 2118
f 455 388 458
f 2206 2208 2144
f 2208 2146 2144
f 12 1523 1521
f 1892 1977 1975
f 1968 1970 1885
f 1546 1657 1548
f 184 1514 1516
f 1548 167 1546
f 2815 2545 2769
f 249 251 56
f 1087 1030 1112
f 2692 2648 2694
f 2721 2723 2747
f 1599 1597 1703
f 2116 2046 2114
f 771 872 874
f 874 773 771
f 281 283 205
f 818 711 713
f 1707 1601 1705
f 2550 2605 2608
f 1792 1885 1794
f 738 740 84
f 2019 2018 2091
f 2089 2090 2017
f 2625 2672 2691
f 2028 1949 1947
f 167 2356 168
f 541 494 540
f 323 325 247
f 747 851 745
f 769 872 771
f 2579 2581 2515
f 410 408 332
f 332 256 334
f 412 336 414
f 2431 2429 2507
f 2513 2437 2435
f 1728 1623 1726
f 2476 2398 2400
f 1017 929 1019
f 927 929 1017
f 692 680 676
f 1905 1906 1988
f 446 501 500
f 312 388 310
f 411 409 474
f 760 53 762
f 1546 167 168
f 2352 169 2354
f 2096 2023 2095
f 1735 1831 1829
f 1829 1827 1733
f 1467 40 1469
f 344 346 422
f 1896 1981 1979
f 254 256 332
f 206 282 204
f 10 202 9
f 10 9 1527
f 618 617 638
f 278 202 280
f 10 1525 11
f 2525 2527 2449
f 2584 2521 2519
f 1742 1836 1838
f 2261 2263 2208
f 2486 2557 2484
f 181 2330 2328
f 1892 1799 1801
f 1897 1804 1895
f 2488 2490 2559
f 2593 2498 2500
f 2778 2764 2753
f 2319 99 2317
f 1713 1615 1609
f 1702 1700 1596
f 1056 1138 1057
f 1365 1312 1313
f 1978 1895 1893
f 2603 2594 2646
f 1078 1076 1158
f 2369 2371 125
f 2373 127 126
f 763 126 127
f 2766 2817 2735
f 1057 1139 1058
f 2359 2357 2435
f 2431 2433 2355
f 974 973 1058
f 1030 1028 1112
f 207 78 205
f 712 818 714
f 283 207 205
f 126 2371 2373
f 125 124 2369
f 125 767 124
f 2435 2437 2359
f 2511 2513 2435
f 1391 1434 1435
f 1060 1141 1142
f 969 971 876
f 1217 1146 1216
f 1854 1856 1762
f 2564 2620 2618
f 1760 1854 1762
f 2434 2432 2356
f 1189 1117 1190
f 1452 1451 1413
f 1904 1812 1813
f 2139 2141 2203
f 2099 2165 2167
f 507 552 505
f 753 131 132
f 2383 132 131
f 753 755 131
f 864 761 862
f 1985 1902 1903
f 2128 2129 2192
f 1692 1694 1791
f 483 456 420
f 1688 1686 1582
f 2622 2620 2566
f 2292 2244 2245
f 2060 2059 1983
f 97 98 712
f 279 277 355
f 1385 1428 1429
f 1601 1486 1599
f 733 731 68
f 2251 2298 2250
f 1716 1611 1612
f 515 513 465
f 970 968 875
f 1578 1683 1577
f 419 341 417
f 482 479 527
f 2571 2647 2593
f 223 70 221
f 676 648 656
f 1793 1696 1795
f 1584 1582 1469
f 264 340 262
f 2249 2248 2193
f 1306 1304 1245
f 100 2319 2321
f 903 997 995
f 2291 2290 2243
f 2344 174 173
f 1536 173 174
f 1701 1597 1595
f 1602 1600 1487
f 390 392 460
f 1803 1894 1801
f 1426 1427 1383
f 1407 1445 1406
f 129 2379 130
f 129 130 757
f 2735 2706 2705
f 1227 1156 1225
f 1300 1355 1354
f 1699 1796 1798
f 20 224 222
f 19 1509 1507
f 507 578 552
f 25 26 234
f 1228 1292 1290
f 2465 2542 2543
f 245 323 247
f 1037 950 1038
f 947 948 1035
f 2437 2515 2439
f 1748 1842 1843
f 175 174 2342
f 175 1534 174
f 1971 1888 1973
f 1902 1901 1810
f 359 357 480
f 818 819 914
f 38 258 37
f 38 37 1473
f 1797 1700 1799
f 1889 1796 1887
f 1602 1708 1706
f 668 639 651
f 2055 1977 1979
f 1390 1434 1391
f 238 236 27
f 2537 2595 2598
f 61 241 60
f 61 60 747
f 395 317 393
f 1028 1110 1112
f 2537 2539 2461
f 1062 980 978
f 1615 1617 1504
f 2551 2479 2477
f 2055 2053 1977
f 453 455 507
f 2047 1971 2049
f 1797 1890 1888
f 328 252 330
f 816 100 814
f 2732 2730 2753
f 2720 2816 2703
f 1289 1225 1287
f 1991 2067 1990
f 290 288 212
f 2338 176 2340
f 1847 1848 1753
f 1135 1207 1136
f 1212 1275 1276
f 585 545 547
f 565 563 519
f 968 873 875
f 1685 1683 1684
f 2651 2650 2696
f 2611 2613 2659
f 1766 1768 1665
f 2140 2142 2073
f 1978 1976 2054
f 1667 1556 1665
f 632 616 587
f 496 495 440
f 19 222 220
f 1158 1156 1227
f 2624 2670 2671
f 1289 1291 1227
f 2199 2198 2135
f 693 677 681
f 1904 1903 1812
f 2061 1985 2062
f 2240 2288 2238
f 1986 1985 1903
f 2127 2059 2128
f 2150 2081 2148
f 759 129 757
f 2247 2246 2191
f 2559 2616 2615
f 2478 2480 2553
f 1635 1633 1738
f 1862 1953 1864
f 1127 1129 1046
f 1044 959 957
f 1055 971 969
f 2585 2636 2587
f 2523 2585 2587
f 2607 2606 2549
f 2696 2652 2651
f 731 69 68
f 225 68 69
f 2441 2363 2439
f 123 2365 2367
f 1883 1968 1885
f 2118 2184 2120
f 1670 1672 1773
f 2605 2653 2608
f 1957 2038 1959
f 2638 2641 2685
f 1782 1780 1876
f 2685 2684 2638
f 862 759 860
f 2455 2379 2377
f 2379 129 2377
f 2377 129 128
f 128 129 759
f 2220 2273 2274
f 2691 2647 2625
f 2090 2091 2018
f 2340 176 175
f 1532 175 176
f 1532 1534 175
f 463 396 465
f 46 269 271
f 272 270 44
f 183 1516 1518
f 1798 1796 1889
f 2473 2397 2395
f 2609 2551 2608
f 2471 2548 2473
f 2548 2550 2473
f 2417 2339 2415
f 2543 2602 2604
f 1985 1986 2062
f 1984 2060 1983
f 2070 2069 1994
f 2247 2191 2192
f 234 312 310
f 390 314 392
f 236 26 27
f 1740 1836 1742
f 1625 1730 1627
f 1117 1189 1116
f 2748 2771 2768
f 1777 1674 1676
f 1514 185 1512
f 1623 1728 1625
f 2478 2553 2552
f 1510 1623 1512
f 1821 1913 1911
f 1731 1825 1729
f 1951 1949 2030
f 2167 2101 2099
f 2586 2522 2524
f 1957 1866 1955
f 1545 95 94
f 576 538 603
f 1543 1545 1654
f 1076 992 1074
f 1074 1154 1156
f 2536 2534 2458
f 2093 2160 2161
f 1939 2021 1940
f 2626 2625 2573
f 560 558 590
f 1497 1611 1610
f 2670 2706 2671
f 1702 1704 1801
f 2409 2487 2411
f 794 796 110
f 898 896 990
f 976 1061 978
f 1055 969 1054
f 976 978 884
f 2349 2347 2425
f 788 113 114
f 114 113 2347
f 709 1422 1405
f 1040 953 1087
f 534 455 458
f 1809 1901 1900
f 1049 1047 962
f 1346 1348 1289
f 2405 2481 2483
f 2129 2060 2061
f 177 176 2338
f 177 1530 176
f 286 364 362
f 1729 1825 1823
f 937 935 841
f 198 276 274
f 198 8 200
f 1896 1803 1805
f 1797 1795 1698
f 1595 1597 1482
f 2651 2604 2602
f 144 1480 1482
f 1976 1891 1974
f 1240 1299 1301
f 218 18 220
f 1723 1725 1819
f 474 524 476
f 317 241 239
f 56 756 754
f 1036 948 949
f 1801 1894 1892
f 1481 1483 1596
f 1756 1754 1849
f 1540 171 1539
f 339 337 415
f 521 567 524
f 1235 1282 1296
f 586 551 549
f 1054 969 967
f 2443 2445 2367
f 754 855 752
f 941 845 847
f 391 461 393
f 754 857 855
f 2342 2340 175
f 1279 1280 1216
f 949 1037 1036
f 923 1013 1011
f 1118 1035 1036
f 474 521 524
f 1579 1683 1685
f 1795 1797 1888
f 1540 170 171
f 2350 171 170
f 110 2339 2341
f 794 111 792
f 857 950 855
f 752 58 57
f 58 247 57
f 27 26 1495
f 632 587 607
f 1903 1902 1811
f 308 386 384
f 1632 1735 1630
f 2669 2670 2623
f 1192 1191 1119
f 1229 1293 1231
f 16 216 214
f 156 1568 1570
f 2257 2201 2202
f 1119 1118 1036
f 2188 2244 2243
f 1482 1480 1595
f 745 62 61
f 61 62 239
f 375 448 377
f 727 833 831
f 299 375 377
f 70 729 727
f 223 221 299
f 917 821 823
f 1752 1649 1751
f 1847 1938 1848
f 2350 170 2352
f 2350 2352 2428
f 639 619 651
f 411 474 476
f 1835 1927 1925
f 1626 1731 1729
f 1511 18 17
f 1800 1802 1703
f 2783 2765 2760
f 1287 1346 1289
f 1643 1746 1748
f 2549 2474 2476
f 1321 1320 1261
f 1560 161 1558
f 2615 2557 2559
f 586 606 194
f 1375 1420 1374
f 947 853 948
f 399 397 466
f 1771 1668 1670
f 2349 114 2347
f 790 788 888
f 1001 1085 1083
f 645 679 663
f 1519 1517 14
f 2691 2668 2622
f 2684 2637 2638
f 2052 1974 2050
f 1554 1552 1663
f 170 1540 1542
f 2527 2589 2590
f 2102 2031 2104
f 2643 2595 2642
f 2097 2165 2099
f 2670 2624 2623
f 1904 1813 1905
f 1902 1985 1984
f 1610 1611 1715
f 1586 1690 1584
f 1205 1132 1134
f 343 421 345
f 294 370 292
f 1517 1519 1630
f 1022 1020 1104
f 15 1517 1515
f 1891 1800 1798
f 2546 2548 2471
f 1505 21 20
f 20 21 224
f 1505 1618 1616
f 1789 1880 1787
f 913 912 1005
f 2317 2315 2393
f 911 909 811
f 1709 1808 1711
f 148 147 1488
f 1895 1802 1893
f 1551 1660 1549
f 1181 1179 1248
f 648 630 656
f 269 347 271
f 45 273 2
f 45 2 778
f 271 273 45
f 45 776 46
f 45 46 271
f 283 359 361
f 2810 2814 2807
f 1106 1179 1181
f 1523 1636 1634
f 1441 1353 1354
f 195 619 593
f 1175 1244 1177
f 1177 1102 1175
f 1040 955 953
f 2457 2455 2533
f 115 114 2349
f 115 786 114
f 1143 1142 1214
f 1388 1431 1432
f 1027 1029 1111
f 422 420 344
f 1466 137 136
f 785 883 783
f 849 945 943
f 62 237 239
f 905 903 805
f 2061 2060 1984
f 2077 2001 2075
f 2484 2406 2408
f 1625 1627 1514
f 2402 2478 2400
f 1074 992 990
f 2662 2703 2665
f 1598 1704 1702
f 324 400 322
f 1706 1805 1803
f 2572 2574 2505
f 1142 1213 1214
f 2618 2664 2616
f 1513 16 1515
f 2387 2463 2464
f 2384 154 153
f 153 154 1574
f 2153 2215 2216
f 2660 2614 2612
f 898 798 896
f 1646 1644 1533
f 1527 1529 1640
f 1782 1681 1679
f 2460 2538 2536
f 1492 1490 1605
f 984 1066 1068
f 742 82 83
f 2540 2538 2462
f 2621 2567 2565
f 861 954 859
f 247 249 57
f 253 251 329
f 331 407 409
f 1997 2073 1999
f 738 844 740
f 2289 2265 2263
f 276 352 274
f 360 284 362
f 331 253 329
f 1731 1628 1733
f 308 384 306
f 2130 2129 2061
f 2002 1921 2004
f 2074 1998 2000
f 1735 1829 1733
f 582 539 542
f 1823 1825 1915
f 442 444 498
f 1628 1517 1630
f 1183 1250 1196
f 2117 2181 2115
f 1229 1160 1158
f 564 567 521
f 1051 1053 1134
f 985 1067 983
f 1088 1063 1134
f 1197 1195 1124
f 7 6 1533
f 199 275 277
f 983 1065 981
f 353 431 355
f 714 820 716
f 1876 1962 1873
f 2588 2637 2586
f 412 410 334
f 1706 1704 1600
f 320 396 318
f 383 307 305
f 377 379 301
f 1856 1854 1945
f 1856 1945 1947
f 2237 2181 2238
f 2181 2237 2179
f 244 246 322
f 2405 2329 2327
f 1675 1673 1776
f 2532 2456 2534
f 207 209 77
f 1468 1581 1583
f 1205 1134 1145
f 158 2374 159
f 949 855 950
f 1116 1034 1117
f 943 847 849
f 1554 164 1552
f 2583 2634 2582
f 2532 2534 2600
f 1984 1985 2061
f 2692 2726 2685
f 2685 2641 2692
f 1742 1639 1637
f 181 1520 1522
f 1052 1133 1135
f 699 702 700
f 2244 2188 2189
f 678 653 658
f 2240 2185 2242
f 557 592 591
f 715 713 77
f 827 723 829
f 2478 2476 2400
f 1887 1972 1889
f 2721 2747 2760
f 599 624 625
f 1374 1322 1375
f 1323 1376 1375
f 1322 1323 1375
f 2397 2399 2321
f 813 815 913
f 1346 1287 1344
f 2355 118 117
f 117 118 780
f 2353 117 116
f 116 117 782
f 116 2351 2353
f 615 648 435
f 81 746 80
f 1241 1174 1243
f 1355 1402 1401
f 496 442 498
f 280 202 204
f 1036 1037 1119
f 1131 1204 1133
f 1058 1139 1140
f 1924 1832 1922
f 1738 1832 1834
f 2653 2652 2308
f 981 889 983
f 1147 1149 1218
f 2066 2135 2134
f 1296 1203 1235
f 1851 1757 1759
f 1764 1661 1762
f 2055 1979 2057
f 1710 1809 1807
f 244 31 246
f 2436 2512 2434
f 2434 2510 2432
f 2512 2510 2434
f 2078 2076 2002
f 2080 2078 2004
f 171 2350 2348
f 2723 2672 2708
f 2092 2020 2019
f 2500 2498 2422
f 1943 1854 1852
f 1536 1538 173
f 1539 1538 1649
f 2410 2332 2334
f 2076 2000 2002
f 2422 2498 2420
f 438 361 437
f 74 721 719
f 830 924 926
f 1643 1530 1641
f 1843 1842 1933
f 2079 2146 2148
f 1728 1824 1730
f 2081 2079 2148
f 2016 1934 2015
f 2088 2015 2087
f 2145 2207 2143
f 351 275 274
f 1006 1086 916
f 74 213 215
f 921 1009 919
f 289 211 287
f 819 821 915
f 2135 2198 2134
f 717 75 719
f 369 293 291
f 355 277 353
f 547 545 500
f 545 498 500
f 1906 1907 1989
f 2064 1987 1988
f 2194 2249 2193
f 366 288 290
f 1628 1626 1515
f 539 495 542
f 290 214 292
f 1113 1114 1186
f 1035 948 1036
f 401 399 466
f 61 747 745
f 1003 1085 1001
f 2384 153 2386
f 1574 1573 153
f 1116 1115 1033
f 11 1523 12
f 12 206 11
f 391 313 389
f 2381 131 130
f 131 755 130
f 1447 1446 1408
f 847 741 743
f 825 827 921
f 238 314 236
f 2662 2614 2660
f 2701 2662 2660
f 1233 1231 1294
f 1486 1484 1599
f 1484 1486 146
f 47 269 46
f 47 46 774
f 47 772 48
f 47 48 267
f 2462 2386 2464
f 2464 2540 2462
f 1573 1571 81
f 979 885 887
f 1307 1305 1360
f 1305 1358 1360
f 1878 1880 1964
f 1921 1923 2004
f 1873 1781 1782
f 2534 2596 2600
f 1326 1377 1378
f 1179 1106 1104
f 220 222 298
f 723 72 725
f 2688 2689 2643
f 1228 1159 1230
f 211 209 287
f 1077 993 995
f 811 813 911
f 1802 1800 1893
f 1792 1794 1695
f 1278 1214 1277
f 2671 2722 2707
f 771 123 769
f 2636 2680 2683
f 2633 2581 2631
f 2579 2629 2631
f 1688 1787 1785
f 1471 39 38
f 2475 2399 2397
f 2061 2062 2130
f 1085 1003 1004
f 2795 2796 2780
f 1759 1853 1851
f 718 720 94
f 529 483 484
f 1823 1913 1821
f 912 913 814
f 1823 1727 1729
f 2785 2798 2797
f 428 429 351
f 278 276 200
f 1358 1405 1360
f 1524 179 180
f 179 2332 180
f 1380 1381 1329
f 1309 1265 1250
f 108 800 107
f 108 107 2335
f 1044 1125 1127
f 1327 1268 1326
f 1136 1207 1208
f 102 812 101
f 102 101 2323
f 102 103 810
f 102 2325 103
f 2414 2490 2412
f 2336 178 177
f 1528 177 178
f 1137 1138 1056
f 1089 1085 1004
f 1360 1309 1307
f 427 425 486
f 778 776 45
f 338 416 414
f 529 484 530
f 1579 1466 1464
f 770 49 48
f 850 856 753
f 2533 2455 2531
f 82 1571 1569
f 1625 1728 1730
f 1860 1766 1858
f 1947 1858 1856
f 2166 2168 2229
f 1854 1943 1945
f 1664 1765 1662
f 2159 2091 2158
f 495 496 542
f 1610 1714 1608
f 1717 1613 1718
f 851 849 745
f 1717 1716 1612
f 26 1497 1495
f 1343 1341 1284
f 2759 2743 2717
f 54 758 55
f 54 55 253
f 105 806 104
f 105 104 2329
f 788 114 786
f 2427 2351 2349
f 1421 1420 1375
f 2026 2028 1947
f 1352 1324 1266
f 2596 2648 2600
f 1699 1593 1697
f 1393 1341 1343
f 884 886 786
f 2522 2444 2446
f 1577 1579 1464
f 1149 1069 1151
f 2813 2803 2805
f 1971 1969 1886
f 700 695 694
f 2115 2181 2179
f 1683 1579 1577
f 1039 1041 1122
f 2636 2683 2639
f 2601 2649 2599
f 1400 1398 1440
f 2045 2043 1967
f 665 638 666
f 2012 1932 1942
f 90 726 728
f 716 96 714
f 1543 95 1545
f 1734 1732 1828
f 1869 1960 1958
f 1766 1663 1764
f 226 304 302
f 1812 1716 1813
f 1718 1814 1717
f 521 518 564
f 2583 2518 2520
f 814 100 101
f 101 100 2321
f 2744 2762 2759
f 1339 1391 1340
f 907 905 807
f 1231 1160 1229
f 2612 2614 2556
f 190 1502 1504
f 2313 2389 2391
f 2656 2609 2608
f 910 1002 1004
f 1862 1951 1953
f 2676 2674 2707
f 1140 1141 1059
f 470 473 520
f 1594 1700 1698
f 933 1023 1021
f 1113 1111 1029
f 135 134 1575
f 1581 1687 1583
f 1667 1770 1669
f 2370 161 160
f 1835 1833 1739
f 1737 1833 1831
f 10 1527 1525
f 1663 1661 1764
f 2520 2518 2442
f 162 1556 1558
f 2473 2475 2397
f 673 432 681
f 2064 2065 2133
f 202 10 204
f 1990 2067 2066
f 1527 1640 1638
f 1990 1908 1991
f 1316 1368 1315
f 1035 1118 1117
f 1711 1605 1709
f 434 491 532
f 1837 1929 1927
f 358 436 434
f 1701 1800 1703
f 1703 1597 1701
f 2759 2762 2774
f 2811 2801 2794
f 1276 1213 1212
f 1059 1141 1060
f 2598 2539 2537
f 2539 2463 2461
f 1621 1619 1724
f 1664 1662 1553
f 2286 2235 2236
f 2699 2745 2731
f 1619 1722 1724
f 2283 1457 2285
f 1457 1458 2285
f 1732 1629 1627
f 184 1516 183
f 1826 1916 1918
f 1514 1512 1625
f 1224 1222 1153
f 1393 1395 1421
f 1043 958 1045
f 1525 1523 11
f 11 206 204
f 490 533 480
f 1841 1757 1851
f 1755 1747 1652
f 2322 2398 2320
f 1730 1732 1627
f 1755 1757 1841
f 1747 1755 1841
f 611 704 661
f 1050 1052 965
f 435 680 647
f 1568 1677 1679
f 2098 2042 2025
f 1942 1944 2012
f 1098 1096 1171
f 834 728 832
f 1674 1565 1676
f 494 493 540
f 1189 1188 1116
f 1311 1364 1363
f 1814 1718 1815
f 1814 1813 1717
f 1816 1907 1815
f 2692 2641 2648
f 1028 938 1026
f 85 738 84
f 1872 1876 1780
f 2096 2097 2024
f 2540 2464 2541
f 2601 2599 2540
f 2463 2539 2541
f 1612 1499 1613
f 1813 1716 1717
f 310 232 234
f 403 405 327
f 518 521 471
f 468 518 471
f 765 126 763
f 765 767 125
f 125 126 765
f 2371 126 125
f 765 763 866
f 2042 2098 2112
f 496 543 542
f 2415 2339 2337
f 2413 2415 2337
f 2415 2491 2493
f 2324 184 183
f 760 758 54
f 1828 1826 1918
f 2745 2763 2731
f 758 861 859
f 159 1562 1564
f 2637 2682 2635
f 2110 2037 2039
f 1780 1677 1778
f 851 946 945
f 1434 1455 1435
f 1435 705 1436
f 1210 1273 1274
f 2233 2286 2284
f 2227 2228 2165
f 2230 2228 2282
f 1120 1038 1121
f 462 512 464
f 1012 1096 1014
f 2237 2180 2179
f 2120 2184 2186
f 2184 2241 2186
f 2047 2117 2115
f 2115 2045 2047
f 643 607 633
f 652 633 620
f 2251 2299 2298
f 633 591 620
f 1608 1493 1495
f 230 232 308
f 1608 1495 1610
f 2056 2124 2071
f 1229 1291 1293
f 1889 1891 1798
f 1893 1800 1891
f 1798 1800 1701
f 1220 1149 1151
f 1376 1393 1421
f 2816 2734 2703
f 160 161 1560
f 2065 1989 2066
f 306 304 228
f 453 382 384
f 2133 2065 2134
f 458 510 534
f 507 455 534
f 1803 1704 1706
f 1598 1702 1596
f 325 403 327
f 1333 1385 1334
f 884 786 784
f 1607 1605 1711
f 2552 2553 2610
f 2607 2549 2552
f 2759 2717 2744
f 2707 2817 2736
f 1607 1492 1605
f 1459 1745 1747
f 2002 2004 2078
f 2012 1944 2042
f 2112 2008 2010
f 2170 2168 2102
f 2229 2178 2166
f 1741 1837 1835
f 2264 2209 2211
f 1399 1400 1440
f 1219 1283 1221
f 2754 2734 2764
f 2705 2703 2734
f 2799 2776 2789
f 1512 1623 1625
f 2338 2336 177
f 2698 2699 2731
f 2704 2733 2702
f 1654 1757 1755
f 540 493 577
f 580 627 626
f 656 626 657
f 2264 2211 2229
f 1662 1763 1660
f 1165 1084 1164
f 2653 2656 2608
f 1294 1232 1233
f 2612 2657 2660
f 1293 1350 1351
f 116 782 784
f 2567 2497 2565
f 784 882 884
f 228 230 306
f 1497 1610 1495
f 1924 1922 2005
f 782 117 780
f 1059 1058 1140
f 2505 2574 2507
f 257 255 333
f 863 762 865
f 1651 1540 1650
f 2422 2424 2500
f 2428 2426 2350
f 1536 174 1534
f 101 2321 2323
f 811 149 150
f 1636 1523 1525
f 1851 1932 1841
f 2058 2126 2057
f 2426 2424 2348
f 1653 1544 1542
f 2019 1937 2018
f 2019 1938 1937
f 2775 2770 2782
f 1958 2039 2037
f 1959 2038 2040
f 2174 2172 2106
f 2284 2286 1458
f 1458 2286 2285
f 715 819 713
f 1392 1342 1340
f 2705 2667 2703
f 2777 2786 2754
f 2761 2730 2742
f 643 650 632
f 1414 1453 1452
f 700 694 697
f 2799 2808 2810
f 2198 2254 2253
f 320 244 322
f 2128 2192 2191
f 2059 2127 2058
f 1063 1065 1145
f 265 343 267
f 774 772 47
f 49 265 48
f 1590 1477 1592
f 1475 1590 1588
f 2177 2043 2113
f 1700 1797 1698
f 1967 1965 1882
f 1204 1202 1268
f 1110 1123 1112
f 2595 2592 2642
f 81 82 744
f 88 1559 1557
f 1295 1238 1169
f 630 648 615
f 2708 2672 2673
f 2691 2672 2723
f 2746 2721 2760
f 1534 1647 1536
f 2496 2418 2420
f 2618 2616 2562
f 363 285 361
f 447 373 445
f 923 1011 921
f 1638 1636 1525
f 1525 1527 1638
f 282 280 204
f 2658 2611 2659
f 2007 2009 1926
f 1974 1891 1889
f 2791 2804 2790
f 2762 2744 2731
f 2804 2808 2784
f 2789 2800 2799
f 926 924 1014
f 1586 1588 1692
f 38 39 260
f 1471 1584 1469
f 1779 1781 1873
f 1873 1782 1876
f 2709 2737 2708
f 2695 2693 2649
f 2641 2591 2600
f 976 882 975
f 1059 974 1058
f 882 881 975
f 2511 2435 2433
f 493 438 437
f 501 503 548
f 1950 1948 1859
f 728 89 90
f 90 89 1555
f 1553 1555 1664
f 90 1555 1553
f 273 350 272
f 1575 1462 1577
f 1577 1464 1575
f 2126 2125 2057
f 1896 1898 1981
f 1904 1986 1903
f 936 842 840
f 951 856 944
f 2377 2375 2453
f 848 850 744
f 840 842 736
f 2596 2644 2648
f 2601 2540 2541
f 2550 2475 2473
f 913 816 814
f 2319 2395 2397
f 2475 2550 2551
f 2551 2554 2479
f 813 913 911
f 2399 2401 2323
f 694 682 697
f 703 678 664
f 606 430 194
f 430 662 194
f 623 654 641
f 1174 1176 1243
f 662 430 615
f 1442 1402 1443
f 431 489 490
f 1848 1754 1753
f 591 633 609
f 2780 2781 2795
f 2760 2747 2767
f 505 552 550
f 1718 1719 1815
f 306 230 308
f 451 453 505
f 2134 2065 2066
f 1340 1283 1281
f 1344 1394 1396
f 1342 1283 1340
f 1390 1391 1339
f 1344 1287 1285
f 1396 1439 1398
f 2621 2667 2669
f 647 680 666
f 638 665 651
f 1354 1298 1300
f 1334 1385 1386
f 2517 2441 2439
f 2754 2786 2766
f 2187 2185 2121
f 2643 2642 2688
f 660 193 618
f 1430 1450 1451
f 287 209 285
f 472 407 471
f 692 696 701
f 2773 2765 2791
f 221 297 299
f 1404 1444 1443
f 2063 2064 2132
f 501 547 500
f 2530 2532 2600
f 1564 158 159
f 598 599 572
f 535 483 529
f 2381 130 2379
f 233 231 309
f 1103 1101 1019
f 1363 1362 1310
f 666 638 647
f 2792 2775 2782
f 2275 2299 2300
f 2291 2244 2292
f 2269 2270 2216
f 2791 2790 2773
f 280 358 356
f 1743 1741 1638
f 481 352 354
f 278 280 356
f 262 340 338
f 1538 1648 1649
f 1842 1748 1746
f 1843 1844 1749
f 2153 2086 2085
f 1228 1157 1159
f 1697 1796 1699
f 1395 1393 1343
f 2598 2645 2601
f 2601 2645 2649
f 755 757 130
f 942 951 944
f 785 137 787
f 571 525 570
f 981 1063 979
f 1345 1395 1343
f 1047 960 962
f 770 873 871
f 1044 1127 1046
f 951 1087 953
f 1325 1309 1360
f 2226 2225 2279
f 2544 2740 2815
f 2714 2725 2740
f 1264 1266 1324
f 518 468 516
f 1323 1322 1263
f 1962 1876 1872
f 2648 2641 2600
f 2503 2505 2427
f 1273 1332 1274
f 1148 1146 1217
f 1070 1072 988
f 988 986 1070
f 1068 1070 986
f 980 1064 982
f 2629 2676 2631
f 971 878 876
f 1267 1200 1265
f 1129 1048 1046
f 1055 1054 1136
f 1136 1054 1135
f 2152 2215 2153
f 2085 2152 2153
f 1997 1914 1995
f 2241 2206 2204
f 2210 2212 2148
f 113 788 790
f 1274 1211 1210
f 890 892 792
f 792 892 794
f 2637 2635 2586
f 2709 2677 2711
f 2578 2580 2630
f 2630 2675 2628
f 1914 1997 1916
f 2763 2762 2731
f 2003 2079 2005
f 2790 2784 2763
f 1739 1741 1835
f 581 628 603
f 2112 2010 2042
f 480 431 490
f 2497 2495 2565
f 2619 2621 2565
f 2429 2505 2507
f 1280 1217 1216
f 1221 1223 1152
f 205 79 203
f 710 79 711
f 203 281 205
f 2068 1991 1992
f 542 543 582
f 1907 1906 1815
f 274 352 351
f 1662 1660 1551
f 1662 1551 1553
f 1695 1591 1589
f 1480 1593 1595
f 2198 2197 2134
f 1164 1232 1163
f 999 905 907
f 1165 1164 1163
f 2697 2653 2308
f 614 645 628
f 491 436 492
f 436 491 434
f 2080 2149 2147
f 495 539 492
f 1410 1365 1411
f 1255 1254 1187
f 1412 1411 1366
f 461 462 393
f 1025 935 937
f 530 574 529
f 1695 1693 1792
f 1823 1821 1727
f 1359 1404 1357
f 925 831 927
f 445 373 371
f 1011 1093 1009
f 369 291 367
f 219 72 217
f 927 1015 925
f 1230 1292 1228
f 2761 2774 2789
f 993 901 995
f 1157 1226 1155
f 1226 1224 1155
f 1343 1284 1286
f 1077 1079 1159
f 719 721 825
f 285 363 287
f 612 637 644
f 2239 2182 2237
f 672 683 664
f 743 849 847
f 743 62 745
f 745 849 743
f 237 315 239
f 1557 1666 1555
f 1775 1867 1773
f 2810 2807 2793
f 2807 2794 2793
f 1889 1972 1974
f 2050 2120 2052
f 682 690 697
f 426 484 424
f 1575 1461 1462
f 1463 1577 1462
f 1005 1003 911
f 913 1005 911
f 1357 1404 1402
f 1243 1302 1241
f 829 923 827
f 289 213 211
f 823 717 719
f 823 825 919
f 1074 1072 1154
f 471 407 405
f 405 468 471
f 1037 1038 1120
f 1124 1195 1122
f 1262 1195 1263
f 356 358 434
f 1299 1353 1301
f 2224 2277 2278
f 2225 2224 2278
f 2279 2225 2278
f 2569 2771 2772
f 987 985 893
f 1218 1282 1235
f 1391 1392 1340
f 1391 1435 1392
f 2586 2635 2583
f 1707 1603 1601
f 2604 2546 2543
f 2650 2690 2717
f 2308 2742 2697
f 1965 2111 1964
f 1563 1674 1672
f 2751 2727 2716
f 852 946 851
f 2651 2602 2650
f 2603 2650 2602
f 1713 1607 1711
f 1787 1690 1789
f 414 416 478
f 1687 1685 1874
f 1881 1790 1788
f 2549 2476 2552
f 2400 2398 2322
f 1824 1728 1822
f 1734 1629 1732
f 2110 2039 2040
f 2039 1961 2040
f 154 1572 1574
f 1329 1270 1328
f 1328 1270 1269
f 1328 1269 1327
f 1360 1377 1325
f 2586 2583 2522
f 1677 1780 1679
f 468 466 516
f 405 407 329
f 327 405 329
f 364 439 362
f 545 543 498
f 1584 1688 1582
f 2302 2278 2277
f 2194 2195 2250
f 2276 2275 2300
f 807 147 148
f 909 1003 1001
f 2530 2591 2528
f 2104 2172 2170
f 2172 2233 2170
f 1279 1215 1278
f 2706 2722 2671
f 2669 2706 2670
f 1215 1143 1214
f 1435 1436 1392
f 1396 1394 1437
f 1003 1005 1004
f 991 993 1075
f 809 807 148
f 654 671 641
f 1414 1415 1453
f 2007 2083 2009
f 242 240 29
f 316 314 238
f 557 513 559
f 318 316 240
f 292 214 216
f 1735 1733 1630
f 1181 1248 1250
f 2381 2457 2459
f 2574 2575 2507
f 894 892 986
f 2342 2344 2420
f 2007 1924 2005
f 1815 1906 1814
f 1725 1727 1821
f 2194 2193 2130
f 1174 1172 1099
f 583 615 430
f 1075 1157 1155
f 1228 1290 1226
f 1980 1978 2056
f 1980 2056 1993
f 1484 1597 1599
f 1976 1978 1893
f 91 1551 92
f 724 91 92
f 832 830 926
f 832 926 928
f 926 1016 928
f 1551 91 1553
f 1297 1236 1237
f 924 1012 1014
f 922 924 828
f 1060 975 1059
f 1430 1386 1429
f 382 453 451
f 446 374 376
f 444 446 500
f 1755 1652 1654
f 285 283 361
f 922 1010 1012
f 489 537 490
f 975 881 974
f 2520 2522 2583
f 1174 1099 1101
f 1913 1996 1994
f 1817 1909 1908
f 1996 2070 1994
f 1823 1915 1913
f 548 503 550
f 2416 2492 2414
f 2204 2142 2140
f 1997 2071 2073
f 1734 1828 1830
f 1914 1916 1824
f 554 509 508
f 391 315 313
f 2219 2220 2157
f 2273 2220 2219
f 2157 2156 2219
f 2226 2164 2163
f 2301 2300 2253
f 2228 2281 2282
f 904 806 804
f 2656 2700 2657
f 2701 2700 2732
f 2407 2483 2485
f 693 687 677
f 669 670 640
f 653 669 640
f 965 1052 967
f 1048 961 1046
f 870 963 965
f 967 1052 1054
f 2268 2215 2214
f 874 967 969
f 2365 2443 2367
f 965 967 872
f 2111 2043 2177
f 2043 2045 2113
f 838 932 934
f 1407 1446 1445
f 651 665 668
f 622 619 639
f 1448 1410 1449
f 2213 2266 2267
f 2774 2800 2789
f 1643 1748 1645
f 2774 2761 2743
f 2155 2088 2087
f 2014 1931 2013
f 1765 1767 1859
f 1952 2031 1950
f 2031 2033 2104
f 2098 2100 2166
f 2178 2082 2112
f 844 846 740
f 2601 2539 2598
f 2592 2533 2531
f 504 502 549
f 499 497 544
f 445 371 443
f 1015 1013 925
f 1019 931 1021
f 1117 1034 1035
f 95 718 94
f 714 97 712
f 824 826 720
f 271 347 349
f 781 776 778
f 1468 1466 1581
f 267 269 47
f 345 267 343
f 1322 1321 1262
f 1322 1262 1263
f 540 577 604
f 583 630 615
f 1236 1297 1295
f 2278 2303 2279
f 1916 1826 1824
f 2001 1999 2075
f 1453 1415 1454
f 588 617 618
f 1954 1956 2035
f 2591 2530 2600
f 2752 2309 2775
f 2597 2644 2596
f 1916 1997 1999
f 1648 1538 1536
f 2420 2344 2422
f 2563 2619 2565
f 798 898 800
f 892 984 986
f 1265 1309 1325
f 2639 2640 2590
f 2683 2725 2714
f 2740 2725 2815
f 362 284 286
f 1719 1816 1815
f 446 444 372
f 2066 1989 1990
f 1481 1594 1479
f 338 340 416
f 252 328 250
f 1588 1694 1692
f 832 928 834
f 483 420 422
f 579 535 529
f 456 483 535
f 1685 1784 1874
f 2237 2287 2239
f 2263 2288 2289
f 1971 1973 2049
f 2183 2238 2181
f 2183 2185 2240
f 1734 1631 1629
f 2204 2206 2142
f 2549 2547 2472
f 2148 2146 2210
f 481 354 356
f 1008 1090 1092
f 1567 1565 84
f 2383 131 2381
f 1960 1961 2039
f 1024 936 934
f 2757 2544 2788
f 2178 2149 2082
f 434 481 356
f 1841 1932 1459
f 1353 1441 1301
f 1544 169 1542
f 2506 2504 2428
f 2504 2426 2428
f 1540 1539 1650
f 2350 2426 2348
f 2504 2502 2426
f 1750 1647 1749
f 22 228 226
f 382 306 384
f 1503 21 1505
f 2131 2195 2194
f 631 629 605
f 1911 1913 1994
f 1183 1108 1181
f 1123 1110 1183
f 1357 1402 1355
f 1397 1399 1440
f 874 872 967
f 2447 2525 2449
f 1886 1884 1793
f 1687 1689 1583
f 54 253 255
f 251 327 329
f 535 579 526
f 1877 1785 1878
f 2054 2124 2056
f 2054 2056 1978
f 1227 1291 1229
f 2736 2710 2707
f 2739 2755 2545
f 1377 1326 1325
f 1248 1309 1250
f 983 889 891
f 2541 2539 2601
f 2035 2033 1954
f 740 846 742
f 1563 1672 1561
f 1668 1559 1670
f 2724 2713 2750
f 420 418 342
f 422 346 424
f 492 539 538
f 2149 2080 2082
f 1929 1932 2012
f 1495 1493 27
f 1603 1488 1601
f 2389 2465 2467
f 907 909 1001
f 1743 1839 1837
f 1745 1839 1743
f 1640 1743 1638
f 843 937 841
f 839 735 841
f 450 452 379
f 933 1021 931
f 1039 1121 1038
f 1192 1260 1259
f 2565 2495 2493
f 1078 994 1076
f 2493 2491 2563
f 1187 1188 1255
f 1186 1253 1185
f 1033 1034 1116
f 1046 961 959
f 959 1044 1046
f 866 864 959
f 2535 2457 2533
f 1376 1421 1375
f 1155 1073 1075
f 1073 991 1075
f 2635 2682 2681
f 2221 2159 2158
f 2647 2691 2622
f 1215 1279 1216
f 786 886 788
f 644 664 635
f 613 637 612
f 1466 1468 137
f 231 307 309
f 309 307 385
f 1111 1109 1027
f 258 38 260
f 334 336 412
f 2305 2304 2257
f 2161 2224 2162
f 2163 2225 2226
f 2163 2162 2225
f 2165 2164 2227
f 1642 1644 1747
f 820 822 716
f 914 819 915
f 541 540 583
f 640 670 652
f 650 643 673
f 2133 2132 2064
f 643 633 652
f 681 650 673
f 2231 2264 2229
f 2254 2301 2253
f 435 647 662
f 2767 2783 2760
f 2159 2221 2222
f 2760 2765 2746
f 2708 2737 2747
f 1536 1647 1648
f 1647 1750 1648
f 1364 1409 1363
f 1182 1109 1184
f 1251 1182 1184
f 2407 2329 2405
f 2157 2220 2158
f 2220 2221 2158
f 2274 2221 2220
f 401 468 403
f 1282 1341 1352
f 524 525 477
f 888 980 982
f 1236 1295 1234
f 922 826 920
f 1006 916 915
f 2737 2767 2747
f 1941 1850 1940
f 1850 1756 1849
f 2472 2394 2396
f 1335 1336 1277
f 1278 1215 1214
f 978 886 884
f 784 786 115
f 2349 2351 115
f 274 275 197
f 355 431 480
f 1751 1649 1648
f 2743 2759 2774
f 1169 1094 1234
f 1295 1169 1234
f 1094 1092 1234
f 1092 1010 1008
f 825 921 919
f 1330 1331 1272
f 1325 1326 1267
f 1155 1153 1073
f 344 420 342
f 1968 1883 1966
f 413 411 476
f 2211 2149 2229
f 1144 1215 1216
f 945 1033 1032
f 975 974 1059
f 2575 2577 2509
f 2743 2761 2742
f 1672 1670 1561
f 572 599 573
f 570 597 571
f 2605 2546 2604
f 1932 1851 1942
f 357 279 355
f 1994 2069 1992
f 1909 1817 1819
f 1989 1907 1990
f 2269 2294 2270
f 2295 2271 2270
f 652 670 673
f 2268 2214 2267
f 907 807 809
f 2811 2794 2807
f 2468 2392 2470
f 2318 186 2320
f 2320 2398 2396
f 537 577 490
f 1407 1408 1446
f 1509 1622 1620
f 1732 1826 1828
f 1040 1042 955
f 2154 2155 2087
f 2661 2663 2702
f 2666 2664 2618
f 2146 2208 2210
f 1299 1240 1238
f 1596 1594 1481
f 1700 1594 1596
f 1690 1586 1692
f 473 470 408
f 2556 2483 2554
f 2464 2463 2541
f 2114 2046 2044
f 2236 2235 2175
f 2282 2283 2230
f 628 581 614
f 2194 2130 2131
f 681 677 650
f 307 231 229
f 509 457 508
f 2000 1917 1919
f 2002 2000 1919
f 387 309 385
f 305 307 229
f 383 452 454
f 311 387 389
f 1824 1826 1730
f 1655 1657 1546
f 1595 1593 1699
f 682 694 683
f 793 141 795
f 2112 2098 2178
f 84 740 83
f 846 848 742
f 1569 1567 83
f 1963 1877 1878
f 1877 1786 1874
f 523 478 526
f 2556 2558 2485
f 2487 2560 2489
f 1917 1998 1915
f 1915 1998 1996
f 1994 1992 1911
f 963 961 1048
f 465 396 398
f 2470 2394 2472
f 2234 2286 2236
f 2756 2737 2738
f 1383 1332 1331
f 1405 1377 1360
f 1330 1382 1331
f 2792 2798 2569
f 1381 1330 1329
f 1380 1424 1381
f 1135 1133 1206
f 963 1048 1050
f 1422 1379 1378
f 1644 1531 1533
f 197 7 198
f 1531 7 1533
f 925 829 831
f 403 468 405
f 2245 2190 2246
f 2246 2190 2191
f 330 408 406
f 400 465 398
f 1588 1590 1694
f 2777 2764 2778
f 1398 1439 1440
f 1943 2024 1945
f 2093 2020 2092
f 2161 2094 2093
f 2630 2632 2677
f 1867 1869 1958
f 2176 2109 2175
f 2772 2752 2775
f 1992 2069 2068
f 224 21 226
f 2807 2307 2811
f 2814 2307 2807
f 2804 2568 2808
f 2762 2800 2774
f 1313 1314 1366
f 1540 1651 1542
f 1939 1849 1848
f 1565 85 84
f 438 441 365
f 718 824 720
f 429 431 353
f 1692 1791 1789
f 2560 2561 2489
f 2333 2409 2411
f 2487 2409 2485
f 2446 2524 2522
f 1768 1766 1860
f 1868 1774 1866
f 1774 1673 1671
f 1770 1772 1669
f 1953 1955 1864
f 1552 1661 1663
f 2103 2032 2030
f 1953 2034 1955
f 1955 1866 1864
f 2362 2440 2438
f 1402 1404 1443
f 1336 1278 1277
f 2232 2234 2171
f 2235 2176 2175
f 321 319 397
f 397 319 395
f 1911 1819 1821
f 1819 1725 1821
f 2303 2304 2279
f 1485 31 1487
f 1600 1602 1706
f 1159 1157 1077
f 1351 1294 1293
f 1226 1157 1228
f 2288 2263 2261
f 1978 1980 1895
f 2733 2758 2702
f 1131 1050 1048
f 1202 1200 1267
f 2663 2664 2702
f 2666 2618 2620
f 999 907 1001
f 2556 2485 2483
f 2485 2409 2407
f 2491 2415 2413
f 2337 2335 2413
f 1104 1106 1022
f 2240 2289 2288
f 1740 1738 1834
f 1840 1930 1931
f 1276 1335 1277
f 1386 1335 1334
f 1767 1765 1664
f 1859 1861 1950
f 295 371 373
f 821 917 915
f 2113 2115 2179
f 1967 2043 1965
f 526 478 456
f 1101 1099 1017
f 497 499 443
f 917 1006 915
f 385 383 454
f 387 311 309
f 239 241 61
f 1412 1367 1413
f 1366 1367 1412
f 1314 1367 1366
f 1983 1901 1984
f 2059 1982 1983
f 2227 2226 2280
f 2281 2227 2280
f 2749 2752 2772
f 2033 2035 2106
f 96 1541 97
f 2412 2336 2414
f 1528 1530 177
f 2416 2338 2340
f 526 456 535
f 1784 1877 1874
f 1879 1786 1877
f 1040 1112 1123
f 1784 1785 1877
f 1964 1963 1878
f 385 307 383
f 1275 1333 1334
f 2707 2674 2671
f 1316 1369 1368
f 1454 1455 1434
f 1257 1258 1317
f 1121 1193 1120
f 1438 708 1421
f 1218 1220 1282
f 527 525 571
f 1146 1144 1216
f 922 828 826
f 928 1016 1018
f 2677 2675 2630
f 2580 2632 2630
f 1943 2023 2024
f 953 955 860
f 1307 1246 1305
f 470 469 404
f 2440 2516 2438
f 2518 2516 2440
f 2021 2020 2093
f 1395 1438 1421
f 1218 1149 1220
f 2509 2577 2511
f 1603 1709 1605
f 818 820 714
f 1285 1223 1221
f 1154 1225 1156
f 891 889 791
f 1145 1065 1147
f 404 402 326
f 469 402 404
f 797 895 795
f 893 793 795
f 1293 1294 1231
f 1121 1039 1122
f 1960 2039 1958
f 2644 2693 2694
f 1194 1121 1122
f 1119 1191 1118
f 958 960 1045
f 1254 1186 1187
f 92 1549 93
f 1394 1436 1437
f 2764 2777 2754
f 874 876 773
f 872 769 870
f 868 961 963
f 1250 1183 1181
f 932 1022 934
f 2147 2149 2211
f 2004 1923 2006
f 1923 1925 2006
f 1789 1690 1692
f 1152 1223 1154
f 1154 1223 1225
f 1128 1199 1126
f 1201 1199 1128
f 597 598 571
f 531 485 528
f 1352 1296 1282
f 1098 1100 1016
f 1913 1915 1996
f 1431 1388 1387
f 2546 2471 2469
f 150 813 811
f 913 815 816
f 1003 909 911
f 2730 2697 2742
f 1812 1903 1811
f 1587 1693 1589
f 1476 142 141
f 764 766 867
f 2255 2303 2302
f 2256 2303 2255
f 2232 2230 2283
f 2535 2537 2459
f 841 735 737
f 939 1029 1027
f 415 479 417
f 2738 2748 2768
f 2108 2035 2037
f 1232 1164 1233
f 2378 2454 2376
f 2223 2160 2222
f 2222 2160 2159
f 2161 2160 2223
f 2609 2657 2612
f 2551 2477 2475
f 212 214 290
f 1733 1628 1630
f 440 439 364
f 1972 1970 2048
f 347 269 345
f 421 423 345
f 2253 2300 2252
f 673 643 652
f 1786 1687 1874
f 2097 2026 2024
f 1056 971 1055
f 2785 2771 2569
f 333 335 257
f 1306 1361 1359
f 1298 1297 1237
f 140 1472 1474
f 1585 1472 1470
f 2532 2454 2456
f 810 812 102
f 2401 2325 2323
f 904 804 902
f 2327 2403 2405
f 649 631 616
f 364 288 366
f 440 364 366
f 2051 1973 1975
f 2161 2162 2094
f 2708 2673 2709
f 137 1468 138
f 883 785 885
f 531 487 486
f 787 137 138
f 571 598 572
f 138 789 787
f 528 572 573
f 1235 1205 1147
f 1470 1472 139
f 328 330 406
f 489 429 428
f 1888 1890 1973
f 1975 1973 1890
f 1549 1547 93
f 1951 2030 2032
f 601 576 603
f 2480 2478 2402
f 1832 1924 1834
f 1571 1573 1682
f 2384 2386 2462
f 2384 2462 2460
f 2462 2538 2460
f 2463 2385 2461
f 653 621 634
f 1973 2051 2049
f 2014 1933 1931
f 611 196 597
f 1082 1000 998
f 2491 2413 2489
f 80 746 748
f 417 339 415
f 1817 1723 1819
f 212 15 214
f 212 210 14
f 1517 15 14
f 1007 1090 1006
f 299 301 223
f 927 831 833
f 293 369 371
f 1723 1817 1721
f 809 148 149
f 2014 2086 2087
f 2502 2593 2500
f 2253 2252 2197
f 616 585 587
f 687 699 691
f 2286 2234 2285
f 2011 2009 2084
f 964 871 966
f 2451 2527 2529
f 2529 2531 2453
f 755 858 757
f 957 1042 1044
f 1116 1188 1115
f 1032 943 945
f 117 2353 2355
f 777 879 779
f 2433 2431 2509
f 653 634 658
f 701 698 692
f 1405 1422 1378
f 2448 2450 2526
f 2450 2448 2372
f 2372 2448 2370
f 566 610 565
f 1658 1761 1759
f 665 684 668
f 1271 1270 1329
f 965 872 870
f 2581 2584 2519
f 941 847 943
f 1589 1693 1695
f 1416 1371 1417
f 1192 1119 1120
f 321 397 399
f 531 528 573
f 2116 2048 2046
f 1979 1981 2057
f 1795 1696 1698
f 683 694 703
f 1463 1578 1577
f 1801 1704 1803
f 1203 1296 1201
f 527 572 528
f 970 883 977
f 1822 1728 1726
f 1770 1667 1768
f 1953 1951 2032
f 2093 2094 2021
f 1940 1850 1849
f 1620 1725 1723
f 1911 1909 1819
f 1507 1509 1620
f 1992 1909 1911
f 859 954 952
f 1043 956 958
f 1696 1590 1592
f 326 328 404
f 1694 1590 1696
f 348 270 272
f 1575 1464 135
f 1862 1768 1860
f 1267 1326 1268
f 1928 2009 2011
f 1834 1836 1740
f 1860 1858 1949
f 2154 2216 2217
f 611 595 704
f 1317 1369 1316
f 2440 2364 2442
f 2781 2780 2756
f 2768 2781 2756
f 2756 2738 2768
f 2285 2232 2283
f 2254 2255 2302
f 2334 2332 179
f 1133 1204 1206
f 1963 1879 1877
f 1224 1153 1155
f 897 895 797
f 1371 1416 1370
f 622 654 661
f 2520 2444 2522
f 1555 89 1557
f 1950 1861 1952
f 1767 1861 1859
f 2293 2268 2292
f 2302 2303 2278
f 2590 2592 2529
f 2592 2531 2529
f 2656 2657 2609
f 1347 1399 1397
f 2209 2264 2262
f 2398 2474 2396
f 1621 1623 1510
f 326 402 324
f 1696 1592 1698
f 1592 1594 1698
f 1100 1102 1018
f 1016 1100 1018
f 1618 1507 1620
f 20 1507 1505
f 1312 1365 1364
f 2493 2563 2565
f 740 742 83
f 939 937 843
f 996 1080 998
f 406 470 404
f 410 332 334
f 2048 1970 2046
f 703 694 686
f 2800 2808 2799
f 2474 2472 2396
f 2130 2062 2131
f 578 507 534
f 1986 2063 2062
f 1754 1651 1753
f 2508 2576 2573
f 1801 1799 1702
f 137 785 136
f 404 328 406
f 764 867 865
f 964 1049 962
f 1776 1673 1774
f 1923 1833 1925
f 1027 937 939
f 508 506 553
f 2413 2335 2411
f 805 147 807
f 350 348 272
f 322 400 398
f 75 211 213
f 96 716 95
f 2592 2640 2642
f 1044 1042 1125
f 896 796 894
f 2465 2389 2388
f 2389 2313 2311
f 984 890 982
f 435 662 615
f 651 660 618
f 443 371 369
f 1233 1164 1162
f 2524 2588 2586
f 1776 1774 1868
f 2588 2524 2526
f 2450 2528 2526
f 1507 1618 1505
f 2083 2084 2009
f 2744 2698 2731
f 1080 1082 998
f 2378 2456 2454
f 891 793 893
f 981 979 887
f 1147 1205 1145
f 1618 1723 1721
f 661 704 622
f 1679 1681 1570
f 1047 1045 960
f 441 497 443
f 263 339 341
f 955 1042 957
f 957 862 955
f 2528 2588 2526
f 1138 1137 1209
f 1137 1055 1136
f 2696 2743 2742
f 1904 1987 1986
f 1906 1989 1988
f 2798 2809 2797
f 698 689 692
f 2363 2361 2439
f 2519 2517 2581
f 2238 2183 2240
f 1202 1204 1131
f 571 572 527
f 595 567 564
f 593 619 622
f 2132 2195 2131
f 2131 2063 2132
f 2062 2063 2131
f 1288 1224 1226
f 2420 2418 2342
f 1972 2050 1974
f 1551 1549 92
f 1999 2073 2075
f 1899 1808 1806
f 408 470 406
f 1012 924 922
f 1427 1384 1383
f 1276 1275 1334
f 1310 1251 1311
f 1180 1182 1249
f 430 584 583
f 450 448 502
f 1730 1826 1732
f 2048 2116 2118
f 1883 1885 1792
f 2505 2429 2427
f 1516 1514 1627
f 2472 2474 2549
f 2564 2618 2562
f 1748 1843 1749
f 2492 2490 2414
f 596 610 566
f 524 477 476
f 477 479 415
f 2304 2303 2256
f 2257 2304 2256
f 2285 2234 2232
f 971 1056 972
f 2581 2579 2631
f 240 316 238
f 1477 1479 1592
f 2649 2645 2695
f 82 1569 83
f 83 1567 84
f 1063 1088 979
f 2431 2507 2509
f 2279 2304 2280
f 2335 2333 2411
f 2453 2451 2529
f 1069 985 987
f 1651 1650 1753
f 1548 1659 1550
f 1947 1949 1858
f 341 339 417
f 1249 1251 1310
f 555 608 590
f 1459 1747 1841
f 357 355 480
f 1761 1853 1759
f 2168 2231 2229
f 2292 2268 2267
f 2085 2084 2152
f 1426 1382 1425
f 2489 2411 2487
f 992 994 900
f 954 1039 952
f 176 1530 1532
f 1532 1645 1534
f 2418 2416 2340
f 1710 1807 1708
f 1710 1712 1809
f 423 347 345
f 1575 134 1461
f 634 636 658
f 2771 2785 2768
f 2484 2557 2555
f 1524 1526 179
f 687 674 675
f 579 613 612
f 1879 1881 1788
f 2179 2180 2113
f 2211 2209 2147
f 2400 2322 2324
f 1377 1405 1378
f 1300 1302 1355
f 1657 1659 1548
f 258 336 334
f 256 258 334
f 226 228 304
f 977 883 885
f 875 772 774
f 269 267 345
f 2072 2141 2139
f 1517 1628 1515
f 2058 2057 1981
f 2109 2038 2036
f 2109 2176 2110
f 728 726 832
f 722 826 828
f 1015 927 1017
f 1019 1101 1017
f 443 499 445
f 2214 2213 2267
f 843 845 939
f 1071 1069 987
f 553 554 508
f 2506 2508 2573
f 2407 2409 2331
f 2403 2481 2405
f 969 876 874
f 1213 1276 1277
f 1214 1213 1277
f 1229 1158 1227
f 2566 2593 2622
f 451 380 382
f 1933 2014 2015
f 2593 2647 2622
f 603 433 601
f 878 879 777
f 826 722 720
f 682 671 690
f 690 684 697
f 2802 2801 2811
f 604 630 583
f 1323 1264 1324
f 2197 2133 2134
f 1811 1902 1810
f 2095 2022 2094
f 353 277 275
f 452 506 454
f 454 387 385
f 791 793 891
f 2073 2142 2075
f 369 441 443
f 1011 1013 1095
f 1343 1286 1345
f 217 295 219
f 2813 2802 2811
f 13 12 1521
f 208 12 13
f 1357 1304 1359
f 618 638 651
f 1311 1312 1364
f 2152 2151 2214
f 888 982 890
f 1808 1720 1711
f 2048 2050 1972
f 393 317 315
f 2456 2380 2458
f 2321 2399 2323
f 101 812 814
f 274 197 198
f 368 440 366
f 1735 1737 1831
f 1711 1720 1713
f 2390 2466 2388
f 2388 2389 2311
f 2388 2311 2312
f 919 917 823
f 370 294 372
f 370 368 292
f 1626 1513 1515
f 2470 2392 2394
f 2312 2390 2388
f 1318 1319 1371
f 617 662 647
f 1940 1849 1939
f 718 95 716
f 1933 1842 1931
f 1842 1840 1931
f 2015 2014 2087
f 2085 2011 2084
f 1934 1933 2015
f 2402 2400 2324
f 2053 2051 1975
f 340 264 342
f 1582 1467 1469
f 1386 1385 1429
f 2121 2123 2187
f 1268 1202 1267
f 2328 2406 2404
f 2443 2521 2445
f 2445 2369 2367
f 2434 2358 2436
f 2251 2196 2252
f 115 116 784
f 2196 2197 2252
f 2094 2022 2021
f 1970 1968 2046
f 2118 2050 2048
f 900 994 902
f 2091 2090 2158
f 1639 1744 1641
f 1638 1741 1636
f 1837 1741 1743
f 298 374 296
f 300 222 224
f 1473 1471 38
f 262 338 260
f 2307 2814 2812
f 476 477 413
f 415 413 477
f 504 450 502
f 2571 2504 2573
f 2264 2231 2284
f 1068 1150 1070
f 1897 1899 1806
f 1058 973 1057
f 322 398 320
f 567 611 597
f 2395 2319 2317
f 243 321 245
f 2281 2228 2227
f 1609 1496 1494
f 1496 151 1494
f 1564 1566 158
f 1673 1562 1671
f 2663 2661 2615
f 1629 1516 1627
f 354 278 356
f 1955 2034 2036
f 635 636 596
f 710 711 712
f 2402 2404 2480
f 1182 1251 1249
f 1744 1746 1641
f 1742 1744 1639
f 2215 2268 2269
f 765 868 767
f 2046 1968 2044
f 1574 1572 1682
f 1572 1681 1682
f 2382 154 2384
f 2305 2281 2280
f 2408 2330 2332
f 1639 1641 1528
f 469 517 467
f 2461 2383 2459
f 1936 1935 2017
f 2506 2430 2508
f 2573 2504 2506
f 1886 1888 1971
f 372 444 370
f 298 222 300
f 220 298 296
f 1137 1056 1055
f 2044 2111 2177
f 2314 2312 189
f 1504 1506 189
f 1359 1304 1306
f 2090 2157 2158
f 779 119 777
f 2357 118 2355
f 2223 2224 2161
f 1818 1899 1910
f 1335 1276 1334
f 2366 2444 2442
f 651 619 660
f 2632 2580 2582
f 873 772 875
f 78 77 713
f 1643 1645 1532
f 1532 1530 1643
f 2190 2126 2127
f 1386 1430 1387
f 2395 2393 2471
f 2687 2642 2640
f 1580 1467 1582
f 2811 2307 2813
f 1690 1688 1584
f 2536 2458 2460
f 945 946 1033
f 402 400 324
f 1275 1211 1274
f 1105 1180 1178
f 1506 1619 1508
f 1194 1262 1261
f 2317 99 4
f 99 817 4
f 630 604 626
f 569 579 612
f 1968 1966 2044
f 218 216 17
f 1513 1511 17
f 220 18 19
f 1681 1783 1682
f 291 213 289
f 2440 2362 2364
f 2395 2471 2473
f 2107 2173 2175
f 18 1509 19
f 102 2323 2325
f 869 964 962
f 150 1492 1494
f 1917 1827 1919
f 1829 1921 1919
f 2441 2443 2365
f 14 15 212
f 1573 81 80
f 348 350 426
f 592 557 559
f 1936 2017 2018
f 6 7 197
f 959 961 866
f 1485 1600 1598
f 2453 2455 2377
f 1193 1194 1261
f 308 310 386
f 1761 1855 1853
f 832 726 830
f 303 381 305
f 833 729 835
f 729 833 727
f 213 291 215
f 1519 1632 1630
f 1937 1846 1936
f 2562 2492 2564
f 2531 2455 2453
f 955 862 860
f 1795 1886 1793
f 568 596 566
f 97 1576 98
f 1533 1535 1646
f 2206 2144 2142
f 1300 1241 1302
f 746 81 744
f 2354 2430 2352
f 1227 1225 1289
f 1745 1642 1747
f 810 808 908
f 1190 1258 1257
f 2334 2412 2410
f 2162 2095 2094
f 2170 2102 2104
f 2215 2152 2214
f 766 869 867
f 801 803 901
f 2189 2125 2126
f 1020 1102 1104
f 1239 1241 1300
f 2245 2244 2189
f 2683 2686 2639
f 985 983 891
f 321 323 245
f 301 225 223
f 2229 2149 2178
f 1263 1264 1323
f 1411 1365 1366
f 783 136 785
f 2766 2755 2736
f 78 207 77
f 199 6 197
f 275 199 197
f 2332 2410 2408
f 2196 2132 2133
f 2347 2423 2425
f 116 115 2351
f 2497 2421 2419
f 2562 2559 2490
f 605 545 585
f 2382 2384 2460
f 2191 2127 2128
f 2156 2218 2219
f 281 279 357
f 66 737 735
f 546 586 549
f 2180 2177 2113
f 2261 2208 2206
f 2036 2034 2107
f 2419 2417 2495
f 2360 2362 2438
f 2551 2550 2608
f 584 541 583
f 1444 1404 1406
f 2318 2320 2396
f 952 857 859
f 817 152 4
f 4 2315 2317
f 1466 136 1464
f 1441 1356 1301
f 877 781 783
f 1652 1543 1654
f 2339 109 2337
f 48 265 267
f 522 473 475
f 2109 2107 2175
f 796 794 894
f 438 365 363
f 348 424 346
f 1673 1675 1564
f 2709 2675 2677
f 321 399 323
f 2459 2457 2535
f 13 14 210
f 13 1519 14
f 1648 1750 1751
f 390 388 312
f 523 568 522
f 2732 2720 2701
f 1001 1083 999
f 1145 1134 1063
f 252 254 330
f 192 1496 1500
f 1562 1560 1671
f 1632 1634 1737
f 2614 2617 2560
f 1682 1573 1574
f 196 598 597
f 2534 2456 2458
f 776 781 877
f 1838 1930 1840
f 2326 2402 2324
f 1704 1598 1600
f 68 67 733
f 68 227 67
f 109 796 798
f 782 780 881
f 781 778 134
f 664 678 658
f 328 326 250
f 2431 2355 2353
f 1135 1206 1207
f 2721 2746 2704
f 184 2324 2322
f 2361 120 2359
f 2436 2358 2360
f 1921 1829 1831
f 917 1007 1006
f 2442 2444 2520
f 497 441 494
f 168 1544 1546
f 823 719 825
f 2387 2464 2386
f 1609 1500 1496
f 48 772 770
f 2743 2696 2717
f 758 859 756
f 120 775 777
f 907 809 909
f 1568 1566 1677
f 1921 2002 1919
f 2315 192 2313
f 1634 1632 1521
f 607 609 633
f 1133 1052 1050
f 1487 1600 1485
f 395 319 317
f 159 2374 2372
f 398 396 320
f 50 49 768
f 50 263 49
f 1659 1661 1550
f 823 821 717
f 168 2356 2354
f 2447 2371 2369
f 2449 2373 2371
f 2357 2355 2433
f 336 338 414
f 1729 1624 1626
f 401 403 325
f 756 857 754
f 66 229 231
f 779 880 780
f 401 466 468
f 1485 1598 1483
f 2391 2389 2467
f 1747 1644 1652
# 5630 faces

