v 17.760000 0.503600 0.915000
v 17.760000 0.503600 1.815000
v 17.860000 0.503600 0.815000
v 17.860000 0.503600 1.915000
v 19.810000 0.771649 1.845260
v 19.510000 0.803627 1.825960
v 19.010000 0.940048 1.699683
v 19.010000 1.011610 1.575774
v 19.510000 1.052808 1.394504
v 19.747041 1.053600 1.365000
v 19.810000 0.785624 0.892811
v 19.510000 0.752925 0.874758
v 19.015565 0.597785 0.823123
v 19.010000 0.575372 0.819703
v 19.010000 0.503600 0.815000
v 19.810000 1.053544 1.357160
v 19.810000 0.503600 1.915000
v 19.810000 1.068929 0.418475
v 19.810000 1.605988 1.349285
v 19.510000 1.003384 0.382288
v 19.747041 1.606100 1.365000
v 19.010000 0.647469 0.271927
v 19.014912 0.689678 0.278313
v 19.010000 0.432282 0.819643
v 19.010000 0.360640 0.271808
v 19.510000 0.254683 0.874551
v 19.510000 0.004634 0.381873
v 19.810000 -0.060941 0.418005
v 19.810000 0.221970 0.892576
v 19.810000 -0.598775 1.348367
v 19.810000 -0.046337 1.356702
v 19.743364 -0.598900 1.365000
v 19.743364 -0.046400 1.365000
v 19.810000 1.040917 2.327703
v 19.510000 1.105018 2.289014
v 19.010000 1.378480 2.035888
v 19.010000 1.521929 1.787507
v 19.510000 1.604513 1.424141
v 19.810000 0.235151 1.845037
v 19.810000 -0.034518 2.327255
v 19.510000 -0.098587 2.288514
v 19.510000 0.203189 1.825710
v 19.010000 -0.371838 2.035160
v 19.010000 0.066873 1.699320
v 19.510000 -0.045632 1.394047
v 19.015565 -0.012824 1.554228
v 19.010000 -0.004585 1.575351
v 19.010000 -0.515080 1.786659
v 19.014912 -0.530643 1.746908
v 19.510000 -0.597361 1.423225
v 20.560000 -0.536194 1.731518
v 22.360000 -0.517742 1.780170
v 20.560000 -0.517742 1.780170
v 20.560000 -0.246762 2.172752
v 20.560000 -0.207815 2.207256
v 22.360000 -0.207815 2.207256
v 20.560000 0.214568 2.428939
v 20.560000 0.265089 2.441392
v 22.360000 0.265089 2.441392
v 20.560000 0.742113 2.441391
v 20.560000 0.792634 2.428939
v 22.360000 0.792633 2.428939
v 20.560000 1.215016 2.207255
v 22.360000 1.253964 2.172750
v 20.560000 1.253964 2.172751
v 20.560000 1.524943 1.780168
v 20.560000 1.543394 1.731516
v 22.360000 1.543394 1.731516
v 20.560000 1.606100 1.365000
v 22.360000 1.524942 1.780170
v 22.360000 1.215015 2.207256
v 22.360000 0.742111 2.441392
v 22.360000 0.214566 2.428939
v 22.360000 -0.246763 2.172751
v 22.360000 -0.536194 1.731516
v 20.560000 -0.598900 1.365000
v 20.560000 -0.551275 1.705840
v 22.360000 -0.551275 1.705840
v 22.360000 -0.511998 1.809139
v 20.560000 -0.511998 1.809139
v 20.560000 -0.272050 2.157024
v 22.360000 -0.272050 2.157024
v 22.360000 -0.189266 2.230237
v 20.560000 -0.189266 2.230237
v 20.560000 0.184868 2.426764
v 22.360000 0.184868 2.426764
v 22.360000 0.292193 2.453121
v 20.560000 0.292193 2.453121
v 20.560000 0.714803 2.453268
v 22.360000 0.714803 2.453268
v 22.360000 0.822083 2.426729
v 20.560000 0.822083 2.426729
v 20.560000 1.196355 2.230462
v 22.360000 1.196355 2.230462
v 22.360000 1.279013 2.157107
v 20.560000 1.279013 2.157107
v 20.560000 1.519204 1.809389
v 22.360000 1.519204 1.809389
v 22.360000 1.558305 1.706024
v 20.560000 1.558295 1.706015
v 22.360000 1.745087 1.690681
v 20.560000 1.745087 1.690681
v 20.560000 1.587236 1.683305
v 22.360000 1.587236 1.683305
v 22.360000 2.057694 1.620766
v 20.560000 2.057694 1.620766
v 22.360000 2.073744 1.488585
v 20.560000 2.073744 1.488585
v 22.360000 1.786952 1.345890
v 20.560000 1.786952 1.345890
v 20.560000 1.660268 1.333111
v 20.560000 1.609391 1.286513
v 20.560000 1.600893 1.257971
v 22.360000 1.600893 1.257973
v 22.360000 1.609391 1.286513
v 22.360000 1.660268 1.333111
v 20.560000 0.123257 2.457811
v 22.360000 0.123257 2.457811
v 20.560000 0.066385 2.571732
v 22.360000 0.066385 2.571732
v 20.560000 -0.168735 2.789286
v 22.360000 -0.168735 2.789286
v 20.560000 -0.241154 2.410323
v 20.560000 -0.178283 2.265345
v 20.560000 -0.286635 2.727407
v 22.360000 -0.286635 2.727407
v 22.360000 -0.241154 2.410323
v 22.360000 -0.178283 2.265345
v 20.560000 -0.341032 2.155882
v 22.360000 -0.341032 2.155882
v 20.560000 -0.444331 2.230324
v 22.360000 -0.444331 2.230324
v 20.560000 -0.753622 2.313693
v 22.360000 -0.753622 2.313693
v 20.560000 -0.641633 1.944483
v 20.560000 -0.537568 1.877015
v 20.560000 -0.829260 2.204111
v 22.360000 -0.829260 2.204111
v 22.360000 -0.641633 1.944483
v 22.360000 -0.537568 1.877015
v 20.560000 -0.611825 1.672771
v 22.360000 -0.611825 1.672771
v 22.360000 -0.737887 1.690681
v 20.560000 -0.737887 1.690681
v 20.560000 -1.050494 1.620766
v 22.360000 -1.050494 1.620766
v 20.560000 -1.066544 1.488585
v 22.360000 -1.066544 1.488585
v 20.560000 -0.779752 1.345890
v 22.360000 -0.779752 1.345890
v 20.560000 -0.602069 1.286293
v 20.560000 -0.593693 1.257971
v 20.560000 -0.624723 1.315275
v 22.360000 -0.602069 1.286293
v 22.360000 -0.593693 1.257974
v 22.360000 -0.624723 1.315275
v 20.560000 1.542598 1.874294
v 22.360000 1.542598 1.874294
v 20.560000 1.648833 1.944483
v 22.360000 1.648833 1.944483
v 20.560000 1.836460 2.204111
v 22.360000 1.836460 2.204111
v 20.560000 1.451531 2.230324
v 20.560000 1.315188 2.150436
v 20.560000 1.760822 2.313693
v 22.360000 1.760822 2.313693
v 22.360000 1.451531 2.230324
v 22.360000 1.315188 2.150436
v 20.560000 1.186906 2.298804
v 20.560000 1.248354 2.410323
v 22.360000 1.248354 2.410323
v 22.360000 1.186906 2.298804
v 22.360000 1.293835 2.727407
v 20.560000 1.293835 2.727407
v 20.560000 0.940815 2.571732
v 20.560000 0.886383 2.460293
v 20.560000 1.175935 2.789286
v 22.360000 1.175935 2.789286
v 22.360000 0.940815 2.571732
v 22.360000 0.886383 2.460293
v 20.560000 0.674678 2.509390
v 22.360000 0.674678 2.509390
v 20.560000 0.677261 2.636692
v 22.360000 0.677261 2.636692
v 20.560000 0.570176 2.938592
v 22.360000 0.570176 2.938592
v 20.560000 0.329939 2.636692
v 20.560000 0.318233 2.479103
v 20.560000 0.437024 2.938592
v 22.360000 0.437024 2.938592
v 22.360000 0.329939 2.636692
v 22.360000 0.318233 2.479103
v 20.560000 0.529615 0.262807
v 20.560000 0.477582 0.262807
v 22.360000 0.477582 0.262807
v 22.360000 0.529617 0.262807
v 20.560000 -0.587421 1.206320
v 20.560000 -0.418267 0.760295
v 22.360000 -0.418267 0.760295
v 20.560000 -0.388709 0.717473
v 20.560000 -0.031652 0.401148
v 22.360000 -0.031652 0.401147
v 20.560000 0.014421 0.376967
v 22.360000 0.992777 0.376966
v 20.560000 0.992777 0.376966
v 20.560000 1.038850 0.401147
v 20.560000 1.395907 0.717471
v 22.360000 1.395907 0.717471
v 20.560000 1.425466 0.760293
v 20.560000 1.594621 1.206318
v 22.360000 1.594621 1.206318
v 22.360000 1.425467 0.760295
v 22.360000 1.038852 0.401147
v 22.360000 0.014423 0.376966
v 22.360000 -0.388707 0.717471
v 22.360000 -0.587421 1.206318
v 22.360000 1.595976 1.176816
v 20.560000 1.595976 1.176816
v 20.560000 1.446254 0.781616
v 22.360000 1.446246 0.781628
v 22.360000 1.383398 0.690719
v 20.560000 1.383398 0.690719
v 20.560000 1.067167 0.410366
v 22.360000 1.067165 0.410380
v 22.360000 0.969268 0.359091
v 20.560000 0.969268 0.359091
v 20.560000 0.558973 0.257811
v 22.360000 0.558978 0.257824
v 22.360000 0.448459 0.257905
v 20.560000 0.448459 0.257905
v 20.560000 0.038094 0.358900
v 22.360000 0.038104 0.358909
v 22.360000 -0.059717 0.410341
v 20.560000 -0.059717 0.410341
v 20.560000 -0.376143 0.690474
v 22.360000 -0.376130 0.690477
v 22.360000 -0.438845 0.781478
v 20.560000 -0.438845 0.781478
v 20.560000 -0.588842 1.176574
v 22.360000 -0.588828 1.176571
v 20.560000 -0.627089 1.119154
v 22.360000 -0.627089 1.119154
v 22.360000 -0.747034 1.076428
v 20.560000 -0.747034 1.076428
v 22.360000 -0.991342 0.869246
v 20.560000 -0.991342 0.869246
v 20.560000 -0.944126 0.744747
v 20.560000 -0.623871 0.751676
v 20.560000 -0.472372 0.796613
v 22.360000 -0.944126 0.744747
v 22.360000 -0.623871 0.751676
v 22.360000 -0.472372 0.796613
v 20.560000 -0.383325 0.621857
v 22.360000 -0.383325 0.621857
v 20.560000 -0.469675 0.528284
v 22.360000 -0.469675 0.528284
v 20.560000 -0.589717 0.231297
v 22.360000 -0.589717 0.231297
v 20.560000 -0.490052 0.143001
v 20.560000 -0.209700 0.297966
v 20.560000 -0.096438 0.408161
v 22.360000 -0.490052 0.143001
v 22.360000 -0.209700 0.297966
v 22.360000 -0.096438 0.408161
v 20.560000 0.063623 0.294805
v 22.360000 0.063623 0.294805
v 22.360000 0.030649 0.171821
v 20.560000 0.030649 0.171821
v 20.560000 0.062373 -0.146934
v 22.360000 0.062373 -0.146934
v 20.560000 0.191656 -0.178799
v 20.560000 0.367879 0.088701
v 20.560000 0.416958 0.238910
v 22.360000 0.191656 -0.178799
v 22.360000 0.367879 0.088701
v 22.360000 0.416958 0.238910
v 20.560000 0.611364 0.212922
v 22.360000 0.611364 0.212922
v 22.360000 0.639321 0.088701
v 20.560000 0.639321 0.088701
v 20.560000 0.815544 -0.178799
v 22.360000 0.815544 -0.178799
v 20.560000 0.944827 -0.146934
v 20.560000 0.976551 0.171821
v 22.360000 0.944827 -0.146934
v 22.360000 0.976551 0.171821
v 20.560000 1.134418 0.394966
v 22.360000 1.134418 0.394966
v 22.360000 1.216900 0.297966
v 20.560000 1.216900 0.297966
v 20.560000 1.497252 0.143001
v 22.360000 1.497252 0.143001
v 20.560000 1.596917 0.231297
v 20.560000 1.476875 0.528284
v 20.560000 1.381136 0.654003
v 22.360000 1.596917 0.231297
v 22.360000 1.476875 0.528284
v 22.360000 1.381136 0.654003
v 20.560000 1.512959 0.799233
v 22.360000 1.512959 0.799233
v 20.560000 1.631071 0.751676
v 22.360000 1.631071 0.751676
v 20.560000 1.951326 0.744747
v 22.360000 1.951326 0.744747
v 20.560000 1.998542 0.869246
v 20.560000 1.754234 1.076428
v 20.560000 1.611036 1.143254
v 22.360000 1.998542 0.869246
v 22.360000 1.754234 1.076428
v 22.360000 1.611036 1.143254
v 22.360000 0.503600 0.365000
v 22.360000 0.503600 2.365000
v 22.410000 0.503600 0.365000
v 22.410000 0.503600 2.365000
v 22.410000 0.503600 0.815000
v 22.410000 0.503600 1.915000
v 23.260000 0.503600 0.815000
v 23.260000 0.503600 1.915000
v 23.360000 0.503600 1.815000
v 23.360000 0.503600 0.915000
v 23.360000 0.522859 1.601328
v 23.360000 0.591192 1.601328
v 23.360000 0.676609 1.191328
v 23.360000 0.386192 1.191328
v 23.360000 0.727859 1.191328
v 23.360000 0.437442 1.191328
v 23.360000 0.642442 1.296008
v 23.360000 0.471609 1.296008
v 23.310000 0.727859 1.191328
v 23.310000 0.676609 1.191328
v 23.310000 0.642442 1.296008
v 23.310000 0.471609 1.296008
v 23.310000 0.437442 1.191328
v 23.310000 0.386192 1.191328
v 23.310000 0.522859 1.601328
v 23.310000 0.591192 1.601328
v 23.310000 0.557025 1.566434
v 23.310000 0.602872 1.425967
v 23.310000 0.533900 1.330902
v 23.310000 0.480150 1.330902
v 23.360000 0.602872 1.425967
v 23.360000 0.533900 1.330902
v 23.360000 0.480150 1.330902
v 23.360000 0.557025 1.566434
v 17.760000 0.664473 1.785646
v 17.760000 0.816266 1.689557
v 17.760000 0.917589 1.541196
v 17.760000 0.952985 1.365001
v 17.760000 0.917590 1.188805
v 17.760000 0.816266 1.040444
v 17.760000 0.664474 0.944354
v 17.760000 0.342727 0.944354
v 17.760000 0.190934 1.040443
v 17.760000 0.089611 1.188804
v 17.760000 0.054215 1.364999
v 17.760000 0.089610 1.541195
v 17.760000 0.190934 1.689556
v 17.760000 0.342726 1.785646
v 17.860000 0.590659 1.908002
v 17.860000 0.688003 1.883140
v 17.860000 0.837297 1.802180
v 17.860000 0.940157 1.699426
v 17.860000 0.976549 1.645677
v 17.860000 1.001695 1.598227
v 17.860000 1.027873 1.530987
v 17.860000 1.052969 1.391273
v 17.860000 1.037572 1.233156
v 17.860000 1.006704 1.143090
v 17.860000 0.988161 1.104860
v 17.860000 0.971872 1.076708
v 17.860000 0.939869 1.030206
v 17.860000 0.837299 0.927821
v 17.860000 0.688001 0.846859
v 17.860000 0.590664 0.821999
v 17.860000 0.416541 0.821998
v 17.860000 0.319197 0.846860
v 17.860000 0.169903 0.927820
v 17.860000 0.067043 1.030574
v 17.860000 0.030651 1.084323
v 17.860000 0.005505 1.131773
v 17.860000 -0.020673 1.199013
v 17.860000 -0.045769 1.338727
v 17.860000 -0.030372 1.496844
v 17.860000 0.000496 1.586910
v 17.860000 0.019039 1.625140
v 17.860000 0.035328 1.653292
v 17.860000 0.067331 1.699794
v 17.860000 0.169901 1.802179
v 17.860000 0.319199 1.883141
v 17.860000 0.416536 1.908001
v 19.339405 0.825724 1.810798
v 19.252657 0.841047 1.799314
v 19.219149 0.847983 1.793836
v 19.150075 0.864794 1.779774
v 19.098691 0.880568 1.765493
v 19.058708 0.896507 1.749867
v 19.035222 0.909146 1.736524
v 19.017327 0.923735 1.719947
v 19.660000 0.787802 1.835881
v 19.810000 0.642085 1.897273
v 17.998441 0.503600 1.915000
v 18.142203 0.503600 1.915000
v 18.291491 0.503600 1.915000
v 18.446517 0.503600 1.915000
v 18.607503 0.503600 1.915000
v 18.774676 0.503600 1.915000
v 18.946896 0.503600 1.915000
v 19.119516 0.503600 1.915000
v 19.292137 0.503600 1.915000
v 19.464758 0.503600 1.915000
v 19.637379 0.503600 1.915000
v 19.010000 0.962392 1.668255
v 19.010000 0.996386 1.609181
v 19.016402 1.020427 1.553123
v 19.033405 1.027548 1.532260
v 19.057937 1.033176 1.513482
v 19.110919 1.040150 1.485888
v 19.193388 1.045952 1.456395
v 19.334981 1.050628 1.422087
v 19.657210 1.053457 1.376185
v 19.810000 1.044389 1.264852
v 19.810000 0.995890 1.119775
v 19.810000 0.907048 0.991202
v 19.660000 0.769428 0.883507
v 19.329680 0.726993 0.862412
v 19.170433 0.689041 0.847206
v 19.098497 0.662011 0.838307
v 19.053594 0.637201 0.831475
v 19.031961 0.619615 0.827377
v 19.010000 0.548851 0.816932
v 18.936131 0.503600 0.815000
v 18.847906 0.503600 0.815000
v 18.742532 0.503600 0.815000
v 18.616678 0.503600 0.815000
v 18.466364 0.503600 0.815000
v 18.300717 0.503600 0.815000
v 18.144488 0.503600 0.815000
v 17.997776 0.503600 0.815000
v 19.810000 1.160433 1.355636
v 19.810000 1.328263 1.353244
v 19.810000 1.496999 1.350838
v 19.810000 1.599931 1.249038
v 19.810000 1.569465 1.083295
v 19.810000 1.513404 0.922589
v 19.810000 1.433274 0.772427
v 19.810000 1.330986 0.636388
v 19.810000 1.211012 0.519385
v 19.810000 1.112870 0.446296
v 19.810000 1.039431 0.467864
v 19.810000 0.971255 0.582010
v 19.810000 0.878552 0.737223
v 19.510000 0.919898 0.546445
v 19.510000 0.836411 0.710602
v 19.766410 1.059514 0.413021
v 19.660485 1.036569 0.399885
v 19.747041 1.160500 1.365000
v 19.747041 1.328347 1.365000
v 19.747041 1.497100 1.365000
v 19.015329 0.605286 0.776723
v 19.014912 0.625308 0.654230
v 19.014912 0.656241 0.473581
v 19.014912 0.679768 0.336186
v 19.010000 0.643060 0.305428
v 19.010000 0.635313 0.364285
v 19.010000 0.621703 0.467691
v 19.010000 0.601138 0.623939
v 19.010000 0.587528 0.727345
v 19.010000 0.579781 0.786203
v 19.346729 0.957485 0.360269
v 19.201077 0.893452 0.333728
v 19.118970 0.838758 0.314678
v 19.064896 0.785965 0.299273
v 19.043053 0.755799 0.291740
v 19.025529 0.722258 0.284401
v 19.010000 0.365022 0.305312
v 19.010000 0.372720 0.364176
v 19.010000 0.386244 0.467593
v 19.010000 0.406679 0.623858
v 19.010000 0.420203 0.727276
v 19.010000 0.427901 0.786139
v 19.010000 0.607955 0.267650
v 19.010000 0.505956 0.262530
v 19.010000 0.401608 0.267423
v 19.012043 0.333501 0.275699
v 19.018436 0.305352 0.280468
v 19.030957 0.273952 0.286686
v 19.043205 0.252082 0.291583
v 19.061387 0.226451 0.297906
v 19.081995 0.203043 0.304263
v 19.112930 0.174279 0.312832
v 19.144352 0.150231 0.320680
v 19.208398 0.110600 0.334926
v 19.345484 0.051018 0.359686
v 19.510000 0.087984 0.546099
v 19.510000 0.171333 0.710325
v 19.336486 0.279952 0.862607
v 19.166977 0.319881 0.846624
v 19.069980 0.360192 0.834026
v 19.032571 0.387432 0.827410
v 19.016209 0.408630 0.823261
v 19.660000 0.238173 0.883286
v 19.810000 -0.026165 0.476340
v 19.810000 0.051024 0.605822
v 19.810000 0.136497 0.749199
v 19.711161 -0.039560 0.405696
v 19.810000 -0.037919 1.268946
v 19.810000 0.008803 1.124947
v 19.810000 0.098379 0.993164
v 19.810000 -0.487599 1.350045
v 19.810000 -0.321095 1.352557
v 19.810000 -0.155394 1.355057
v 19.810000 -0.126764 0.460592
v 19.810000 -0.255707 0.565776
v 19.810000 -0.380788 0.706751
v 19.810000 -0.480022 0.867167
v 19.810000 -0.550475 1.042138
v 19.810000 -0.590162 1.226542
v 19.743364 -0.487712 1.365000
v 19.743364 -0.321188 1.365000
v 19.743364 -0.155469 1.365000
v 19.510000 1.025022 2.166109
v 19.510000 0.914325 1.996034
v 19.625544 1.080597 2.304357
v 19.810000 0.861405 2.006074
v 19.810000 0.951161 2.166888
v 19.010000 1.315882 1.987886
v 19.010000 1.222556 1.916320
v 19.010000 1.098995 1.821569
v 19.010000 1.016639 1.758416
v 19.010000 0.968355 1.721390
v 19.417937 1.126645 2.274575
v 19.274529 1.171619 2.242071
v 19.167457 1.218385 2.204394
v 19.128357 1.240093 2.185416
v 19.099653 1.258579 2.168438
v 19.069741 1.281413 2.146347
v 19.050242 1.299473 2.127942
v 19.035434 1.316259 2.110039
v 19.022646 1.335151 2.088900
v 19.014033 1.354430 2.066142
v 19.010000 1.433519 1.957089
v 19.010000 1.499612 1.837449
v 19.010000 1.483700 1.771645
v 19.010000 1.420131 1.745271
v 19.010000 1.314429 1.701414
v 19.010000 1.176694 1.644268
v 19.010000 1.091002 1.608714
v 19.010000 1.040902 1.587928
v 19.012921 1.534054 1.757012
v 19.020930 1.544617 1.728032
v 19.034787 1.554669 1.697778
v 19.049006 1.561649 1.674869
v 19.072518 1.569942 1.645034
v 19.097391 1.576317 1.619526
v 19.132214 1.582918 1.589893
v 19.171211 1.588331 1.562135
v 19.209757 1.592346 1.538599
v 19.249746 1.595511 1.517336
v 19.357494 1.601009 1.470823
v 19.510000 1.433879 1.414975
v 19.510000 1.243344 1.404739
v 19.639878 1.605759 1.391747
v 19.810000 0.364893 1.897218
v 19.810000 0.145261 2.005776
v 19.810000 0.055372 2.166516
v 19.810000 0.135857 2.404357
v 19.810000 0.316827 2.451469
v 19.810000 0.503141 2.467494
v 19.810000 0.689468 2.451624
v 19.810000 0.870474 2.404652
v 19.652999 -0.068365 2.307505
v 19.510000 0.099441 1.984818
v 19.510000 -0.004044 2.143523
v 19.660000 0.219006 1.835645
v 19.010000 0.041702 1.718589
v 19.010000 -0.001345 1.751543
v 19.010000 -0.074961 1.807896
v 19.010000 -0.193317 1.898499
v 19.010000 -0.284236 1.968099
v 19.010000 -0.338933 2.009970
v 19.012852 -0.351750 2.060618
v 19.020613 -0.332306 2.083867
v 19.032964 -0.312897 2.105831
v 19.046344 -0.296989 2.122992
v 19.065555 -0.278447 2.142113
v 19.087113 -0.261057 2.159234
v 19.121986 -0.237472 2.181278
v 19.150545 -0.220863 2.196055
v 19.201546 -0.195337 2.217632
v 19.250822 -0.174269 2.234484
v 19.362806 -0.135650 2.263256
v 19.323473 0.178534 1.808655
v 19.160648 0.144903 1.781936
v 19.066712 0.113920 1.753122
v 19.037296 0.098953 1.737485
v 19.017228 0.083057 1.719464
v 19.347985 -0.043730 1.419119
v 19.274298 -0.041975 1.434602
v 19.224795 -0.040255 1.446985
v 19.140120 -0.035528 1.473781
v 19.098469 -0.031768 1.491021
v 19.055708 -0.025690 1.514498
v 19.031780 -0.019994 1.533368
v 19.653002 -0.046273 1.376252
v 19.010000 0.012828 1.613208
v 19.010000 0.046032 1.670123
v 19.010000 -0.473198 1.876048
v 19.010000 -0.404073 1.990612
v 19.010000 -0.038370 1.589336
v 19.010000 -0.099827 1.614775
v 19.010000 -0.211623 1.661050
v 19.010000 -0.364052 1.724144
v 19.010000 -0.459068 1.763474
v 19.015329 -0.056763 1.570920
v 19.014912 -0.172868 1.614795
v 19.014912 -0.344799 1.678283
v 19.014912 -0.475564 1.726569
v 19.437860 -0.596118 1.443138
v 19.323362 -0.592546 1.483167
v 19.193671 -0.583751 1.547125
v 19.104719 -0.570897 1.611904
v 19.060765 -0.559215 1.658128
v 19.039994 -0.550560 1.687858
v 19.025353 -0.541516 1.716053
v 19.510000 -0.215337 1.403021
v 19.510000 -0.385041 1.411996
v 19.510000 -0.534210 1.419885
v 19.643845 -0.598600 1.389840
v 19.549597 -0.597789 1.413350
v 22.360000 -0.526771 1.757160
v 20.591821 -0.536194 1.731518
v 20.629274 -0.536194 1.731518
v 20.673359 -0.536194 1.731518
v 20.725248 -0.536194 1.731518
v 20.786322 -0.536194 1.731518
v 20.858210 -0.536194 1.731518
v 20.942823 -0.536194 1.731518
v 21.042416 -0.536194 1.731518
v 21.159641 -0.536194 1.731518
v 21.297618 -0.536194 1.731517
v 21.460022 -0.536194 1.731517
v 21.622419 -0.536194 1.731517
v 21.760390 -0.536194 1.731517
v 21.877609 -0.536194 1.731517
v 21.977198 -0.536194 1.731517
v 22.061807 -0.536194 1.731517
v 22.133691 -0.536194 1.731517
v 22.194762 -0.536194 1.731517
v 22.246648 -0.536194 1.731516
v 22.290730 -0.536194 1.731516
v 22.328181 -0.536194 1.731516
v 22.328339 -0.517742 1.780170
v 22.291044 -0.517742 1.780170
v 22.247113 -0.517742 1.780170
v 22.195366 -0.517742 1.780170
v 22.134411 -0.517742 1.780170
v 22.062611 -0.517742 1.780170
v 21.978035 -0.517742 1.780170
v 21.878411 -0.517742 1.780170
v 21.761060 -0.517742 1.780170
v 21.622830 -0.517742 1.780170
v 21.460004 -0.517742 1.780170
v 21.297177 -0.517742 1.780170
v 21.158945 -0.517742 1.780170
v 21.041593 -0.517742 1.780170
v 20.941968 -0.517742 1.780170
v 20.857392 -0.517742 1.780170
v 20.785591 -0.517742 1.780170
v 20.724636 -0.517742 1.780170
v 20.672888 -0.517742 1.780170
v 20.628957 -0.517742 1.780170
v 20.591662 -0.517742 1.780170
v 20.560000 -0.500288 1.820530
v 20.560000 -0.458301 1.903558
v 20.560000 -0.355155 2.056350
v 20.560000 -0.281583 2.138816
v 20.560000 -0.591716 1.489915
v 20.560000 -0.566075 1.631677
v 20.560000 -0.547427 1.697581
v 19.816674 -0.598900 1.365000
v 19.911261 -0.598900 1.365000
v 20.033300 -0.598900 1.365000
v 20.188861 -0.598900 1.365000
v 20.336199 -0.598900 1.365000
v 20.458493 -0.598900 1.365000
v 20.591821 -0.246762 2.172752
v 20.629274 -0.246762 2.172752
v 20.673359 -0.246762 2.172752
v 20.725248 -0.246762 2.172752
v 20.786322 -0.246762 2.172752
v 20.858210 -0.246762 2.172752
v 20.942823 -0.246762 2.172752
v 21.042416 -0.246762 2.172752
v 21.159641 -0.246763 2.172751
v 21.297618 -0.246763 2.172751
v 21.460022 -0.246763 2.172751
v 21.622419 -0.246763 2.172751
v 21.760390 -0.246763 2.172751
v 21.877609 -0.246763 2.172751
v 21.977198 -0.246763 2.172751
v 22.061807 -0.246763 2.172751
v 22.133691 -0.246763 2.172751
v 22.194762 -0.246763 2.172751
v 22.246648 -0.246763 2.172751
v 22.290730 -0.246763 2.172751
v 22.328181 -0.246763 2.172751
v 22.328338 -0.207815 2.207256
v 22.291043 -0.207815 2.207256
v 22.247112 -0.207815 2.207256
v 22.195364 -0.207815 2.207256
v 22.134409 -0.207815 2.207256
v 22.062609 -0.207815 2.207256
v 21.978032 -0.207815 2.207256
v 21.878408 -0.207815 2.207256
v 21.761057 -0.207815 2.207256
v 21.622826 -0.207815 2.207256
v 21.459999 -0.207815 2.207256
v 21.297173 -0.207815 2.207256
v 21.158942 -0.207815 2.207256
v 21.041591 -0.207815 2.207256
v 20.941967 -0.207815 2.207256
v 20.857391 -0.207815 2.207256
v 20.785590 -0.207815 2.207256
v 20.724635 -0.207815 2.207256
v 20.672888 -0.207815 2.207256
v 20.628957 -0.207815 2.207256
v 20.591662 -0.207815 2.207256
v 20.560000 -0.174093 2.234418
v 20.560000 -0.101217 2.286726
v 20.560000 0.051265 2.370382
v 20.560000 0.162776 2.413495
v 22.360000 0.238338 2.434866
v 20.592947 0.214568 2.428939
v 20.631932 0.214568 2.428939
v 20.678064 0.214568 2.428939
v 20.732651 0.214568 2.428939
v 20.797244 0.214568 2.428939
v 20.873677 0.214568 2.428939
v 20.964120 0.214568 2.428939
v 21.071141 0.214568 2.428939
v 21.197779 0.214568 2.428939
v 21.347630 0.214567 2.428939
v 21.521204 0.214567 2.428939
v 21.678248 0.214567 2.428939
v 21.810233 0.214567 2.428939
v 21.921159 0.214567 2.428939
v 22.014386 0.214567 2.428939
v 22.092738 0.214567 2.428939
v 22.158588 0.214566 2.428939
v 22.213931 0.214566 2.428939
v 22.260444 0.214566 2.428939
v 22.299535 0.214566 2.428939
v 22.332388 0.214566 2.428939
v 22.328338 0.265089 2.441392
v 22.291043 0.265089 2.441392
v 22.247112 0.265089 2.441392
v 22.195364 0.265089 2.441392
v 22.134409 0.265089 2.441392
v 22.062608 0.265089 2.441392
v 21.978032 0.265089 2.441392
v 21.878407 0.265089 2.441392
v 21.761056 0.265089 2.441392
v 21.622825 0.265089 2.441392
v 21.459999 0.265089 2.441392
v 21.297173 0.265089 2.441392
v 21.158942 0.265089 2.441392
v 21.041591 0.265089 2.441392
v 20.941967 0.265089 2.441392
v 20.857391 0.265089 2.441392
v 20.785590 0.265089 2.441392
v 20.724635 0.265089 2.441392
v 20.672888 0.265089 2.441392
v 20.628957 0.265089 2.441392
v 20.591662 0.265089 2.441392
v 20.560000 0.312473 2.450615
v 20.560000 0.403469 2.462849
v 20.560000 0.583108 2.464560
v 20.560000 0.695255 2.450522
v 22.360000 0.768912 2.434853
v 20.591821 0.742113 2.441391
v 20.629274 0.742112 2.441391
v 20.673359 0.742112 2.441391
v 20.725248 0.742112 2.441391
v 20.786322 0.742112 2.441391
v 20.858210 0.742112 2.441391
v 20.942823 0.742112 2.441391
v 21.042416 0.742112 2.441391
v 21.159641 0.742112 2.441391
v 21.297618 0.742112 2.441391
v 21.460022 0.742112 2.441391
v 21.622419 0.742111 2.441391
v 21.760390 0.742111 2.441391
v 21.877609 0.742111 2.441392
v 21.977198 0.742111 2.441392
v 22.061807 0.742111 2.441392
v 22.133691 0.742111 2.441392
v 22.194762 0.742111 2.441392
v 22.246648 0.742111 2.441392
v 22.290730 0.742111 2.441392
v 22.328181 0.742111 2.441392
v 22.332345 0.792633 2.428939
v 22.299430 0.792633 2.428939
v 22.260258 0.792633 2.428939
v 22.213636 0.792633 2.428939
v 22.158149 0.792633 2.428939
v 22.092111 0.792633 2.428939
v 22.013516 0.792633 2.428939
v 21.919976 0.792633 2.428939
v 21.808649 0.792633 2.428939
v 21.676153 0.792633 2.428939
v 21.518463 0.792633 2.428939
v 21.344802 0.792633 2.428939
v 21.195240 0.792633 2.428939
v 21.068913 0.792633 2.428939
v 20.962210 0.792634 2.428939
v 20.872084 0.792634 2.428939
v 20.795958 0.792634 2.428939
v 20.731659 0.792634 2.428939
v 20.677348 0.792634 2.428939
v 20.631475 0.792634 2.428939
v 20.592728 0.792634 2.428939
v 20.560000 0.842215 2.414188
v 20.560000 0.938948 2.377803
v 20.560000 1.099970 2.292218
v 20.560000 1.181877 2.233961
v 20.591821 1.215016 2.207255
v 20.629274 1.215016 2.207255
v 20.673359 1.215016 2.207255
v 20.725248 1.215016 2.207255
v 20.786322 1.215016 2.207255
v 20.858210 1.215016 2.207255
v 20.942823 1.215016 2.207255
v 21.042416 1.215016 2.207255
v 21.159641 1.215016 2.207255
v 21.297618 1.215016 2.207255
v 21.460022 1.215016 2.207255
v 21.622419 1.215015 2.207256
v 21.760390 1.215015 2.207256
v 21.877609 1.215015 2.207256
v 21.977198 1.215015 2.207256
v 22.061807 1.215015 2.207256
v 22.133691 1.215015 2.207256
v 22.194762 1.215015 2.207256
v 22.246648 1.215015 2.207256
v 22.290730 1.215015 2.207256
v 22.328181 1.215015 2.207256
v 22.328339 1.253964 2.172750
v 22.291044 1.253964 2.172750
v 22.247113 1.253964 2.172750
v 22.195366 1.253964 2.172750
v 22.134411 1.253964 2.172750
v 22.062611 1.253964 2.172750
v 21.978035 1.253964 2.172750
v 21.878411 1.253964 2.172750
v 21.761060 1.253964 2.172750
v 21.622830 1.253964 2.172750
v 21.460004 1.253964 2.172750
v 21.297177 1.253964 2.172750
v 21.158945 1.253964 2.172750
v 21.041594 1.253964 2.172750
v 20.941968 1.253964 2.172750
v 20.857392 1.253964 2.172750
v 20.785591 1.253964 2.172750
v 20.724636 1.253964 2.172750
v 20.672888 1.253964 2.172750
v 20.628957 1.253964 2.172751
v 20.591662 1.253964 2.172751
v 20.560000 1.282291 2.145470
v 20.560000 1.322741 2.102907
v 20.560000 1.402624 2.003011
v 20.560000 1.479782 1.877219
v 20.560000 1.509756 1.815642
v 22.360000 1.534000 1.757083
v 20.591821 1.524943 1.780168
v 20.629274 1.524943 1.780168
v 20.673359 1.524943 1.780168
v 20.725248 1.524943 1.780168
v 20.786322 1.524943 1.780168
v 20.858210 1.524943 1.780168
v 20.942823 1.524943 1.780168
v 21.042416 1.524943 1.780168
v 21.159641 1.524943 1.780169
v 21.297618 1.524943 1.780169
v 21.460022 1.524943 1.780169
v 21.622419 1.524943 1.780169
v 21.760390 1.524943 1.780169
v 21.877609 1.524943 1.780169
v 21.977198 1.524943 1.780169
v 22.061807 1.524943 1.780169
v 22.133691 1.524943 1.780169
v 22.194762 1.524943 1.780170
v 22.246648 1.524943 1.780170
v 22.290730 1.524942 1.780170
v 22.328181 1.524942 1.780170
v 22.328339 1.543394 1.731516
v 22.291044 1.543394 1.731516
v 22.247114 1.543394 1.731516
v 22.195366 1.543394 1.731516
v 22.134412 1.543394 1.731516
v 22.062612 1.543394 1.731516
v 21.978037 1.543394 1.731516
v 21.878413 1.543394 1.731516
v 21.761063 1.543394 1.731516
v 21.622833 1.543394 1.731516
v 21.460008 1.543394 1.731516
v 21.297180 1.543394 1.731516
v 21.158948 1.543394 1.731516
v 21.041596 1.543394 1.731516
v 20.941971 1.543394 1.731516
v 20.857394 1.543394 1.731516
v 20.785593 1.543394 1.731516
v 20.724637 1.543394 1.731516
v 20.672889 1.543394 1.731516
v 20.628957 1.543394 1.731516
v 20.591662 1.543394 1.731516
v 20.560000 1.554888 1.696732
v 20.560000 1.572869 1.633275
v 20.560000 1.597257 1.503925
v 20.451702 1.606100 1.365000
v 20.323883 1.606100 1.365000
v 20.173024 1.606100 1.365000
v 20.022075 1.606100 1.365000
v 19.905579 1.606100 1.365000
v 19.815969 1.606100 1.365000
v 20.591821 -0.551275 1.705840
v 20.629274 -0.551275 1.705840
v 20.673359 -0.551275 1.705840
v 20.725248 -0.551275 1.705840
v 20.786322 -0.551275 1.705840
v 20.858210 -0.551275 1.705840
v 20.942823 -0.551275 1.705840
v 21.042416 -0.551275 1.705840
v 21.159641 -0.551275 1.705840
v 21.297618 -0.551275 1.705840
v 21.460022 -0.551275 1.705840
v 21.622419 -0.551275 1.705840
v 21.760390 -0.551275 1.705840
v 21.877609 -0.551275 1.705840
v 21.977198 -0.551275 1.705840
v 22.061807 -0.551275 1.705840
v 22.133691 -0.551275 1.705840
v 22.194762 -0.551275 1.705840
v 22.246648 -0.551275 1.705840
v 22.290730 -0.551275 1.705840
v 22.328181 -0.551275 1.705840
v 22.332788 -0.511998 1.809139
v 22.300484 -0.511998 1.809139
v 22.262137 -0.511998 1.809139
v 22.216614 -0.511998 1.809139
v 22.162574 -0.511998 1.809139
v 22.098423 -0.511998 1.809139
v 22.022269 -0.511998 1.809139
v 21.931866 -0.511998 1.809139
v 21.824549 -0.511998 1.809139
v 21.697152 -0.511998 1.809139
v 21.545918 -0.511998 1.809139
v 21.374082 -0.511998 1.809139
v 21.222848 -0.511998 1.809139
v 21.095451 -0.511998 1.809139
v 20.988134 -0.511998 1.809139
v 20.897731 -0.511998 1.809139
v 20.821577 -0.511998 1.809139
v 20.757426 -0.511998 1.809139
v 20.703386 -0.511998 1.809139
v 20.657863 -0.511998 1.809139
v 20.619516 -0.511998 1.809139
v 20.587212 -0.511998 1.809139
v 20.591821 -0.272050 2.157024
v 20.629274 -0.272050 2.157024
v 20.673359 -0.272050 2.157024
v 20.725248 -0.272050 2.157024
v 20.786322 -0.272050 2.157024
v 20.858210 -0.272050 2.157024
v 20.942823 -0.272050 2.157024
v 21.042416 -0.272050 2.157024
v 21.159641 -0.272050 2.157024
v 21.297618 -0.272050 2.157024
v 21.460022 -0.272050 2.157024
v 21.622419 -0.272050 2.157024
v 21.760390 -0.272050 2.157024
v 21.877609 -0.272050 2.157024
v 21.977198 -0.272050 2.157024
v 22.061807 -0.272050 2.157024
v 22.133691 -0.272050 2.157024
v 22.194762 -0.272050 2.157024
v 22.246648 -0.272050 2.157024
v 22.290730 -0.272050 2.157024
v 22.328181 -0.272050 2.157024
v 22.332788 -0.189266 2.230237
v 22.300484 -0.189266 2.230237
v 22.262137 -0.189266 2.230237
v 22.216614 -0.189266 2.230237
v 22.162574 -0.189266 2.230237
v 22.098423 -0.189266 2.230237
v 22.022269 -0.189266 2.230237
v 21.931866 -0.189266 2.230237
v 21.824549 -0.189266 2.230237
v 21.697152 -0.189266 2.230237
v 21.545918 -0.189266 2.230237
v 21.374082 -0.189266 2.230237
v 21.222848 -0.189266 2.230237
v 21.095451 -0.189266 2.230237
v 20.988134 -0.189266 2.230237
v 20.897731 -0.189266 2.230237
v 20.821577 -0.189266 2.230237
v 20.757426 -0.189266 2.230237
v 20.703386 -0.189266 2.230237
v 20.657863 -0.189266 2.230237
v 20.619516 -0.189266 2.230237
v 20.587212 -0.189266 2.230237
v 20.591821 0.184868 2.426764
v 20.629275 0.184868 2.426764
v 20.673359 0.184868 2.426764
v 20.725248 0.184868 2.426764
v 20.786323 0.184868 2.426764
v 20.858211 0.184868 2.426764
v 20.942825 0.184868 2.426764
v 21.042419 0.184868 2.426764
v 21.159644 0.184868 2.426764
v 21.297622 0.184868 2.426764
v 21.460027 0.184868 2.426764
v 21.622424 0.184868 2.426764
v 21.760394 0.184868 2.426764
v 21.877613 0.184868 2.426764
v 21.977201 0.184868 2.426764
v 22.061810 0.184868 2.426764
v 22.133693 0.184868 2.426764
v 22.194764 0.184868 2.426764
v 22.246649 0.184868 2.426764
v 22.290731 0.184868 2.426764
v 22.328182 0.184868 2.426764
v 22.332788 0.292193 2.453121
v 22.300484 0.292193 2.453121
v 22.262137 0.292193 2.453121
v 22.216614 0.292193 2.453121
v 22.162574 0.292193 2.453121
v 22.098423 0.292193 2.453121
v 22.022269 0.292193 2.453121
v 21.931866 0.292193 2.453121
v 21.824549 0.292193 2.453121
v 21.697152 0.292193 2.453121
v 21.545918 0.292193 2.453121
v 21.374082 0.292193 2.453121
v 21.222848 0.292193 2.453121
v 21.095451 0.292193 2.453121
v 20.988134 0.292193 2.453121
v 20.897731 0.292193 2.453121
v 20.821577 0.292193 2.453121
v 20.757426 0.292193 2.453121
v 20.703386 0.292193 2.453121
v 20.657863 0.292193 2.453121
v 20.619516 0.292193 2.453121
v 20.587212 0.292193 2.453121
v 20.591821 0.714803 2.453268
v 20.629274 0.714803 2.453268
v 20.673359 0.714803 2.453268
v 20.725248 0.714803 2.453268
v 20.786322 0.714803 2.453268
v 20.858210 0.714803 2.453268
v 20.942823 0.714803 2.453268
v 21.042416 0.714803 2.453268
v 21.159641 0.714803 2.453268
v 21.297618 0.714803 2.453268
v 21.460022 0.714803 2.453268
v 21.622419 0.714803 2.453268
v 21.760390 0.714803 2.453268
v 21.877609 0.714803 2.453268
v 21.977198 0.714803 2.453268
v 22.061807 0.714803 2.453268
v 22.133691 0.714803 2.453268
v 22.194762 0.714803 2.453268
v 22.246648 0.714803 2.453268
v 22.290730 0.714803 2.453268
v 22.328181 0.714803 2.453268
v 22.332788 0.822083 2.426729
v 22.300484 0.822083 2.426729
v 22.262137 0.822083 2.426729
v 22.216614 0.822083 2.426729
v 22.162574 0.822083 2.426729
v 22.098423 0.822083 2.426729
v 22.022269 0.822083 2.426729
v 21.931866 0.822083 2.426729
v 21.824549 0.822083 2.426729
v 21.697152 0.822083 2.426729
v 21.545918 0.822083 2.426729
v 21.374082 0.822083 2.426729
v 21.222848 0.822083 2.426729
v 21.095451 0.822083 2.426729
v 20.988134 0.822083 2.426729
v 20.897731 0.822083 2.426729
v 20.821577 0.822083 2.426729
v 20.757426 0.822083 2.426729
v 20.703386 0.822083 2.426729
v 20.657863 0.822083 2.426729
v 20.619516 0.822083 2.426729
v 20.587212 0.822083 2.426729
v 20.591821 1.196355 2.230462
v 20.629274 1.196355 2.230462
v 20.673359 1.196355 2.230462
v 20.725248 1.196355 2.230462
v 20.786322 1.196355 2.230462
v 20.858210 1.196355 2.230462
v 20.942823 1.196355 2.230462
v 21.042416 1.196355 2.230462
v 21.159641 1.196355 2.230462
v 21.297618 1.196355 2.230462
v 21.460022 1.196355 2.230462
v 21.622419 1.196355 2.230462
v 21.760390 1.196355 2.230462
v 21.877609 1.196355 2.230462
v 21.977198 1.196355 2.230462
v 22.061807 1.196355 2.230462
v 22.133691 1.196355 2.230462
v 22.194762 1.196355 2.230462
v 22.246648 1.196355 2.230462
v 22.290730 1.196355 2.230462
v 22.328181 1.196355 2.230462
v 22.332788 1.279013 2.157107
v 22.300484 1.279013 2.157107
v 22.262137 1.279013 2.157107
v 22.216614 1.279013 2.157107
v 22.162574 1.279013 2.157107
v 22.098423 1.279013 2.157107
v 22.022269 1.279013 2.157107
v 21.931866 1.279013 2.157107
v 21.824549 1.279013 2.157107
v 21.697152 1.279013 2.157107
v 21.545918 1.279013 2.157107
v 21.374082 1.279013 2.157107
v 21.222848 1.279013 2.157107
v 21.095451 1.279013 2.157107
v 20.988134 1.279013 2.157107
v 20.897731 1.279013 2.157107
v 20.821577 1.279013 2.157107
v 20.757426 1.279013 2.157107
v 20.703386 1.279013 2.157107
v 20.657863 1.279013 2.157107
v 20.619516 1.279013 2.157107
v 20.587212 1.279013 2.157107
v 20.591821 1.519204 1.809389
v 20.629274 1.519204 1.809389
v 20.673359 1.519204 1.809389
v 20.725248 1.519204 1.809389
v 20.786322 1.519204 1.809389
v 20.858210 1.519204 1.809389
v 20.942823 1.519204 1.809389
v 21.042416 1.519204 1.809389
v 21.159641 1.519204 1.809389
v 21.297618 1.519204 1.809389
v 21.460022 1.519204 1.809389
v 21.622419 1.519204 1.809389
v 21.760390 1.519204 1.809389
v 21.877609 1.519204 1.809389
v 21.977198 1.519204 1.809389
v 22.061807 1.519204 1.809389
v 22.133691 1.519204 1.809389
v 22.194762 1.519204 1.809389
v 22.246648 1.519204 1.809389
v 22.290730 1.519204 1.809389
v 22.328181 1.519204 1.809389
v 22.332345 1.558305 1.706024
v 22.299431 1.558304 1.706024
v 22.260258 1.558304 1.706023
v 22.213636 1.558304 1.706023
v 22.158150 1.558304 1.706023
v 22.092112 1.558303 1.706023
v 22.013517 1.558303 1.706022
v 21.919978 1.558302 1.706022
v 21.808651 1.558302 1.706021
v 21.676156 1.558301 1.706021
v 21.518466 1.558300 1.706020
v 21.344806 1.558299 1.706019
v 21.195244 1.558298 1.706018
v 21.068916 1.558297 1.706018
v 20.962213 1.558297 1.706017
v 20.872086 1.558296 1.706017
v 20.795960 1.558296 1.706016
v 20.731660 1.558296 1.706016
v 20.677349 1.558295 1.706016
v 20.631475 1.558295 1.706016
v 20.592728 1.558295 1.706015
v 22.360000 1.626611 1.671582
v 22.360000 1.671430 1.671475
v 20.599975 1.587236 1.683305
v 20.646789 1.587236 1.683305
v 20.701613 1.587236 1.683305
v 20.765818 1.587236 1.683305
v 20.841008 1.587236 1.683305
v 20.929062 1.587236 1.683305
v 21.032183 1.587236 1.683305
v 21.152948 1.587236 1.683305
v 21.294376 1.587236 1.683305
v 21.460002 1.587236 1.683305
v 21.625627 1.587236 1.683305
v 21.767054 1.587236 1.683305
v 21.887819 1.587236 1.683305
v 21.990939 1.587236 1.683305
v 22.078994 1.587236 1.683305
v 22.154183 1.587236 1.683305
v 22.218388 1.587236 1.683305
v 22.273212 1.587236 1.683305
v 22.320026 1.587236 1.683305
v 20.560000 1.671430 1.671475
v 20.560000 1.626613 1.671582
v 22.313380 1.745087 1.690681
v 22.259324 1.745087 1.690681
v 22.196646 1.745087 1.690681
v 22.123972 1.745087 1.690681
v 22.039706 1.745087 1.690681
v 21.941999 1.745087 1.690681
v 21.828709 1.745087 1.690681
v 21.697349 1.745087 1.690681
v 21.545037 1.745087 1.690681
v 21.374963 1.745087 1.690681
v 21.222651 1.745087 1.690681
v 21.091291 1.745087 1.690681
v 20.978001 1.745087 1.690681
v 20.880294 1.745087 1.690681
v 20.796028 1.745087 1.690681
v 20.723354 1.745087 1.690681
v 20.660676 1.745087 1.690681
v 20.606620 1.745087 1.690681
v 22.360000 1.801570 1.693751
v 22.360000 1.931103 1.670601
v 20.560000 1.931100 1.670602
v 20.560000 1.801569 1.693751
v 22.228084 2.057694 1.620766
v 22.089413 2.057694 1.620766
v 21.943643 2.057694 1.620766
v 21.790408 2.057694 1.620766
v 21.629328 2.057694 1.620766
v 21.460000 2.057694 1.620766
v 21.290672 2.057694 1.620766
v 21.129592 2.057694 1.620766
v 20.976357 2.057694 1.620766
v 20.830587 2.057694 1.620766
v 20.691916 2.057694 1.620766
v 22.228084 2.073744 1.488585
v 22.089413 2.073744 1.488585
v 21.943643 2.073744 1.488585
v 21.790408 2.073744 1.488585
v 21.629328 2.073744 1.488585
v 21.460000 2.073744 1.488585
v 21.290672 2.073744 1.488585
v 21.129592 2.073744 1.488585
v 20.976357 2.073744 1.488585
v 20.830587 2.073744 1.488585
v 20.691916 2.073744 1.488585
v 20.560000 1.911607 1.382964
v 22.294660 1.786952 1.345890
v 22.220524 1.786952 1.345890
v 22.136407 1.786952 1.345890
v 22.040967 1.786952 1.345890
v 21.932678 1.786952 1.345890
v 21.809811 1.786952 1.345890
v 21.670403 1.786952 1.345890
v 21.512228 1.786952 1.345890
v 21.343751 1.786952 1.345890
v 21.194492 1.786952 1.345890
v 21.063893 1.786952 1.345890
v 20.949619 1.786952 1.345890
v 20.849631 1.786952 1.345890
v 20.762142 1.786952 1.345890
v 20.685591 1.786952 1.345890
v 20.618609 1.786952 1.345890
v 22.360000 1.911608 1.382965
v 20.560000 1.604046 1.298972
v 20.560000 1.625411 1.309119
v 20.560000 1.724381 1.348281
v 20.591821 1.609391 1.286513
v 20.629274 1.609391 1.286513
v 20.673359 1.609391 1.286513
v 20.725248 1.609391 1.286513
v 20.786322 1.609391 1.286513
v 20.858210 1.609391 1.286513
v 20.942823 1.609391 1.286513
v 21.042416 1.609391 1.286513
v 21.159641 1.609391 1.286513
v 21.297618 1.609391 1.286513
v 21.460022 1.609391 1.286513
v 21.622419 1.609391 1.286513
v 21.760390 1.609391 1.286513
v 21.877609 1.609391 1.286513
v 21.977198 1.609391 1.286513
v 22.061807 1.609391 1.286513
v 22.133691 1.609391 1.286513
v 22.194762 1.609391 1.286513
v 22.246648 1.609391 1.286513
v 22.290730 1.609391 1.286513
v 22.328181 1.609391 1.286513
v 22.332388 1.600893 1.257973
v 22.299535 1.600893 1.257973
v 22.260444 1.600893 1.257973
v 22.213931 1.600893 1.257973
v 22.158588 1.600893 1.257973
v 22.092738 1.600893 1.257973
v 22.014386 1.600893 1.257973
v 21.921159 1.600893 1.257973
v 21.810233 1.600893 1.257972
v 21.678248 1.600893 1.257972
v 21.521204 1.600893 1.257972
v 21.347630 1.600893 1.257972
v 21.197779 1.600893 1.257972
v 21.071141 1.600893 1.257972
v 20.964120 1.600893 1.257972
v 20.873677 1.600893 1.257971
v 20.797244 1.600893 1.257971
v 20.732651 1.600893 1.257971
v 20.678064 1.600893 1.257971
v 20.631932 1.600893 1.257971
v 20.592947 1.600893 1.257971
v 22.360000 1.625411 1.309119
v 20.637137 1.660268 1.333111
v 20.724543 1.660268 1.333111
v 20.823586 1.660268 1.333111
v 20.935816 1.660268 1.333111
v 21.062987 1.660268 1.333111
v 21.207089 1.660268 1.333111
v 21.370377 1.660268 1.333111
v 21.549623 1.660268 1.333111
v 21.712911 1.660268 1.333111
v 21.857013 1.660268 1.333111
v 21.984184 1.660268 1.333111
v 22.096414 1.660268 1.333111
v 22.195457 1.660268 1.333111
v 22.282863 1.660268 1.333111
v 22.360000 1.724381 1.348281
v 20.560000 0.158050 2.433727
v 22.360000 0.158050 2.433727
v 20.637137 0.123257 2.457811
v 20.724543 0.123257 2.457811
v 20.823586 0.123257 2.457811
v 20.935816 0.123257 2.457811
v 21.062987 0.123257 2.457811
v 21.207089 0.123257 2.457811
v 21.370377 0.123257 2.457811
v 21.549623 0.123257 2.457811
v 21.712911 0.123257 2.457811
v 21.857013 0.123257 2.457811
v 21.984184 0.123257 2.457811
v 22.096414 0.123257 2.457811
v 22.195457 0.123257 2.457811
v 22.282863 0.123257 2.457811
v 20.560000 0.087997 2.508885
v 22.360000 0.087997 2.508885
v 20.627992 0.066385 2.571732
v 20.705508 0.066385 2.571732
v 20.793883 0.066385 2.571732
v 20.894639 0.066385 2.571732
v 21.009508 0.066385 2.571732
v 21.140470 0.066385 2.571732
v 21.289777 0.066385 2.571732
v 21.460000 0.066385 2.571732
v 21.630223 0.066385 2.571732
v 21.779530 0.066385 2.571732
v 21.910492 0.066385 2.571732
v 22.025361 0.066385 2.571732
v 22.126117 0.066385 2.571732
v 22.214492 0.066385 2.571732
v 22.292008 0.066385 2.571732
v 20.560000 -0.012483 2.675139
v 22.360000 -0.012484 2.675140
v 20.691916 -0.168735 2.789286
v 20.830587 -0.168735 2.789286
v 20.976357 -0.168735 2.789286
v 21.129592 -0.168735 2.789286
v 21.290672 -0.168735 2.789286
v 21.460000 -0.168735 2.789286
v 21.629328 -0.168735 2.789286
v 21.790408 -0.168735 2.789286
v 21.943643 -0.168735 2.789286
v 22.089413 -0.168735 2.789286
v 22.228084 -0.168735 2.789286
v 20.560000 -0.264053 2.462046
v 20.560000 -0.288342 2.591371
v 20.560000 -0.179899 2.299791
v 20.560000 -0.187927 2.327881
v 20.560000 -0.213211 2.375255
v 20.691916 -0.286635 2.727407
v 20.830587 -0.286635 2.727407
v 20.976357 -0.286635 2.727407
v 21.129592 -0.286635 2.727407
v 21.290672 -0.286635 2.727407
v 21.460000 -0.286635 2.727407
v 21.629328 -0.286635 2.727407
v 21.790408 -0.286635 2.727407
v 21.943643 -0.286635 2.727407
v 22.089413 -0.286635 2.727407
v 22.228084 -0.286635 2.727407
v 22.360000 -0.264053 2.462046
v 22.360000 -0.288342 2.591371
v 20.600282 -0.241154 2.410323
v 20.647393 -0.241154 2.410323
v 20.702491 -0.241154 2.410323
v 20.766931 -0.241154 2.410323
v 20.842295 -0.241154 2.410323
v 20.930438 -0.241154 2.410323
v 21.033524 -0.241154 2.410323
v 21.154087 -0.241154 2.410323
v 21.295091 -0.241154 2.410323
v 21.460000 -0.241154 2.410323
v 21.624910 -0.241154 2.410323
v 21.765913 -0.241154 2.410323
v 21.886476 -0.241154 2.410323
v 21.989562 -0.241154 2.410323
v 22.077705 -0.241154 2.410323
v 22.153069 -0.241154 2.410323
v 22.217509 -0.241154 2.410323
v 22.272607 -0.241154 2.410323
v 22.319718 -0.241154 2.410323
v 22.360000 -0.179899 2.299791
v 22.360000 -0.187927 2.327881
v 22.360000 -0.213211 2.375255
v 20.599974 -0.178283 2.265345
v 20.646789 -0.178283 2.265345
v 20.701613 -0.178283 2.265345
v 20.765817 -0.178283 2.265345
v 20.841007 -0.178283 2.265345
v 20.929061 -0.178283 2.265345
v 21.032182 -0.178283 2.265345
v 21.152947 -0.178283 2.265345
v 21.294374 -0.178283 2.265345
v 21.460000 -0.178283 2.265345
v 21.625626 -0.178283 2.265345
v 21.767053 -0.178283 2.265345
v 21.887818 -0.178283 2.265345
v 21.990939 -0.178283 2.265345
v 22.078993 -0.178283 2.265345
v 22.154183 -0.178283 2.265345
v 22.218387 -0.178283 2.265345
v 22.273211 -0.178283 2.265345
v 22.320026 -0.178283 2.265345
v 20.560000 -0.299032 2.150726
v 22.360000 -0.299031 2.150726
v 20.637137 -0.341032 2.155882
v 20.724543 -0.341032 2.155882
v 20.823586 -0.341032 2.155882
v 20.935816 -0.341032 2.155882
v 21.062987 -0.341032 2.155882
v 21.207089 -0.341032 2.155882
v 21.370377 -0.341032 2.155882
v 21.549623 -0.341032 2.155882
v 21.712911 -0.341032 2.155882
v 21.857013 -0.341032 2.155882
v 21.984184 -0.341032 2.155882
v 22.096414 -0.341032 2.155882
v 22.195457 -0.341032 2.155882
v 22.282863 -0.341032 2.155882
v 20.560000 -0.395988 2.184719
v 22.360000 -0.395988 2.184719
v 20.627992 -0.444331 2.230324
v 20.705508 -0.444331 2.230324
v 20.793883 -0.444331 2.230324
v 20.894639 -0.444331 2.230324
v 21.009508 -0.444331 2.230324
v 21.140470 -0.444331 2.230324
v 21.289777 -0.444331 2.230324
v 21.460000 -0.444331 2.230324
v 21.630223 -0.444331 2.230324
v 21.779530 -0.444331 2.230324
v 21.910492 -0.444331 2.230324
v 22.025361 -0.444331 2.230324
v 22.126117 -0.444331 2.230324
v 22.214492 -0.444331 2.230324
v 22.292008 -0.444331 2.230324
v 20.560000 -0.562221 2.285235
v 22.360000 -0.562222 2.285235
v 20.691916 -0.753622 2.313693
v 20.830587 -0.753622 2.313693
v 20.976357 -0.753622 2.313693
v 21.129592 -0.753622 2.313693
v 21.290672 -0.753622 2.313693
v 21.460000 -0.753622 2.313693
v 21.629328 -0.753622 2.313693
v 21.790408 -0.753622 2.313693
v 21.943643 -0.753622 2.313693
v 22.089413 -0.753622 2.313693
v 22.228084 -0.753622 2.313693
v 20.560000 -0.515916 1.837659
v 20.560000 -0.570331 1.907559
v 20.560000 -0.685950 1.979643
v 20.560000 -0.767550 2.082859
v 20.691916 -0.829260 2.204111
v 20.830587 -0.829260 2.204111
v 20.976357 -0.829260 2.204111
v 21.129592 -0.829260 2.204111
v 21.290672 -0.829260 2.204111
v 21.460000 -0.829260 2.204111
v 21.629328 -0.829260 2.204111
v 21.790408 -0.829260 2.204111
v 21.943643 -0.829260 2.204111
v 22.089413 -0.829260 2.204111
v 22.228084 -0.829260 2.204111
v 22.360000 -0.685950 1.979643
v 22.360000 -0.767550 2.082859
v 20.600274 -0.641633 1.944483
v 20.647378 -0.641633 1.944483
v 20.702470 -0.641633 1.944483
v 20.766904 -0.641633 1.944483
v 20.842264 -0.641633 1.944483
v 20.930405 -0.641633 1.944483
v 21.033491 -0.641633 1.944483
v 21.154060 -0.641633 1.944483
v 21.295073 -0.641633 1.944483
v 21.460000 -0.641633 1.944483
v 21.624927 -0.641633 1.944483
v 21.765940 -0.641633 1.944483
v 21.886509 -0.641633 1.944483
v 21.989595 -0.641633 1.944483
v 22.077736 -0.641633 1.944483
v 22.153096 -0.641633 1.944483
v 22.217530 -0.641633 1.944483
v 22.272622 -0.641633 1.944483
v 22.319726 -0.641633 1.944483
v 22.360000 -0.557499 1.897348
v 22.360000 -0.601358 1.926815
v 20.599730 -0.537568 1.877015
v 20.646413 -0.537568 1.877015
v 20.701266 -0.537568 1.877015
v 20.765720 -0.537568 1.877015
v 20.841453 -0.537568 1.877015
v 20.930441 -0.537568 1.877015
v 21.035003 -0.537568 1.877015
v 21.157865 -0.537568 1.877015
v 21.302230 -0.537568 1.877015
v 21.471736 -0.537568 1.877015
v 21.637723 -0.537568 1.877015
v 21.778790 -0.537568 1.877015
v 21.898677 -0.537568 1.877015
v 22.000564 -0.537568 1.877015
v 22.087155 -0.537568 1.877015
v 22.160745 -0.537568 1.877015
v 22.223287 -0.537568 1.877015
v 22.276439 -0.537568 1.877015
v 22.321610 -0.537568 1.877015
v 22.360000 -0.517377 1.842082
v 20.560000 -0.572240 1.687724
v 22.360000 -0.572240 1.687724
v 20.637137 -0.611825 1.672771
v 20.724543 -0.611825 1.672771
v 20.823586 -0.611825 1.672771
v 20.935816 -0.611825 1.672771
v 21.062987 -0.611825 1.672771
v 21.207089 -0.611825 1.672771
v 21.370377 -0.611825 1.672771
v 21.549623 -0.611825 1.672771
v 21.712911 -0.611825 1.672771
v 21.857013 -0.611825 1.672771
v 21.984184 -0.611825 1.672771
v 22.096414 -0.611825 1.672771
v 22.195457 -0.611825 1.672771
v 22.282863 -0.611825 1.672771
v 20.560000 -0.673888 1.672766
v 22.360000 -0.673888 1.672766
v 20.627992 -0.737887 1.690681
v 20.705508 -0.737887 1.690681
v 20.793883 -0.737887 1.690681
v 20.894639 -0.737887 1.690681
v 21.009508 -0.737887 1.690681
v 21.140470 -0.737887 1.690681
v 21.289777 -0.737887 1.690681
v 21.460000 -0.737887 1.690681
v 21.630223 -0.737887 1.690681
v 21.779530 -0.737887 1.690681
v 21.910492 -0.737887 1.690681
v 22.025361 -0.737887 1.690681
v 22.126117 -0.737887 1.690681
v 22.214492 -0.737887 1.690681
v 22.292008 -0.737887 1.690681
v 20.560000 -0.867792 1.684516
v 22.360000 -0.867793 1.684515
v 20.691916 -1.050494 1.620766
v 20.830587 -1.050494 1.620766
v 20.976357 -1.050494 1.620766
v 21.129592 -1.050494 1.620766
v 21.290672 -1.050494 1.620766
v 21.460000 -1.050494 1.620766
v 21.629328 -1.050494 1.620766
v 21.790408 -1.050494 1.620766
v 21.943643 -1.050494 1.620766
v 22.089413 -1.050494 1.620766
v 22.228084 -1.050494 1.620766
v 20.691916 -1.066544 1.488585
v 20.830587 -1.066544 1.488585
v 20.976357 -1.066544 1.488585
v 21.129592 -1.066544 1.488585
v 21.290672 -1.066544 1.488585
v 21.460000 -1.066544 1.488585
v 21.629328 -1.066544 1.488585
v 21.790408 -1.066544 1.488585
v 21.943643 -1.066544 1.488585
v 22.089413 -1.066544 1.488585
v 22.228084 -1.066544 1.488585
v 22.360000 -0.835328 1.356427
v 22.360000 -0.955558 1.409903
v 20.608200 -0.779752 1.345890
v 20.664349 -0.779752 1.345890
v 20.729757 -0.779752 1.345890
v 20.805951 -0.779752 1.345890
v 20.894710 -0.779752 1.345890
v 20.998105 -0.779752 1.345890
v 21.118551 -0.779752 1.345890
v 21.258858 -0.779752 1.345890
v 21.422304 -0.779752 1.345890
v 21.594981 -0.779752 1.345890
v 21.743205 -0.779752 1.345890
v 21.869516 -0.779752 1.345890
v 21.977153 -0.779752 1.345890
v 22.068878 -0.779752 1.345890
v 22.147042 -0.779752 1.345890
v 22.213650 -0.779752 1.345890
v 22.270411 -0.779752 1.345890
v 22.318781 -0.779752 1.345890
v 20.560000 -0.955555 1.409901
v 20.560000 -0.835328 1.356427
v 20.560000 -0.596999 1.301478
v 20.560000 -0.653989 1.333513
v 20.560000 -0.681668 1.342863
v 20.560000 -0.735019 1.348967
v 20.592730 -0.593693 1.257971
v 20.631479 -0.593693 1.257971
v 20.677355 -0.593693 1.257971
v 20.731668 -0.593693 1.257971
v 20.795970 -0.593693 1.257971
v 20.872098 -0.593693 1.257971
v 20.962228 -0.593693 1.257971
v 21.068933 -0.593693 1.257972
v 21.195264 -0.593693 1.257972
v 21.344828 -0.593693 1.257972
v 21.518488 -0.593693 1.257972
v 21.676172 -0.593693 1.257973
v 21.808664 -0.593693 1.257973
v 21.919987 -0.593693 1.257973
v 22.013524 -0.593693 1.257973
v 22.092117 -0.593693 1.257973
v 22.158153 -0.593693 1.257973
v 22.213639 -0.593693 1.257973
v 22.260259 -0.593693 1.257973
v 22.299431 -0.593693 1.257973
v 22.332345 -0.593693 1.257974
v 22.332788 -0.602069 1.286293
v 22.300484 -0.602069 1.286293
v 22.262137 -0.602069 1.286293
v 22.216614 -0.602069 1.286293
v 22.162574 -0.602069 1.286293
v 22.098423 -0.602069 1.286293
v 22.022269 -0.602069 1.286293
v 21.931866 -0.602069 1.286293
v 21.824549 -0.602069 1.286293
v 21.697152 -0.602069 1.286293
v 21.545918 -0.602069 1.286293
v 21.374082 -0.602069 1.286293
v 21.222848 -0.602069 1.286293
v 21.095451 -0.602069 1.286293
v 20.988134 -0.602069 1.286293
v 20.897731 -0.602069 1.286293
v 20.821577 -0.602069 1.286293
v 20.757426 -0.602069 1.286293
v 20.703386 -0.602069 1.286293
v 20.657863 -0.602069 1.286293
v 20.619516 -0.602069 1.286293
v 20.587212 -0.602069 1.286293
v 22.360000 -0.653989 1.333513
v 22.360000 -0.681668 1.342863
v 22.360000 -0.735019 1.348967
v 20.599974 -0.624723 1.315275
v 20.646789 -0.624723 1.315275
v 20.701613 -0.624723 1.315275
v 20.765817 -0.624723 1.315275
v 20.841007 -0.624723 1.315275
v 20.929061 -0.624723 1.315275
v 21.032182 -0.624723 1.315275
v 21.152947 -0.624723 1.315275
v 21.294374 -0.624723 1.315275
v 21.460000 -0.624723 1.315275
v 21.625626 -0.624723 1.315275
v 21.767053 -0.624723 1.315275
v 21.887818 -0.624723 1.315275
v 21.990939 -0.624723 1.315275
v 22.078993 -0.624723 1.315275
v 22.154183 -0.624723 1.315275
v 22.218387 -0.624723 1.315275
v 22.273211 -0.624723 1.315275
v 22.320026 -0.624723 1.315275
v 20.560000 1.522884 1.836852
v 22.360000 1.522883 1.836851
v 20.637137 1.542598 1.874294
v 20.724543 1.542598 1.874294
v 20.823586 1.542598 1.874294
v 20.935816 1.542598 1.874294
v 21.062987 1.542598 1.874294
v 21.207089 1.542598 1.874294
v 21.370377 1.542598 1.874294
v 21.549623 1.542598 1.874294
v 21.712911 1.542598 1.874294
v 21.857013 1.542598 1.874294
v 21.984184 1.542598 1.874294
v 22.096414 1.542598 1.874294
v 22.195457 1.542598 1.874294
v 22.282863 1.542598 1.874294
v 20.560000 1.589049 1.915453
v 22.360000 1.589049 1.915453
v 20.627992 1.648833 1.944483
v 20.705508 1.648833 1.944483
v 20.793883 1.648833 1.944483
v 20.894639 1.648833 1.944483
v 21.009508 1.648833 1.944483
v 21.140470 1.648833 1.944483
v 21.289777 1.648833 1.944483
v 21.460000 1.648833 1.944483
v 21.630223 1.648833 1.944483
v 21.779530 1.648833 1.944483
v 21.910492 1.648833 1.944483
v 22.025361 1.648833 1.944483
v 22.126117 1.648833 1.944483
v 22.214492 1.648833 1.944483
v 22.292008 1.648833 1.944483
v 20.560000 1.741980 2.035240
v 22.360000 1.741981 2.035241
v 20.691916 1.836460 2.204111
v 20.830587 1.836460 2.204111
v 20.976357 1.836460 2.204111
v 21.129592 1.836460 2.204111
v 21.290672 1.836460 2.204111
v 21.460000 1.836460 2.204111
v 21.629328 1.836460 2.204111
v 21.790408 1.836460 2.204111
v 21.943643 1.836460 2.204111
v 22.089413 1.836460 2.204111
v 22.228084 1.836460 2.204111
v 20.560000 1.500117 2.259291
v 20.560000 1.625571 2.298990
v 20.560000 1.349189 2.156192
v 20.560000 1.376106 2.167548
v 20.560000 1.420087 2.198357
v 20.691916 1.760822 2.313693
v 20.830587 1.760822 2.313693
v 20.976357 1.760822 2.313693
v 21.129592 1.760822 2.313693
v 21.290672 1.760822 2.313693
v 21.460000 1.760822 2.313693
v 21.629328 1.760822 2.313693
v 21.790408 1.760822 2.313693
v 21.943643 1.760822 2.313693
v 22.089413 1.760822 2.313693
v 22.228084 1.760822 2.313693
v 22.360000 1.500117 2.259291
v 22.360000 1.625571 2.298990
v 20.600282 1.451531 2.230324
v 20.647393 1.451531 2.230324
v 20.702491 1.451531 2.230324
v 20.766931 1.451531 2.230324
v 20.842295 1.451531 2.230324
v 20.930438 1.451531 2.230324
v 21.033524 1.451531 2.230324
v 21.154087 1.451531 2.230324
v 21.295090 1.451531 2.230324
v 21.460000 1.451531 2.230324
v 21.624910 1.451531 2.230324
v 21.765913 1.451531 2.230324
v 21.886476 1.451531 2.230324
v 21.989562 1.451531 2.230324
v 22.077705 1.451531 2.230324
v 22.153069 1.451531 2.230324
v 22.217509 1.451531 2.230324
v 22.272607 1.451531 2.230324
v 22.319718 1.451531 2.230324
v 22.360000 1.349189 2.156192
v 22.360000 1.376106 2.167548
v 22.360000 1.420087 2.198357
v 20.599974 1.315188 2.150436
v 20.646789 1.315188 2.150436
v 20.701613 1.315188 2.150436
v 20.765817 1.315188 2.150436
v 20.841007 1.315188 2.150436
v 20.929061 1.315188 2.150436
v 21.032182 1.315188 2.150436
v 21.152947 1.315188 2.150436
v 21.294374 1.315188 2.150436
v 21.460000 1.315188 2.150436
v 21.625626 1.315188 2.150436
v 21.767053 1.315188 2.150436
v 21.887818 1.315188 2.150436
v 21.990939 1.315188 2.150436
v 22.078993 1.315188 2.150436
v 22.154183 1.315188 2.150436
v 22.218387 1.315188 2.150436
v 22.273211 1.315188 2.150436
v 22.320026 1.315188 2.150436
v 20.560000 1.186850 2.256489
v 22.360000 1.186850 2.256488
v 20.637137 1.186906 2.298804
v 20.724543 1.186906 2.298804
v 20.823586 1.186906 2.298804
v 20.935816 1.186906 2.298804
v 21.062987 1.186906 2.298804
v 21.207089 1.186906 2.298804
v 21.370377 1.186906 2.298804
v 21.549623 1.186906 2.298804
v 21.712911 1.186906 2.298804
v 21.857013 1.186906 2.298804
v 21.984184 1.186906 2.298804
v 22.096414 1.186906 2.298804
v 22.195457 1.186906 2.298804
v 22.282863 1.186906 2.298804
v 20.560000 1.208909 2.356835
v 22.360000 1.208909 2.356835
v 20.627992 1.248354 2.410323
v 20.705508 1.248354 2.410323
v 20.793883 1.248354 2.410323
v 20.894639 1.248354 2.410323
v 21.009508 1.248354 2.410323
v 21.140470 1.248354 2.410323
v 21.289777 1.248354 2.410323
v 21.460000 1.248354 2.410323
v 21.630223 1.248354 2.410323
v 21.779530 1.248354 2.410323
v 21.910492 1.248354 2.410323
v 22.025361 1.248354 2.410323
v 22.126117 1.248354 2.410323
v 22.214492 1.248354 2.410323
v 22.292008 1.248354 2.410323
v 20.560000 1.288655 2.533972
v 22.360000 1.288655 2.533973
v 20.691916 1.293835 2.727407
v 20.830587 1.293835 2.727407
v 20.976357 1.293835 2.727407
v 21.129592 1.293835 2.727407
v 21.290672 1.293835 2.727407
v 21.460000 1.293835 2.727407
v 21.629328 1.293835 2.727407
v 21.790408 1.293835 2.727407
v 21.943643 1.293835 2.727407
v 22.089413 1.293835 2.727407
v 22.228084 1.293835 2.727407
v 20.560000 0.849924 2.434056
v 20.560000 0.912755 2.496499
v 20.560000 0.970377 2.619964
v 20.560000 1.063005 2.713410
v 20.691916 1.175935 2.789286
v 20.830587 1.175935 2.789286
v 20.976357 1.175935 2.789286
v 21.129592 1.175935 2.789286
v 21.290672 1.175935 2.789286
v 21.460000 1.175935 2.789286
v 21.629328 1.175935 2.789286
v 21.790408 1.175935 2.789286
v 21.943643 1.175935 2.789286
v 22.089413 1.175935 2.789286
v 22.228084 1.175935 2.789286
v 22.360000 0.970377 2.619964
v 22.360000 1.063005 2.713410
v 20.600274 0.940815 2.571732
v 20.647378 0.940815 2.571732
v 20.702470 0.940815 2.571732
v 20.766904 0.940815 2.571732
v 20.842264 0.940815 2.571732
v 20.930405 0.940815 2.571732
v 21.033491 0.940815 2.571732
v 21.154060 0.940815 2.571732
v 21.295073 0.940815 2.571732
v 21.460000 0.940815 2.571732
v 21.624927 0.940815 2.571732
v 21.765940 0.940815 2.571732
v 21.886509 0.940815 2.571732
v 21.989595 0.940815 2.571732
v 22.077736 0.940815 2.571732
v 22.153096 0.940815 2.571732
v 22.217530 0.940815 2.571732
v 22.272622 0.940815 2.571732
v 22.319726 0.940815 2.571732
v 22.360000 0.904165 2.482530
v 22.360000 0.928131 2.529620
v 20.599730 0.886383 2.460293
v 20.646413 0.886383 2.460293
v 20.701266 0.886383 2.460293
v 20.765720 0.886383 2.460293
v 20.841453 0.886383 2.460293
v 20.930441 0.886383 2.460293
v 21.035003 0.886383 2.460293
v 21.157865 0.886383 2.460293
v 21.302230 0.886383 2.460293
v 21.471736 0.886383 2.460293
v 21.637723 0.886383 2.460293
v 21.778790 0.886383 2.460293
v 21.898677 0.886383 2.460293
v 22.000564 0.886383 2.460293
v 22.087155 0.886383 2.460293
v 22.160745 0.886383 2.460293
v 22.223287 0.886383 2.460293
v 22.276439 0.886383 2.460293
v 22.321610 0.886383 2.460293
v 22.360000 0.854138 2.436038
v 20.560000 0.694293 2.471896
v 22.360000 0.694293 2.471896
v 20.637137 0.674678 2.509390
v 20.724543 0.674678 2.509390
v 20.823586 0.674678 2.509390
v 20.935816 0.674678 2.509390
v 21.062987 0.674678 2.509390
v 21.207089 0.674678 2.509390
v 21.370377 0.674678 2.509390
v 21.549623 0.674678 2.509390
v 21.712911 0.674678 2.509390
v 21.857013 0.674678 2.509390
v 21.984184 0.674678 2.509390
v 22.096414 0.674678 2.509390
v 22.195457 0.674678 2.509390
v 22.282863 0.674678 2.509390
v 20.560000 0.667191 2.571000
v 22.360000 0.667191 2.571000
v 20.627992 0.677261 2.636692
v 20.705508 0.677261 2.636692
v 20.793883 0.677261 2.636692
v 20.894639 0.677261 2.636692
v 21.009508 0.677261 2.636692
v 21.140470 0.677261 2.636692
v 21.289777 0.677261 2.636692
v 21.460000 0.677261 2.636692
v 21.630223 0.677261 2.636692
v 21.779530 0.677261 2.636692
v 21.910492 0.677261 2.636692
v 22.025361 0.677261 2.636692
v 22.126117 0.677261 2.636692
v 22.214492 0.677261 2.636692
v 22.292008 0.677261 2.636692
v 20.560000 0.655483 2.764906
v 22.360000 0.655483 2.764908
v 20.691916 0.570176 2.938592
v 20.830587 0.570176 2.938592
v 20.976357 0.570176 2.938592
v 21.129592 0.570176 2.938592
v 21.290672 0.570176 2.938592
v 21.460000 0.570176 2.938592
v 21.629328 0.570176 2.938592
v 21.790408 0.570176 2.938592
v 21.943643 0.570176 2.938592
v 22.089413 0.570176 2.938592
v 22.228084 0.570176 2.938592
v 20.560000 0.334617 2.516778
v 20.560000 0.340126 2.561257
v 20.560000 0.333699 2.693133
v 20.560000 0.372293 2.818931
v 20.691916 0.437024 2.938592
v 20.830587 0.437024 2.938592
v 20.976357 0.437024 2.938592
v 21.129592 0.437024 2.938592
v 21.290672 0.437024 2.938592
v 21.460000 0.437024 2.938592
v 21.629328 0.437024 2.938592
v 21.790408 0.437024 2.938592
v 21.943643 0.437024 2.938592
v 22.089413 0.437024 2.938592
v 22.228084 0.437024 2.938592
v 22.360000 0.333699 2.693133
v 22.360000 0.372293 2.818931
v 20.600282 0.329939 2.636692
v 20.647393 0.329939 2.636692
v 20.702491 0.329939 2.636692
v 20.766931 0.329939 2.636692
v 20.842295 0.329939 2.636692
v 20.930438 0.329939 2.636692
v 21.033524 0.329939 2.636692
v 21.154087 0.329939 2.636692
v 21.295090 0.329939 2.636692
v 21.460000 0.329939 2.636692
v 21.624910 0.329939 2.636692
v 21.765913 0.329939 2.636692
v 21.886476 0.329939 2.636692
v 21.989562 0.329939 2.636692
v 22.077705 0.329939 2.636692
v 22.153069 0.329939 2.636692
v 22.217509 0.329939 2.636692
v 22.272607 0.329939 2.636692
v 22.319718 0.329939 2.636692
v 22.360000 0.332811 2.510354
v 22.360000 0.338756 2.538958
v 22.360000 0.338385 2.592655
v 20.599974 0.318233 2.479103
v 20.646789 0.318233 2.479103
v 20.701613 0.318233 2.479103
v 20.765817 0.318233 2.479103
v 20.841007 0.318233 2.479103
v 20.929061 0.318233 2.479103
v 21.032182 0.318233 2.479103
v 21.152947 0.318233 2.479103
v 21.294374 0.318233 2.479103
v 21.460000 0.318233 2.479103
v 21.625626 0.318233 2.479103
v 21.767053 0.318233 2.479103
v 21.887818 0.318233 2.479103
v 21.990939 0.318233 2.479103
v 22.078993 0.318233 2.479103
v 22.154183 0.318233 2.479103
v 22.218387 0.318233 2.479103
v 22.273211 0.318233 2.479103
v 22.320026 0.318233 2.479103
v 20.560000 0.439613 0.264559
v 20.560000 0.379064 0.269644
v 20.560000 0.252460 0.291515
v 20.560000 0.110931 0.334839
v 20.560000 0.046420 0.361906
v 22.327273 0.477582 0.262807
v 22.288526 0.477582 0.262807
v 22.242653 0.477582 0.262807
v 22.188342 0.477582 0.262807
v 22.124043 0.477582 0.262807
v 22.047918 0.477582 0.262807
v 21.957792 0.477582 0.262807
v 21.851090 0.477582 0.262807
v 21.724763 0.477582 0.262807
v 21.575202 0.477582 0.262807
v 21.401541 0.477582 0.262807
v 21.243850 0.477582 0.262807
v 21.111353 0.477582 0.262807
v 21.000025 0.477582 0.262807
v 20.906485 0.477582 0.262807
v 20.827890 0.477582 0.262807
v 20.761851 0.477582 0.262807
v 20.706364 0.477582 0.262807
v 20.659743 0.477582 0.262807
v 20.620570 0.477582 0.262807
v 20.587655 0.477582 0.262807
v 20.587612 0.529616 0.262807
v 20.620466 0.529616 0.262807
v 20.659558 0.529616 0.262807
v 20.706071 0.529616 0.262807
v 20.761415 0.529616 0.262807
v 20.827266 0.529616 0.262807
v 20.905619 0.529616 0.262807
v 20.998848 0.529616 0.262807
v 21.109777 0.529616 0.262807
v 21.241766 0.529616 0.262807
v 21.398813 0.529616 0.262807
v 21.572389 0.529617 0.262807
v 21.722237 0.529617 0.262807
v 21.848873 0.529617 0.262807
v 21.955892 0.529617 0.262807
v 22.046333 0.529617 0.262807
v 22.122764 0.529617 0.262807
v 22.187355 0.529617 0.262807
v 22.241941 0.529617 0.262807
v 22.288071 0.529617 0.262807
v 22.327055 0.529617 0.262807
v 20.560000 0.955289 0.359443
v 20.560000 0.858310 0.321200
v 20.560000 0.680389 0.276835
v 20.560000 0.576594 0.265085
v 22.328338 0.992777 0.376966
v 22.291043 0.992777 0.376966
v 22.247112 0.992777 0.376966
v 22.195364 0.992777 0.376966
v 22.134409 0.992777 0.376966
v 22.062608 0.992777 0.376966
v 21.978032 0.992777 0.376966
v 21.878407 0.992777 0.376966
v 21.761056 0.992777 0.376966
v 21.622825 0.992777 0.376966
v 21.459999 0.992777 0.376966
v 21.297173 0.992777 0.376966
v 21.158942 0.992777 0.376966
v 21.041591 0.992777 0.376966
v 20.941967 0.992777 0.376966
v 20.857391 0.992777 0.376966
v 20.785590 0.992777 0.376966
v 20.724635 0.992777 0.376966
v 20.672888 0.992777 0.376966
v 20.628957 0.992777 0.376966
v 20.591662 0.992777 0.376966
v 20.591820 1.038850 0.401147
v 20.629274 1.038850 0.401147
v 20.673358 1.038850 0.401147
v 20.725247 1.038850 0.401147
v 20.786322 1.038850 0.401147
v 20.858209 1.038850 0.401147
v 20.942822 1.038851 0.401147
v 21.042415 1.038851 0.401147
v 21.159639 1.038851 0.401147
v 21.297616 1.038851 0.401147
v 21.460019 1.038851 0.401147
v 21.622416 1.038851 0.401147
v 21.760387 1.038851 0.401147
v 21.877607 1.038851 0.401147
v 21.977196 1.038852 0.401147
v 22.061805 1.038852 0.401147
v 22.133689 1.038852 0.401147
v 22.194761 1.038852 0.401147
v 22.246647 1.038852 0.401147
v 22.290729 1.038852 0.401147
v 22.328181 1.038852 0.401147
v 20.560000 1.371518 0.685165
v 20.560000 1.334415 0.640311
v 20.560000 1.244762 0.548918
v 20.560000 1.130116 0.457925
v 20.560000 1.072785 0.420806
v 22.328338 1.395907 0.717471
v 22.291043 1.395907 0.717471
v 22.247112 1.395907 0.717471
v 22.195364 1.395907 0.717471
v 22.134409 1.395907 0.717471
v 22.062608 1.395907 0.717471
v 21.978032 1.395907 0.717471
v 21.878407 1.395907 0.717471
v 21.761056 1.395907 0.717471
v 21.622825 1.395907 0.717471
v 21.459999 1.395907 0.717471
v 21.297173 1.395907 0.717471
v 21.158942 1.395907 0.717471
v 21.041591 1.395907 0.717471
v 20.941967 1.395907 0.717471
v 20.857391 1.395907 0.717471
v 20.785590 1.395907 0.717471
v 20.724635 1.395907 0.717471
v 20.672888 1.395907 0.717471
v 20.628957 1.395907 0.717471
v 20.591662 1.395907 0.717471
v 20.591820 1.425466 0.760293
v 20.629274 1.425466 0.760293
v 20.673358 1.425466 0.760293
v 20.725247 1.425466 0.760293
v 20.786322 1.425466 0.760294
v 20.858209 1.425466 0.760294
v 20.942822 1.425466 0.760294
v 21.042415 1.425466 0.760294
v 21.159639 1.425466 0.760294
v 21.297616 1.425466 0.760294
v 21.460019 1.425466 0.760294
v 21.622416 1.425466 0.760294
v 21.760387 1.425466 0.760294
v 21.877607 1.425466 0.760294
v 21.977196 1.425466 0.760295
v 22.061805 1.425466 0.760295
v 22.133689 1.425466 0.760295
v 22.194761 1.425467 0.760295
v 22.246647 1.425467 0.760295
v 22.290729 1.425467 0.760295
v 22.328181 1.425467 0.760295
v 20.591820 0.014421 0.376967
v 20.629274 0.014421 0.376967
v 20.673358 0.014421 0.376966
v 20.725247 0.014421 0.376966
v 20.786322 0.014421 0.376966
v 20.858209 0.014421 0.376966
v 20.942822 0.014421 0.376966
v 21.042415 0.014421 0.376966
v 21.159639 0.014421 0.376966
v 21.297616 0.014422 0.376966
v 21.460019 0.014422 0.376966
v 21.622416 0.014422 0.376966
v 21.760387 0.014422 0.376966
v 21.877607 0.014422 0.376966
v 21.977196 0.014422 0.376966
v 22.061805 0.014422 0.376966
v 22.133689 0.014422 0.376966
v 22.194761 0.014422 0.376966
v 22.246647 0.014423 0.376966
v 22.290729 0.014423 0.376966
v 22.328181 0.014423 0.376966
v 22.328338 -0.031652 0.401147
v 22.291043 -0.031652 0.401147
v 22.247112 -0.031652 0.401147
v 22.195364 -0.031652 0.401147
v 22.134409 -0.031652 0.401147
v 22.062608 -0.031652 0.401147
v 21.978032 -0.031652 0.401147
v 21.878407 -0.031652 0.401147
v 21.761056 -0.031652 0.401147
v 21.622825 -0.031652 0.401147
v 21.459999 -0.031652 0.401147
v 21.297173 -0.031652 0.401147
v 21.158942 -0.031652 0.401147
v 21.041591 -0.031652 0.401147
v 20.941967 -0.031652 0.401147
v 20.857391 -0.031652 0.401147
v 20.785590 -0.031652 0.401147
v 20.724635 -0.031652 0.401148
v 20.672888 -0.031652 0.401148
v 20.628957 -0.031652 0.401148
v 20.591662 -0.031652 0.401148
v 20.560000 1.586415 1.158557
v 20.560000 1.565251 1.067973
v 20.560000 1.501817 0.897023
v 20.560000 1.449306 0.798559
v 20.560000 -0.064503 0.420139
v 20.560000 -0.111737 0.450215
v 20.560000 -0.210232 0.524894
v 20.560000 -0.317448 0.629344
v 20.560000 -0.363556 0.684185
v 22.328338 1.594621 1.206318
v 22.291043 1.594621 1.206318
v 22.247112 1.594621 1.206318
v 22.195364 1.594621 1.206318
v 22.134409 1.594621 1.206318
v 22.062608 1.594621 1.206318
v 21.978032 1.594621 1.206318
v 21.878407 1.594621 1.206318
v 21.761056 1.594621 1.206318
v 21.622825 1.594621 1.206318
v 21.459999 1.594621 1.206318
v 21.297173 1.594621 1.206318
v 21.158942 1.594621 1.206318
v 21.041591 1.594621 1.206318
v 20.941967 1.594621 1.206318
v 20.857391 1.594621 1.206318
v 20.785590 1.594621 1.206318
v 20.724635 1.594621 1.206318
v 20.672888 1.594621 1.206318
v 20.628957 1.594621 1.206318
v 20.591662 1.594621 1.206318
v 22.360000 1.598008 1.233652
v 20.591820 -0.388709 0.717473
v 20.629274 -0.388709 0.717473
v 20.673358 -0.388709 0.717473
v 20.725247 -0.388708 0.717473
v 20.786322 -0.388708 0.717472
v 20.858209 -0.388708 0.717472
v 20.942822 -0.388708 0.717472
v 21.042415 -0.388708 0.717472
v 21.159639 -0.388708 0.717472
v 21.297616 -0.388708 0.717472
v 21.460019 -0.388708 0.717472
v 21.622416 -0.388708 0.717472
v 21.760387 -0.388708 0.717472
v 21.877607 -0.388708 0.717472
v 21.977196 -0.388708 0.717471
v 22.061805 -0.388708 0.717471
v 22.133689 -0.388708 0.717471
v 22.194761 -0.388708 0.717471
v 22.246647 -0.388708 0.717471
v 22.290729 -0.388708 0.717471
v 22.328181 -0.388708 0.717471
v 22.328339 -0.418267 0.760295
v 22.291044 -0.418267 0.760295
v 22.247113 -0.418267 0.760295
v 22.195366 -0.418267 0.760295
v 22.134411 -0.418267 0.760295
v 22.062611 -0.418267 0.760295
v 21.978035 -0.418267 0.760295
v 21.878411 -0.418267 0.760295
v 21.761060 -0.418267 0.760295
v 21.622830 -0.418267 0.760295
v 21.460004 -0.418267 0.760295
v 21.297177 -0.418267 0.760295
v 21.158945 -0.418267 0.760295
v 21.041594 -0.418267 0.760295
v 20.941968 -0.418267 0.760295
v 20.857392 -0.418267 0.760295
v 20.785591 -0.418267 0.760295
v 20.724636 -0.418267 0.760295
v 20.672888 -0.418267 0.760295
v 20.628957 -0.418267 0.760295
v 20.591662 -0.418267 0.760295
v 20.560000 -0.436497 0.789362
v 20.560000 -0.467719 0.843541
v 20.560000 -0.520457 0.956730
v 20.560000 -0.565940 1.097804
v 20.560000 -0.581212 1.169194
v 22.360000 -0.590814 1.233705
v 20.591820 -0.587421 1.206319
v 20.629274 -0.587421 1.206319
v 20.673358 -0.587421 1.206319
v 20.725247 -0.587421 1.206319
v 20.786322 -0.587421 1.206319
v 20.858209 -0.587421 1.206319
v 20.942822 -0.587421 1.206319
v 21.042415 -0.587421 1.206319
v 21.159639 -0.587421 1.206319
v 21.297616 -0.587421 1.206319
v 21.460019 -0.587421 1.206319
v 21.622416 -0.587421 1.206318
v 21.760387 -0.587421 1.206318
v 21.877607 -0.587421 1.206318
v 21.977196 -0.587421 1.206318
v 22.061805 -0.587421 1.206318
v 22.133689 -0.587421 1.206318
v 22.194761 -0.587421 1.206318
v 22.246647 -0.587421 1.206318
v 22.290729 -0.587421 1.206318
v 22.328181 -0.587421 1.206318
v 22.332788 1.595976 1.176816
v 22.300484 1.595976 1.176816
v 22.262137 1.595976 1.176816
v 22.216614 1.595976 1.176816
v 22.162574 1.595976 1.176816
v 22.098423 1.595976 1.176816
v 22.022269 1.595976 1.176816
v 21.931866 1.595976 1.176816
v 21.824549 1.595976 1.176816
v 21.697152 1.595976 1.176816
v 21.545918 1.595976 1.176816
v 21.374082 1.595976 1.176816
v 21.222848 1.595976 1.176816
v 21.095451 1.595976 1.176816
v 20.988134 1.595976 1.176816
v 20.897731 1.595976 1.176816
v 20.821577 1.595976 1.176816
v 20.757426 1.595976 1.176816
v 20.703386 1.595976 1.176816
v 20.657863 1.595976 1.176816
v 20.619516 1.595976 1.176816
v 20.587212 1.595976 1.176816
v 20.591820 1.446254 0.781617
v 20.629274 1.446254 0.781617
v 20.673358 1.446254 0.781617
v 20.725247 1.446253 0.781617
v 20.786322 1.446253 0.781618
v 20.858209 1.446253 0.781618
v 20.942822 1.446252 0.781619
v 21.042415 1.446252 0.781619
v 21.159639 1.446251 0.781620
v 21.297616 1.446251 0.781621
v 21.460019 1.446250 0.781622
v 21.622416 1.446249 0.781623
v 21.760387 1.446249 0.781624
v 21.877607 1.446248 0.781625
v 21.977196 1.446248 0.781625
v 22.061805 1.446247 0.781626
v 22.133689 1.446247 0.781626
v 22.194761 1.446247 0.781627
v 22.246647 1.446246 0.781627
v 22.290729 1.446246 0.781627
v 22.328181 1.446246 0.781627
v 22.332788 1.383398 0.690719
v 22.300484 1.383398 0.690719
v 22.262137 1.383398 0.690719
v 22.216614 1.383398 0.690719
v 22.162574 1.383398 0.690719
v 22.098423 1.383398 0.690719
v 22.022269 1.383398 0.690719
v 21.931866 1.383398 0.690719
v 21.824549 1.383398 0.690719
v 21.697152 1.383398 0.690719
v 21.545918 1.383398 0.690719
v 21.374082 1.383398 0.690719
v 21.222848 1.383398 0.690719
v 21.095451 1.383398 0.690719
v 20.988134 1.383398 0.690719
v 20.897731 1.383398 0.690719
v 20.821577 1.383398 0.690719
v 20.757426 1.383398 0.690719
v 20.703386 1.383398 0.690719
v 20.657863 1.383398 0.690719
v 20.619516 1.383398 0.690719
v 20.587212 1.383398 0.690719
v 20.591820 1.067167 0.410366
v 20.629274 1.067167 0.410367
v 20.673358 1.067167 0.410367
v 20.725247 1.067167 0.410367
v 20.786322 1.067167 0.410368
v 20.858209 1.067167 0.410368
v 20.942822 1.067166 0.410369
v 21.042415 1.067166 0.410370
v 21.159639 1.067166 0.410371
v 21.297616 1.067166 0.410372
v 21.460019 1.067166 0.410373
v 21.622416 1.067166 0.410374
v 21.760387 1.067166 0.410375
v 21.877607 1.067165 0.410376
v 21.977196 1.067165 0.410377
v 22.061805 1.067165 0.410378
v 22.133689 1.067165 0.410378
v 22.194761 1.067165 0.410379
v 22.246647 1.067165 0.410379
v 22.290729 1.067165 0.410379
v 22.328181 1.067165 0.410380
v 22.332788 0.969268 0.359091
v 22.300484 0.969268 0.359091
v 22.262137 0.969268 0.359091
v 22.216614 0.969268 0.359091
v 22.162574 0.969268 0.359091
v 22.098423 0.969268 0.359091
v 22.022269 0.969268 0.359091
v 21.931866 0.969268 0.359091
v 21.824549 0.969268 0.359091
v 21.697152 0.969268 0.359091
v 21.545918 0.969268 0.359091
v 21.374082 0.969268 0.359091
v 21.222848 0.969268 0.359091
v 21.095451 0.969268 0.359091
v 20.988134 0.969268 0.359091
v 20.897731 0.969268 0.359091
v 20.821577 0.969268 0.359091
v 20.757426 0.969268 0.359091
v 20.703386 0.969268 0.359091
v 20.657863 0.969268 0.359091
v 20.619516 0.969268 0.359091
v 20.587212 0.969268 0.359091
v 20.591820 0.558973 0.257811
v 20.629274 0.558973 0.257812
v 20.673358 0.558974 0.257812
v 20.725247 0.558974 0.257812
v 20.786322 0.558974 0.257813
v 20.858209 0.558974 0.257813
v 20.942822 0.558974 0.257814
v 21.042415 0.558974 0.257815
v 21.159639 0.558975 0.257815
v 21.297616 0.558975 0.257817
v 21.460019 0.558976 0.257818
v 21.622416 0.558976 0.257819
v 21.760387 0.558976 0.257820
v 21.877607 0.558977 0.257821
v 21.977196 0.558977 0.257821
v 22.061805 0.558977 0.257822
v 22.133689 0.558977 0.257823
v 22.194761 0.558977 0.257823
v 22.246647 0.558978 0.257823
v 22.290729 0.558978 0.257824
v 22.328181 0.558978 0.257824
v 22.332788 0.448459 0.257905
v 22.300484 0.448459 0.257905
v 22.262137 0.448459 0.257905
v 22.216614 0.448459 0.257905
v 22.162574 0.448459 0.257905
v 22.098423 0.448459 0.257905
v 22.022269 0.448459 0.257905
v 21.931866 0.448459 0.257905
v 21.824549 0.448459 0.257905
v 21.697152 0.448459 0.257905
v 21.545918 0.448459 0.257905
v 21.374082 0.448459 0.257905
v 21.222848 0.448459 0.257905
v 21.095451 0.448459 0.257905
v 20.988134 0.448459 0.257905
v 20.897731 0.448459 0.257905
v 20.821577 0.448459 0.257905
v 20.757426 0.448459 0.257905
v 20.703386 0.448459 0.257905
v 20.657863 0.448459 0.257905
v 20.619516 0.448459 0.257905
v 20.587212 0.448459 0.257905
v 20.591820 0.038094 0.358900
v 20.629274 0.038095 0.358900
v 20.673358 0.038095 0.358900
v 20.725247 0.038095 0.358901
v 20.786322 0.038096 0.358901
v 20.858209 0.038096 0.358901
v 20.942822 0.038096 0.358902
v 21.042415 0.038097 0.358902
v 21.159639 0.038098 0.358903
v 21.297616 0.038098 0.358904
v 21.460019 0.038099 0.358904
v 21.622416 0.038100 0.358905
v 21.760387 0.038101 0.358906
v 21.877607 0.038102 0.358907
v 21.977196 0.038102 0.358907
v 22.061805 0.038103 0.358908
v 22.133689 0.038103 0.358908
v 22.194761 0.038104 0.358908
v 22.246647 0.038104 0.358909
v 22.290729 0.038104 0.358909
v 22.328181 0.038104 0.358909
v 22.332788 -0.059717 0.410341
v 22.300484 -0.059717 0.410341
v 22.262137 -0.059717 0.410341
v 22.216614 -0.059717 0.410341
v 22.162574 -0.059717 0.410341
v 22.098423 -0.059717 0.410341
v 22.022269 -0.059717 0.410341
v 21.931866 -0.059717 0.410341
v 21.824549 -0.059717 0.410341
v 21.697152 -0.059717 0.410341
v 21.545918 -0.059717 0.410341
v 21.374082 -0.059717 0.410341
v 21.222848 -0.059717 0.410341
v 21.095451 -0.059717 0.410341
v 20.988134 -0.059717 0.410341
v 20.897731 -0.059717 0.410341
v 20.821577 -0.059717 0.410341
v 20.757426 -0.059717 0.410341
v 20.703386 -0.059717 0.410341
v 20.657863 -0.059717 0.410341
v 20.619516 -0.059717 0.410341
v 20.587212 -0.059717 0.410341
v 20.591820 -0.376143 0.690474
v 20.629274 -0.376142 0.690474
v 20.673358 -0.376142 0.690474
v 20.725247 -0.376142 0.690474
v 20.786322 -0.376141 0.690474
v 20.858209 -0.376141 0.690474
v 20.942822 -0.376140 0.690475
v 21.042415 -0.376139 0.690475
v 21.159639 -0.376139 0.690475
v 21.297616 -0.376137 0.690475
v 21.460019 -0.376136 0.690476
v 21.622416 -0.376135 0.690476
v 21.760387 -0.376134 0.690476
v 21.877607 -0.376133 0.690476
v 21.977196 -0.376132 0.690477
v 22.061805 -0.376132 0.690477
v 22.133689 -0.376131 0.690477
v 22.194761 -0.376131 0.690477
v 22.246647 -0.376130 0.690477
v 22.290729 -0.376130 0.690477
v 22.328181 -0.376130 0.690477
v 22.332788 -0.438845 0.781478
v 22.300484 -0.438845 0.781478
v 22.262137 -0.438845 0.781478
v 22.216614 -0.438845 0.781478
v 22.162574 -0.438845 0.781478
v 22.098423 -0.438845 0.781478
v 22.022269 -0.438845 0.781478
v 21.931866 -0.438845 0.781478
v 21.824549 -0.438845 0.781478
v 21.697152 -0.438845 0.781478
v 21.545918 -0.438845 0.781478
v 21.374082 -0.438845 0.781478
v 21.222848 -0.438845 0.781478
v 21.095451 -0.438845 0.781478
v 20.988134 -0.438845 0.781478
v 20.897731 -0.438845 0.781478
v 20.821577 -0.438845 0.781478
v 20.757426 -0.438845 0.781478
v 20.703386 -0.438845 0.781478
v 20.657863 -0.438845 0.781478
v 20.619516 -0.438845 0.781478
v 20.587212 -0.438845 0.781478
v 20.591820 -0.588841 1.176574
v 20.629274 -0.588841 1.176573
v 20.673358 -0.588841 1.176573
v 20.725247 -0.588840 1.176573
v 20.786322 -0.588840 1.176573
v 20.858209 -0.588839 1.176573
v 20.942822 -0.588839 1.176573
v 21.042415 -0.588838 1.176573
v 21.159639 -0.588837 1.176573
v 21.297616 -0.588836 1.176572
v 21.460019 -0.588835 1.176572
v 21.622416 -0.588834 1.176572
v 21.760387 -0.588833 1.176572
v 21.877607 -0.588832 1.176571
v 21.977196 -0.588831 1.176571
v 22.061805 -0.588830 1.176571
v 22.133689 -0.588830 1.176571
v 22.194761 -0.588829 1.176571
v 22.246647 -0.588829 1.176571
v 22.290729 -0.588829 1.176571
v 22.328181 -0.588828 1.176571
v 20.560000 -0.598987 1.150790
v 22.360000 -0.598986 1.150791
v 20.637137 -0.627089 1.119154
v 20.724543 -0.627089 1.119154
v 20.823586 -0.627089 1.119154
v 20.935815 -0.627089 1.119154
v 21.062986 -0.627089 1.119154
v 21.207088 -0.627089 1.119154
v 21.370375 -0.627089 1.119154
v 21.549622 -0.627089 1.119154
v 21.712909 -0.627089 1.119154
v 21.857012 -0.627089 1.119154
v 21.984183 -0.627089 1.119154
v 22.096413 -0.627089 1.119154
v 22.195456 -0.627089 1.119154
v 22.282863 -0.627089 1.119154
v 20.560000 -0.682040 1.090307
v 22.360000 -0.682040 1.090307
v 20.627992 -0.747034 1.076428
v 20.705508 -0.747034 1.076428
v 20.793883 -0.747034 1.076428
v 20.894639 -0.747034 1.076428
v 21.009508 -0.747034 1.076428
v 21.140470 -0.747034 1.076428
v 21.289777 -0.747034 1.076428
v 21.460000 -0.747034 1.076428
v 21.630223 -0.747034 1.076428
v 21.779530 -0.747034 1.076428
v 21.910492 -0.747034 1.076428
v 22.025361 -0.747034 1.076428
v 22.126117 -0.747034 1.076428
v 22.214492 -0.747034 1.076428
v 22.292008 -0.747034 1.076428
v 20.560000 -0.859193 1.010600
v 22.360000 -0.859195 1.010598
v 20.691916 -0.991342 0.869246
v 20.830587 -0.991342 0.869246
v 20.976357 -0.991342 0.869246
v 21.129592 -0.991342 0.869246
v 21.290672 -0.991342 0.869246
v 21.460000 -0.991342 0.869246
v 21.629328 -0.991342 0.869246
v 21.790408 -0.991342 0.869246
v 21.943643 -0.991342 0.869246
v 22.089413 -0.991342 0.869246
v 22.228084 -0.991342 0.869246
v 20.560000 -0.513409 0.798572
v 20.560000 -0.556951 0.787950
v 20.560000 -0.677978 0.735178
v 20.560000 -0.809287 0.726655
v 20.691916 -0.944126 0.744747
v 20.830587 -0.944126 0.744747
v 20.976357 -0.944126 0.744747
v 21.129592 -0.944126 0.744747
v 21.290672 -0.944126 0.744747
v 21.460000 -0.944126 0.744747
v 21.629328 -0.944126 0.744747
v 21.790408 -0.944126 0.744747
v 21.943643 -0.944126 0.744747
v 22.089413 -0.944126 0.744747
v 22.228084 -0.944126 0.744747
v 20.601219 -0.623871 0.751676
v 20.649589 -0.623871 0.751676
v 20.706350 -0.623871 0.751676
v 20.772958 -0.623871 0.751676
v 20.851122 -0.623871 0.751676
v 20.942847 -0.623871 0.751676
v 21.050484 -0.623871 0.751676
v 21.176795 -0.623871 0.751676
v 21.325019 -0.623871 0.751676
v 21.497696 -0.623871 0.751676
v 21.661142 -0.623871 0.751676
v 21.801449 -0.623871 0.751676
v 21.921895 -0.623871 0.751676
v 22.025290 -0.623871 0.751676
v 22.114049 -0.623871 0.751676
v 22.190243 -0.623871 0.751676
v 22.255651 -0.623871 0.751676
v 22.311800 -0.623871 0.751676
v 22.360000 -0.677978 0.735178
v 22.360000 -0.809287 0.726655
v 22.360000 -0.506762 0.799161
v 22.360000 -0.535615 0.794577
v 22.360000 -0.585691 0.775188
v 20.599974 -0.472372 0.796613
v 20.646789 -0.472372 0.796613
v 20.701613 -0.472372 0.796613
v 20.765817 -0.472372 0.796613
v 20.841007 -0.472372 0.796613
v 20.929061 -0.472372 0.796613
v 21.032182 -0.472372 0.796613
v 21.152947 -0.472372 0.796613
v 21.294374 -0.472372 0.796613
v 21.460000 -0.472372 0.796613
v 21.625626 -0.472372 0.796613
v 21.767053 -0.472372 0.796613
v 21.887818 -0.472372 0.796613
v 21.990939 -0.472372 0.796613
v 22.078993 -0.472372 0.796613
v 22.154183 -0.472372 0.796613
v 22.218387 -0.472372 0.796613
v 22.273211 -0.472372 0.796613
v 22.320026 -0.472372 0.796613
v 20.560000 -0.373144 0.662929
v 22.360000 -0.373144 0.662930
v 20.637137 -0.383325 0.621857
v 20.724543 -0.383325 0.621857
v 20.823586 -0.383325 0.621857
v 20.935815 -0.383325 0.621857
v 21.062986 -0.383325 0.621857
v 21.207088 -0.383325 0.621857
v 21.370375 -0.383325 0.621857
v 21.549622 -0.383325 0.621857
v 21.712909 -0.383325 0.621857
v 21.857012 -0.383325 0.621857
v 21.984183 -0.383325 0.621857
v 22.096413 -0.383325 0.621857
v 22.195456 -0.383325 0.621857
v 22.282863 -0.383325 0.621857
v 20.560000 -0.418576 0.570777
v 22.360000 -0.418576 0.570777
v 20.627992 -0.469675 0.528284
v 20.705508 -0.469675 0.528284
v 20.793883 -0.469675 0.528284
v 20.894639 -0.469675 0.528284
v 21.009508 -0.469675 0.528284
v 21.140470 -0.469675 0.528284
v 21.289777 -0.469675 0.528284
v 21.460000 -0.469675 0.528284
v 21.630223 -0.469675 0.528284
v 21.779530 -0.469675 0.528284
v 21.910492 -0.469675 0.528284
v 22.025361 -0.469675 0.528284
v 22.126117 -0.469675 0.528284
v 22.214492 -0.469675 0.528284
v 22.292008 -0.469675 0.528284
v 20.560000 -0.538396 0.417872
v 22.360000 -0.538396 0.417871
v 20.691916 -0.589717 0.231297
v 20.830587 -0.589717 0.231297
v 20.976357 -0.589717 0.231297
v 21.129592 -0.589717 0.231297
v 21.290672 -0.589717 0.231297
v 21.460000 -0.589717 0.231297
v 21.629328 -0.589717 0.231297
v 21.790408 -0.589717 0.231297
v 21.943643 -0.589717 0.231297
v 22.089413 -0.589717 0.231297
v 22.228084 -0.589717 0.231297
v 20.560000 -0.133684 0.390825
v 20.560000 -0.167303 0.361185
v 20.560000 -0.249942 0.258214
v 20.560000 -0.362250 0.189644
v 20.691916 -0.490052 0.143001
v 20.830587 -0.490052 0.143001
v 20.976357 -0.490052 0.143001
v 21.129592 -0.490052 0.143001
v 21.290672 -0.490052 0.143001
v 21.460000 -0.490052 0.143001
v 21.629328 -0.490052 0.143001
v 21.790408 -0.490052 0.143001
v 21.943643 -0.490052 0.143001
v 22.089413 -0.490052 0.143001
v 22.228084 -0.490052 0.143001
v 20.601219 -0.209700 0.297966
v 20.649589 -0.209700 0.297966
v 20.706350 -0.209700 0.297966
v 20.772958 -0.209700 0.297966
v 20.851122 -0.209700 0.297966
v 20.942847 -0.209700 0.297966
v 21.050484 -0.209700 0.297966
v 21.176795 -0.209700 0.297966
v 21.325019 -0.209700 0.297966
v 21.497696 -0.209700 0.297966
v 21.661142 -0.209700 0.297966
v 21.801449 -0.209700 0.297966
v 21.921895 -0.209700 0.297966
v 22.025290 -0.209700 0.297966
v 22.114049 -0.209700 0.297966
v 22.190243 -0.209700 0.297966
v 22.255651 -0.209700 0.297966
v 22.311800 -0.209700 0.297966
v 22.360000 -0.249942 0.258214
v 22.360000 -0.362250 0.189644
v 22.360000 -0.128073 0.394436
v 22.360000 -0.151491 0.376968
v 22.360000 -0.186820 0.336529
v 20.599974 -0.096438 0.408161
v 20.646789 -0.096438 0.408161
v 20.701613 -0.096438 0.408161
v 20.765817 -0.096438 0.408161
v 20.841007 -0.096438 0.408161
v 20.929061 -0.096438 0.408161
v 21.032182 -0.096438 0.408161
v 21.152947 -0.096438 0.408161
v 21.294374 -0.096438 0.408161
v 21.460000 -0.096438 0.408161
v 21.625626 -0.096438 0.408161
v 21.767053 -0.096438 0.408161
v 21.887818 -0.096438 0.408161
v 21.990939 -0.096438 0.408161
v 22.078993 -0.096438 0.408161
v 22.154183 -0.096438 0.408161
v 22.218387 -0.096438 0.408161
v 22.273211 -0.096438 0.408161
v 22.320026 -0.096438 0.408161
v 20.560000 0.053551 0.335904
v 22.360000 0.053551 0.335905
v 20.637137 0.063623 0.294805
v 20.724543 0.063623 0.294805
v 20.823586 0.063623 0.294805
v 20.935815 0.063623 0.294805
v 21.062986 0.063623 0.294805
v 21.207088 0.063623 0.294805
v 21.370375 0.063623 0.294805
v 21.549622 0.063623 0.294805
v 21.712909 0.063623 0.294805
v 21.857012 0.063623 0.294805
v 21.984183 0.063623 0.294805
v 22.096413 0.063623 0.294805
v 22.195456 0.063623 0.294805
v 22.282863 0.063623 0.294805
v 20.560000 0.056148 0.233194
v 22.360000 0.056148 0.233194
v 20.627992 0.030649 0.171821
v 20.705508 0.030649 0.171821
v 20.793883 0.030649 0.171821
v 20.894639 0.030649 0.171821
v 21.009508 0.030649 0.171821
v 21.140470 0.030649 0.171821
v 21.289777 0.030649 0.171821
v 21.460000 0.030649 0.171821
v 21.630223 0.030649 0.171821
v 21.779530 0.030649 0.171821
v 21.910492 0.030649 0.171821
v 22.025361 0.030649 0.171821
v 22.126117 0.030649 0.171821
v 22.214492 0.030649 0.171821
v 22.292008 0.030649 0.171821
v 20.560000 0.021111 0.042121
v 22.360000 0.021111 0.042119
v 20.691916 0.062373 -0.146934
v 20.830587 0.062373 -0.146934
v 20.976357 0.062373 -0.146934
v 21.129592 0.062373 -0.146934
v 21.290672 0.062373 -0.146934
v 21.460000 0.062373 -0.146934
v 21.629328 0.062373 -0.146934
v 21.790408 0.062373 -0.146934
v 21.943643 0.062373 -0.146934
v 22.089413 0.062373 -0.146934
v 22.228084 0.062373 -0.146934
v 20.560000 0.392034 0.206250
v 20.560000 0.376041 0.164382
v 20.560000 0.350721 0.034801
v 20.560000 0.283143 -0.078106
v 20.691916 0.191656 -0.178799
v 20.830587 0.191656 -0.178799
v 20.976357 0.191656 -0.178799
v 21.129592 0.191656 -0.178799
v 21.290672 0.191656 -0.178799
v 21.460000 0.191656 -0.178799
v 21.629328 0.191656 -0.178799
v 21.790408 0.191656 -0.178799
v 21.943643 0.191656 -0.178799
v 22.089413 0.191656 -0.178799
v 22.228084 0.191656 -0.178799
v 22.360000 0.350721 0.034801
v 22.360000 0.283143 -0.078106
v 20.600282 0.367879 0.088701
v 20.647393 0.367879 0.088701
v 20.702491 0.367879 0.088701
v 20.766931 0.367879 0.088701
v 20.842295 0.367879 0.088701
v 20.930438 0.367879 0.088701
v 21.033524 0.367879 0.088701
v 21.154087 0.367879 0.088701
v 21.295090 0.367879 0.088701
v 21.460000 0.367879 0.088701
v 21.624910 0.367879 0.088701
v 21.765913 0.367879 0.088701
v 21.886476 0.367879 0.088701
v 21.989562 0.367879 0.088701
v 22.077705 0.367879 0.088701
v 22.153069 0.367879 0.088701
v 22.217509 0.367879 0.088701
v 22.272607 0.367879 0.088701
v 22.319718 0.367879 0.088701
v 22.360000 0.395325 0.212055
v 22.360000 0.382707 0.185706
v 22.360000 0.370217 0.133480
v 20.599974 0.416958 0.238910
v 20.646789 0.416958 0.238910
v 20.701613 0.416958 0.238910
v 20.765817 0.416958 0.238910
v 20.841007 0.416958 0.238910
v 20.929061 0.416958 0.238910
v 21.032182 0.416958 0.238910
v 21.152947 0.416958 0.238910
v 21.294374 0.416958 0.238910
v 21.460000 0.416958 0.238910
v 21.625626 0.416958 0.238910
v 21.767053 0.416958 0.238910
v 21.887818 0.416958 0.238910
v 21.990939 0.416958 0.238910
v 22.078993 0.416958 0.238910
v 22.154183 0.416958 0.238910
v 22.218387 0.416958 0.238910
v 22.273211 0.416958 0.238910
v 22.320026 0.416958 0.238910
v 20.560000 0.583346 0.244632
v 22.360000 0.583345 0.244633
v 20.637137 0.611364 0.212922
v 20.724543 0.611364 0.212922
v 20.823586 0.611364 0.212922
v 20.935815 0.611364 0.212922
v 21.062986 0.611364 0.212922
v 21.207088 0.611364 0.212922
v 21.370375 0.611364 0.212922
v 21.549622 0.611364 0.212922
v 21.712909 0.611364 0.212922
v 21.857012 0.611364 0.212922
v 21.984183 0.611364 0.212922
v 22.096413 0.611364 0.212922
v 22.195456 0.611364 0.212922
v 22.282863 0.611364 0.212922
v 20.560000 0.633377 0.154894
v 22.360000 0.633377 0.154894
v 20.627992 0.639321 0.088701
v 20.705508 0.639321 0.088701
v 20.793883 0.639321 0.088701
v 20.894639 0.639321 0.088701
v 21.009508 0.639321 0.088701
v 21.140470 0.639321 0.088701
v 21.289777 0.639321 0.088701
v 21.460000 0.639321 0.088701
v 21.630223 0.639321 0.088701
v 21.779530 0.639321 0.088701
v 21.910492 0.639321 0.088701
v 22.025361 0.639321 0.088701
v 22.126117 0.639321 0.088701
v 22.214492 0.639321 0.088701
v 22.292008 0.639321 0.088701
v 20.560000 0.691150 -0.030575
v 22.360000 0.691151 -0.030577
v 20.691916 0.815544 -0.178799
v 20.830587 0.815544 -0.178799
v 20.976357 0.815544 -0.178799
v 21.129592 0.815544 -0.178799
v 21.290672 0.815544 -0.178799
v 21.460000 0.815544 -0.178799
v 21.629328 0.815544 -0.178799
v 21.790408 0.815544 -0.178799
v 21.943643 0.815544 -0.178799
v 22.089413 0.815544 -0.178799
v 22.228084 0.815544 -0.178799
v 20.560000 0.950079 0.327277
v 20.560000 0.943322 0.281984
v 20.560000 0.950913 0.233694
v 20.560000 0.986407 0.116120
v 20.560000 0.979040 -0.015259
v 20.691916 0.944827 -0.146934
v 20.830587 0.944827 -0.146934
v 20.976357 0.944827 -0.146934
v 21.129592 0.944827 -0.146934
v 21.290672 0.944827 -0.146934
v 21.460000 0.944827 -0.146934
v 21.629328 0.944827 -0.146934
v 21.790408 0.944827 -0.146934
v 21.943643 0.944827 -0.146934
v 22.089413 0.944827 -0.146934
v 22.228084 0.944827 -0.146934
v 22.360000 0.986407 0.116120
v 22.360000 0.979040 -0.015259
v 20.600282 0.976551 0.171821
v 20.647393 0.976551 0.171821
v 20.702491 0.976551 0.171821
v 20.766931 0.976551 0.171821
v 20.842295 0.976551 0.171821
v 20.930438 0.976551 0.171821
v 21.033524 0.976551 0.171821
v 21.154087 0.976551 0.171821
v 21.295090 0.976551 0.171821
v 21.460000 0.976551 0.171821
v 21.624910 0.976551 0.171821
v 21.765913 0.976551 0.171821
v 21.886476 0.976551 0.171821
v 21.989562 0.976551 0.171821
v 22.077705 0.976551 0.171821
v 22.153069 0.976551 0.171821
v 22.217509 0.976551 0.171821
v 22.272607 0.976551 0.171821
v 22.319718 0.976551 0.171821
v 22.360000 0.947604 0.319428
v 22.360000 0.943771 0.272966
v 22.360000 0.955508 0.218974
v 20.560000 1.094872 0.410024
v 22.360000 1.094872 0.410024
v 20.637137 1.134418 0.394966
v 20.724543 1.134418 0.394966
v 20.823586 1.134418 0.394966
v 20.935815 1.134418 0.394966
v 21.062986 1.134418 0.394966
v 21.207088 1.134418 0.394966
v 21.370375 1.134418 0.394966
v 21.549622 1.134418 0.394966
v 21.712909 1.134418 0.394966
v 21.857012 1.134418 0.394966
v 21.984183 1.134418 0.394966
v 22.096413 1.134418 0.394966
v 22.195456 1.134418 0.394966
v 22.282863 1.134418 0.394966
v 20.560000 1.180876 0.353815
v 22.360000 1.180876 0.353815
v 20.627992 1.216900 0.297966
v 20.705508 1.216900 0.297966
v 20.793883 1.216900 0.297966
v 20.894639 1.216900 0.297966
v 21.009508 1.216900 0.297966
v 21.140470 1.216900 0.297966
v 21.289777 1.216900 0.297966
v 21.460000 1.216900 0.297966
v 21.630223 1.216900 0.297966
v 21.779530 1.216900 0.297966
v 21.910492 1.216900 0.297966
v 22.025361 1.216900 0.297966
v 22.126117 1.216900 0.297966
v 22.214492 1.216900 0.297966
v 22.292008 1.216900 0.297966
v 20.560000 1.318223 0.216438
v 22.360000 1.318225 0.216437
v 20.691916 1.497252 0.143001
v 20.830587 1.497252 0.143001
v 20.976357 1.497252 0.143001
v 21.129592 1.497252 0.143001
v 21.290672 1.497252 0.143001
v 21.460000 1.497252 0.143001
v 21.629328 1.497252 0.143001
v 21.790408 1.497252 0.143001
v 21.943643 1.497252 0.143001
v 22.089413 1.497252 0.143001
v 22.228084 1.497252 0.143001
v 20.560000 1.393856 0.614938
v 20.560000 1.419227 0.577992
v 20.560000 1.511487 0.483543
v 20.560000 1.566019 0.363789
v 20.691916 1.596917 0.231297
v 20.830587 1.596917 0.231297
v 20.976357 1.596917 0.231297
v 21.129592 1.596917 0.231297
v 21.290672 1.596917 0.231297
v 21.460000 1.596917 0.231297
v 21.629328 1.596917 0.231297
v 21.790408 1.596917 0.231297
v 21.943643 1.596917 0.231297
v 22.089413 1.596917 0.231297
v 22.228084 1.596917 0.231297
v 22.360000 1.511487 0.483543
v 22.360000 1.566019 0.363789
v 20.600282 1.476875 0.528284
v 20.647393 1.476875 0.528284
v 20.702491 1.476875 0.528284
v 20.766931 1.476875 0.528284
v 20.842295 1.476875 0.528284
v 20.930438 1.476875 0.528284
v 21.033524 1.476875 0.528284
v 21.154087 1.476875 0.528284
v 21.295090 1.476875 0.528284
v 21.460000 1.476875 0.528284
v 21.624910 1.476875 0.528284
v 21.765913 1.476875 0.528284
v 21.886476 1.476875 0.528284
v 21.989562 1.476875 0.528284
v 22.077705 1.476875 0.528284
v 22.153069 1.476875 0.528284
v 22.217509 1.476875 0.528284
v 22.272607 1.476875 0.528284
v 22.319718 1.476875 0.528284
v 22.360000 1.390948 0.620944
v 22.360000 1.405465 0.595592
v 22.360000 1.441351 0.555645
v 20.599974 1.381136 0.654003
v 20.646789 1.381136 0.654003
v 20.701613 1.381136 0.654003
v 20.765817 1.381136 0.654003
v 20.841007 1.381136 0.654003
v 20.929061 1.381136 0.654003
v 21.032182 1.381136 0.654003
v 21.152947 1.381136 0.654003
v 21.294374 1.381136 0.654003
v 21.460000 1.381136 0.654003
v 21.625626 1.381136 0.654003
v 21.767053 1.381136 0.654003
v 21.887818 1.381136 0.654003
v 21.990939 1.381136 0.654003
v 22.078993 1.381136 0.654003
v 22.154183 1.381136 0.654003
v 22.218387 1.381136 0.654003
v 22.273211 1.381136 0.654003
v 22.320026 1.381136 0.654003
v 20.560000 1.470945 0.794188
v 22.360000 1.470945 0.794188
v 20.637137 1.512959 0.799233
v 20.724543 1.512959 0.799233
v 20.823586 1.512959 0.799233
v 20.935815 1.512959 0.799233
v 21.062986 1.512959 0.799233
v 21.207088 1.512959 0.799233
v 21.370375 1.512959 0.799233
v 21.549622 1.512959 0.799233
v 21.712909 1.512959 0.799233
v 21.857012 1.512959 0.799233
v 21.984183 1.512959 0.799233
v 22.096413 1.512959 0.799233
v 22.195456 1.512959 0.799233
v 22.282863 1.512959 0.799233
v 20.560000 1.573219 0.784386
v 22.360000 1.573219 0.784386
v 20.627992 1.631071 0.751676
v 20.705508 1.631071 0.751676
v 20.793883 1.631071 0.751676
v 20.894639 1.631071 0.751676
v 21.009508 1.631071 0.751676
v 21.140470 1.631071 0.751676
v 21.289777 1.631071 0.751676
v 21.460000 1.631071 0.751676
v 21.630223 1.631071 0.751676
v 21.779530 1.631071 0.751676
v 21.910492 1.631071 0.751676
v 22.025361 1.631071 0.751676
v 22.126117 1.631071 0.751676
v 22.214492 1.631071 0.751676
v 22.292008 1.631071 0.751676
v 20.560000 1.758676 0.726573
v 22.360000 1.758678 0.726573
v 20.691916 1.951326 0.744747
v 20.830587 1.951326 0.744747
v 20.976357 1.951326 0.744747
v 21.129592 1.951326 0.744747
v 21.290672 1.951326 0.744747
v 21.460000 1.951326 0.744747
v 21.629328 1.951326 0.744747
v 21.790408 1.951326 0.744747
v 21.943643 1.951326 0.744747
v 22.089413 1.951326 0.744747
v 22.228084 1.951326 0.744747
v 20.560000 1.640453 1.114576
v 20.560000 1.680089 1.093652
v 20.560000 1.805673 1.052898
v 20.560000 1.909611 0.972203
v 20.691916 1.998542 0.869246
v 20.830587 1.998542 0.869246
v 20.976357 1.998542 0.869246
v 21.129592 1.998542 0.869246
v 21.290672 1.998542 0.869246
v 21.460000 1.998542 0.869246
v 21.629328 1.998542 0.869246
v 21.790408 1.998542 0.869246
v 21.943643 1.998542 0.869246
v 22.089413 1.998542 0.869246
v 22.228084 1.998542 0.869246
v 22.360000 1.805673 1.052898
v 22.360000 1.909611 0.972203
v 20.600282 1.754234 1.076428
v 20.647393 1.754234 1.076428
v 20.702491 1.754234 1.076428
v 20.766931 1.754234 1.076428
v 20.842295 1.754234 1.076428
v 20.930438 1.754234 1.076428
v 21.033524 1.754234 1.076428
v 21.154087 1.754234 1.076428
v 21.295090 1.754234 1.076428
v 21.460000 1.754234 1.076428
v 21.624910 1.754234 1.076428
v 21.765913 1.754234 1.076428
v 21.886476 1.754234 1.076428
v 21.989562 1.754234 1.076428
v 22.077705 1.754234 1.076428
v 22.153069 1.754234 1.076428
v 22.217509 1.754234 1.076428
v 22.272607 1.754234 1.076428
v 22.319718 1.754234 1.076428
v 22.360000 1.635087 1.118542
v 22.360000 1.659724 1.102840
v 22.360000 1.710064 1.084147
v 20.599974 1.611036 1.143254
v 20.646789 1.611036 1.143254
v 20.701613 1.611036 1.143254
v 20.765817 1.611036 1.143254
v 20.841007 1.611036 1.143254
v 20.929061 1.611036 1.143254
v 21.032182 1.611036 1.143254
v 21.152947 1.611036 1.143254
v 21.294374 1.611036 1.143254
v 21.460000 1.611036 1.143254
v 21.625626 1.611036 1.143254
v 21.767053 1.611036 1.143254
v 21.887818 1.611036 1.143254
v 21.990939 1.611036 1.143254
v 22.078993 1.611036 1.143254
v 22.154183 1.611036 1.143254
v 22.218387 1.611036 1.143254
v 22.273211 1.611036 1.143254
v 22.320026 1.611036 1.143254
v 22.360000 0.591008 2.361085
v 22.360000 0.753080 2.333341
v 22.360000 0.918557 2.274762
v 22.360000 1.071288 2.188143
v 22.360000 1.206527 2.076160
v 22.360000 1.320113 1.942259
v 22.360000 1.408521 1.790545
v 22.360000 1.468964 1.625684
v 22.360000 1.499657 1.452802
v 22.360000 1.499659 1.277218
v 22.360000 1.468969 1.104335
v 22.360000 1.408530 0.939473
v 22.360000 1.320124 0.787757
v 22.360000 1.206541 0.653854
v 22.360000 1.071304 0.541868
v 22.360000 0.918575 0.455246
v 22.360000 0.753099 0.396664
v 22.360000 0.591019 0.368916
v 22.360000 0.416192 0.368915
v 22.360000 0.254120 0.396659
v 22.360000 0.088643 0.455238
v 22.360000 -0.064088 0.541857
v 22.360000 -0.199327 0.653840
v 22.360000 -0.312913 0.787741
v 22.360000 -0.401321 0.939455
v 22.360000 -0.461764 1.104316
v 22.360000 -0.492457 1.277198
v 22.360000 -0.492459 1.452782
v 22.360000 -0.461769 1.625665
v 22.360000 -0.401330 1.790527
v 22.360000 -0.312924 1.942243
v 22.360000 -0.199341 2.076146
v 22.360000 -0.064104 2.188132
v 22.360000 0.088625 2.274754
v 22.360000 0.254101 2.333336
v 22.360000 0.416181 2.361084
v 22.410000 0.416192 0.368915
v 22.410000 0.254120 0.396659
v 22.410000 0.088643 0.455238
v 22.410000 -0.064088 0.541857
v 22.410000 -0.199327 0.653840
v 22.410000 -0.312913 0.787741
v 22.410000 -0.401321 0.939455
v 22.410000 -0.461764 1.104316
v 22.410000 -0.492457 1.277198
v 22.410000 -0.492459 1.452782
v 22.410000 -0.461769 1.625665
v 22.410000 -0.401330 1.790527
v 22.410000 -0.312924 1.942243
v 22.410000 -0.199341 2.076146
v 22.410000 -0.064104 2.188132
v 22.410000 0.088625 2.274754
v 22.410000 0.254101 2.333336
v 22.410000 0.416181 2.361084
v 22.410000 0.591008 2.361085
v 22.410000 0.753080 2.333341
v 22.410000 0.918557 2.274762
v 22.410000 1.071288 2.188143
v 22.410000 1.206527 2.076160
v 22.410000 1.320113 1.942259
v 22.410000 1.408521 1.790545
v 22.410000 1.468964 1.625684
v 22.410000 1.499657 1.452802
v 22.410000 1.499659 1.277218
v 22.410000 1.468969 1.104335
v 22.410000 1.408530 0.939473
v 22.410000 1.320124 0.787757
v 22.410000 1.206541 0.653854
v 22.410000 1.071304 0.541868
v 22.410000 0.918575 0.455246
v 22.410000 0.753099 0.396664
v 22.410000 0.591019 0.368916
v 22.410000 0.673548 1.888047
v 22.410000 0.826855 1.809923
v 22.410000 0.948525 1.688257
v 22.410000 1.026655 1.534951
v 22.410000 1.053600 1.365000
v 22.410000 1.026655 1.195049
v 22.410000 0.948525 1.041743
v 22.410000 0.826855 0.920077
v 22.410000 0.673548 0.841953
v 22.410000 0.333652 0.841953
v 22.410000 0.180345 0.920077
v 22.410000 0.058675 1.041743
v 22.410000 -0.019455 1.195049
v 22.410000 -0.046400 1.365000
v 22.410000 -0.019455 1.534951
v 22.410000 0.058675 1.688257
v 22.410000 0.180345 1.809923
v 22.410000 0.333652 1.888047
v 23.111253 0.503600 0.815000
v 22.948413 0.503600 0.815000
v 22.771176 0.503600 0.815000
v 22.590588 0.503600 0.815000
v 23.260000 0.590659 1.908002
v 23.260000 0.688003 1.883140
v 23.260000 0.837297 1.802180
v 23.260000 0.940157 1.699426
v 23.260000 0.976549 1.645677
v 23.260000 1.001695 1.598227
v 23.260000 1.027873 1.530987
v 23.260000 1.052969 1.391273
v 23.260000 1.037572 1.233156
v 23.260000 1.006704 1.143090
v 23.260000 0.988161 1.104860
v 23.260000 0.971872 1.076708
v 23.260000 0.939869 1.030206
v 23.260000 0.837299 0.927821
v 23.260000 0.688001 0.846859
v 23.260000 0.590664 0.821999
v 22.590588 0.503600 1.915000
v 22.771176 0.503600 1.915000
v 22.948413 0.503600 1.915000
v 23.111253 0.503600 1.915000
v 23.260000 0.416541 0.821998
v 23.260000 0.319197 0.846860
v 23.260000 0.169903 0.927820
v 23.260000 0.067043 1.030574
v 23.260000 0.030651 1.084323
v 23.260000 0.005505 1.131773
v 23.260000 -0.020673 1.199013
v 23.260000 -0.045769 1.338727
v 23.260000 -0.030372 1.496844
v 23.260000 0.000496 1.586910
v 23.260000 0.019039 1.625140
v 23.260000 0.035328 1.653292
v 23.260000 0.067331 1.699794
v 23.260000 0.169901 1.802179
v 23.260000 0.319199 1.883141
v 23.260000 0.416536 1.908001
v 23.360000 0.664473 1.785646
v 23.360000 0.816266 1.689557
v 23.360000 0.917589 1.541196
v 23.360000 0.952985 1.365001
v 23.360000 0.917590 1.188805
v 23.360000 0.816266 1.040444
v 23.360000 0.664474 0.944354
v 23.360000 0.342727 0.944354
v 23.360000 0.190934 1.040443
v 23.360000 0.089611 1.188804
v 23.360000 0.054215 1.364999
v 23.360000 0.089610 1.541195
v 23.360000 0.190934 1.689556
v 23.360000 0.342726 1.785646
v 23.360000 0.409789 1.262119
v 23.360000 0.454525 1.396328
v 23.360000 0.499261 1.530536
v 23.360000 0.454525 1.243668
v 23.360000 0.557025 1.296008
v 23.360000 0.659525 1.243668
v 23.360000 0.614789 1.530536
v 23.360000 0.659525 1.396328
v 23.360000 0.704261 1.262119
v 23.310000 0.659525 1.243668
v 23.310000 0.557025 1.296008
v 23.310000 0.454525 1.243668
v 23.310000 0.409789 1.262119
v 23.310000 0.454525 1.396328
v 23.310000 0.499261 1.530536
v 23.310000 0.614789 1.530536
v 23.310000 0.659525 1.396328
v 23.310000 0.704261 1.262119
v 23.310000 0.579949 1.496200
v 23.310000 0.568386 1.378434
v 23.310000 0.518588 1.448668
v 23.360000 0.568386 1.378434
v 23.360000 0.518588 1.448668
v 23.360000 0.579949 1.496200
v 17.760000 0.504165 1.463026
v 17.760000 0.501632 1.260143
v 17.760000 0.370358 1.359867
v 17.760000 0.635295 1.365777
v 17.760000 0.504209 1.658233
v 17.760000 0.314676 1.556896
v 17.760000 0.698152 1.567405
v 17.760000 0.792846 1.365947
v 17.760000 0.214468 1.363349
v 17.760000 0.692447 1.172671
v 17.760000 0.309048 1.162595
v 17.760000 0.502889 1.069947
v 17.824602 0.950425 1.109846
v 17.822989 0.955520 1.607817
v 17.824602 0.056775 1.620154
v 17.822989 0.051680 1.122183
v 18.548778 1.040167 1.485218
v 18.414723 1.034449 1.221507
v 18.443541 1.053458 1.353979
v 19.351669 0.972866 1.078285
v 18.689106 0.624577 0.828512
v 18.793451 0.588894 0.821654
v 18.896275 0.601974 0.823887
v 18.544862 0.639079 0.831958
v 18.969950 0.551652 0.817244
v 18.383888 0.633255 0.830538
v 18.185491 0.667509 0.840008
v 18.011246 0.625691 0.828834
v 18.972680 0.612095 0.825808
v 19.012528 0.646782 0.833980
v 19.046093 0.684912 0.845763
v 18.014255 0.763098 0.880091
v 19.082527 0.750093 0.873347
v 17.952469 0.899764 0.983616
v 19.207060 0.810898 0.909006
v 17.925122 0.954816 1.050723
v 19.398802 0.870925 0.955770
v 17.911822 0.989403 1.107189
v 19.631393 0.870361 0.955276
v 17.966088 1.023044 1.184244
v 17.983919 1.051622 1.318715
v 19.669318 0.978171 1.087259
v 17.983680 1.041879 1.477558
v 19.711199 1.043925 1.262690
v 17.939617 1.014024 1.569709
v 19.198260 0.810624 1.821324
v 17.919372 0.975335 1.647739
v 17.977644 0.911380 1.734013
v 19.569805 1.037531 1.233413
v 17.994101 0.789632 1.834741
v 19.393086 1.038692 1.237831
v 18.012878 0.637326 1.898480
v 19.228786 1.051406 1.316679
v 19.109315 1.053191 1.384931
v 19.056720 1.046341 1.453844
v 19.015381 1.038751 1.491669
v 18.216192 0.629033 1.900386
v 19.002977 1.028860 1.528083
v 18.367826 0.626945 1.900864
v 18.975293 1.020359 1.553303
v 18.525799 0.627984 1.900626
v 18.974244 1.004707 1.591407
v 18.689800 0.626007 1.901079
v 18.952893 0.981136 1.637508
v 18.860251 0.628611 1.900471
v 18.963388 0.948669 1.687860
v 19.037481 0.628671 1.900446
v 18.986963 0.927049 1.715963
v 19.206049 0.629887 1.900152
v 18.993766 0.902901 1.743197
v 19.383751 0.677522 1.886653
v 19.024345 0.885932 1.760376
v 19.562080 0.654789 1.893640
v 19.045700 0.855630 1.787550
v 19.695604 0.646686 1.895973
v 19.099150 0.816334 1.817420
v 19.773348 1.051982 1.322959
v 17.926769 0.553780 1.912596
v 19.260342 0.754162 1.854530
v 18.653601 0.761826 0.879529
v 18.807048 0.722391 0.860392
v 18.472190 0.772039 0.884970
v 18.301690 0.778213 0.888519
v 18.954013 0.722719 0.860534
v 19.034353 0.863753 0.949373
v 18.039370 0.969749 1.073368
v 19.220347 0.920994 1.006981
v 19.503263 0.973169 1.078762
v 18.056039 0.995053 1.611572
v 18.135922 0.750696 1.856335
v 19.249077 1.012945 1.157472
v 19.085387 1.038589 1.237407
v 18.950881 1.037198 1.498281
v 18.290660 0.775722 1.842931
v 18.445762 0.772318 1.844869
v 18.609640 0.765825 1.848430
v 18.908757 1.012956 1.572501
v 18.787860 0.756723 1.853217
v 18.974298 0.767778 1.847370
v 18.937174 0.911631 1.733788
v 19.126643 0.731675 1.865367
v 18.971267 0.861800 1.782333
v 18.130484 0.838565 0.928837
v 18.121978 1.037059 1.231210
v 18.148435 1.049136 1.434784
v 18.145020 0.886190 1.760120
v 18.983044 1.052526 1.397912
v 18.854555 0.954449 1.679760
v 18.821787 0.853971 0.941161
v 18.597603 0.892259 0.975908
v 18.392145 0.907334 0.991511
v 19.076888 0.977164 1.085467
v 18.840532 1.045847 1.456225
v 18.352347 0.898272 1.747950
v 18.530309 0.893150 1.753188
v 18.710328 0.899655 1.746457
v 18.866040 0.857345 1.786046
v 18.233965 0.913191 0.998018
v 18.239107 0.993988 1.613691
v 18.926432 1.026756 1.195673
v 18.734606 1.010165 1.579046
v 18.293354 1.048300 1.289002
v 18.803195 1.049553 1.298829
v 18.722670 0.990233 1.108840
v 18.486287 0.985165 1.099584
v 18.437572 0.987815 1.625728
v 18.269929 0.994702 1.117729
v 18.349426 1.042953 1.472158
v 18.909723 0.954842 1.050760
v 18.691077 1.050966 1.417963
v 18.601055 0.976434 1.645800
v 18.587796 1.046406 1.276789
v 19.810000 1.045000 0.972984
v 19.810000 1.212531 1.196490
v 19.810000 1.190758 1.039311
v 19.810000 1.153334 0.856088
v 19.810000 1.100157 0.561788
v 19.810000 1.182186 0.678608
v 19.810000 1.289620 0.770644
v 19.810000 1.339014 0.914808
v 19.810000 1.375098 1.064952
v 19.810000 1.427788 1.214651
v 19.810000 1.042128 0.714517
v 19.810000 0.968117 0.856204
v 19.658531 0.827620 0.777629
v 19.668434 0.986934 0.493893
v 19.660723 0.904297 0.639545
v 19.358522 0.847316 0.612189
v 19.263533 0.875913 0.463841
v 19.396721 0.923808 0.473509
v 19.211082 0.805119 0.579854
v 19.070138 0.663736 0.774380
v 19.095969 0.727176 0.615635
v 19.111455 0.797682 0.424268
v 19.042865 0.740882 0.353974
v 19.225271 0.755406 0.723220
v 19.388180 0.788071 0.757261
v 19.010000 0.503757 0.410874
v 19.010000 0.557236 0.319959
v 19.010000 0.451375 0.320498
v 19.010000 0.464211 0.795321
v 19.010000 0.494145 0.758861
v 19.010000 0.502554 0.664921
v 19.010000 0.503913 0.536024
v 19.084583 0.318083 0.716559
v 19.067425 0.288255 0.558736
v 19.030570 0.380268 0.783833
v 19.193422 0.217058 0.595313
v 19.104671 0.195242 0.355900
v 19.060823 0.236647 0.334232
v 19.152889 0.182883 0.434989
v 19.274717 0.130912 0.473059
v 19.397912 0.083958 0.473535
v 19.024480 0.296070 0.322462
v 19.359179 0.161950 0.615541
v 19.392362 0.219347 0.758391
v 19.243663 0.251118 0.736469
v 19.058332 0.261315 0.417799
v 19.660756 0.181129 0.779953
v 19.665596 0.031970 0.511586
v 19.665464 0.110000 0.652432
v 19.810000 -0.435289 1.200614
v 19.810000 -0.127336 0.873046
v 19.810000 -0.214809 1.025714
v 19.810000 -0.281052 1.194841
v 19.810000 -0.031646 0.737264
v 19.810000 -0.098767 0.596280
v 19.810000 0.048203 0.870469
v 19.810000 -0.058641 1.005473
v 19.810000 -0.134067 1.174210
v 19.810000 -0.201211 0.725874
v 19.810000 -0.298624 0.872272
v 19.810000 -0.377174 1.033248
v 19.684347 1.004762 2.206197
v 19.660306 0.852506 1.943160
v 19.661621 0.934703 2.079861
v 19.396434 0.989759 2.064897
v 19.342160 1.076078 2.158674
v 19.181498 0.973148 1.925907
v 19.268759 1.008505 2.024528
v 19.054156 1.002951 1.848590
v 19.033873 0.942827 1.765494
v 19.055655 1.098679 1.943515
v 19.034419 1.225428 2.024465
v 19.015104 1.317390 2.041567
v 19.101436 0.917942 1.807298
v 19.035557 1.289043 2.085372
v 19.126458 1.123782 2.053918
v 19.211624 0.883720 1.834468
v 19.071990 1.247284 2.115707
v 19.285606 0.894378 1.883043
v 19.128607 1.205747 2.147497
v 19.388007 0.902488 1.936117
v 19.208424 1.142324 2.151350
v 19.010000 1.377114 1.835049
v 19.010000 1.220875 1.776737
v 19.010000 1.106215 1.714492
v 19.010000 1.027992 1.665566
v 19.075533 1.263825 1.562113
v 19.155626 1.439230 1.544453
v 19.213289 1.309714 1.492092
v 19.018297 1.053597 1.561379
v 19.151592 1.542705 1.567121
v 19.207179 1.541946 1.532030
v 19.096758 1.522743 1.607397
v 19.284874 1.486305 1.486731
v 19.049396 1.522390 1.662728
v 19.404722 1.493388 1.445631
v 19.020598 1.499541 1.713259
v 19.365677 1.331551 1.442618
v 19.397015 1.169551 1.420852
v 19.270195 1.171465 1.451927
v 19.146395 1.137495 1.490577
v 19.045159 1.427016 1.640834
v 19.054168 1.098779 1.534895
v 19.638530 1.504738 1.389685
v 19.636880 1.382116 1.387016
v 19.632019 1.201968 1.383199
v 19.810000 0.429175 2.270619
v 19.810000 0.582409 2.298139
v 19.810000 0.744860 2.219659
v 19.810000 0.553925 2.124283
v 19.810000 0.284654 2.001113
v 19.810000 0.250255 2.200452
v 19.810000 0.402879 2.065396
v 19.810000 0.672826 2.012481
v 19.656896 -0.009102 2.211378
v 19.659863 0.156071 1.939691
v 19.658524 0.073415 2.075792
v 19.079741 0.040984 1.838691
v 19.033017 0.065331 1.762733
v 19.133012 -0.131360 2.075939
v 19.225551 -0.043491 2.049372
v 19.099373 -0.206914 2.119494
v 19.063780 -0.254606 2.115398
v 19.154217 -0.186831 2.160913
v 19.217049 -0.132013 2.153283
v 19.033355 -0.287488 2.083777
v 19.309009 -0.083598 2.157320
v 19.417337 -0.067137 2.196201
v 19.374269 0.019083 2.051063
v 19.388852 0.117787 1.916648
v 19.016291 -0.295317 2.034057
v 19.043494 -0.206837 2.032099
v 19.232154 0.067638 1.914010
v 19.088298 -0.063403 1.955246
v 18.490891 -0.042693 1.428371
v 18.854838 0.157228 0.937837
v 18.226598 0.135389 1.773390
v 18.679212 -0.020509 1.531537
v 17.958298 0.106993 1.745917
v 17.924875 0.051431 1.677928
v 17.986517 0.223539 1.838305
v 17.901546 0.018528 1.624217
v 18.004419 0.372379 1.899060
v 17.954223 -0.014631 1.549195
v 17.986811 -0.044497 1.410437
v 17.975506 -0.036183 1.259543
v 18.203051 0.371438 1.898835
v 17.932005 -0.007081 1.160965
v 18.367831 0.381722 1.901200
v 18.376701 -0.001616 1.582013
v 18.525801 0.379855 1.900773
v 17.920792 0.031929 1.082147
v 18.689801 0.381528 1.901156
v 17.981320 0.100144 0.991208
v 18.856730 0.361667 1.896317
v 18.014625 0.230632 0.887560
v 19.018678 0.343253 1.891030
v 18.011587 0.377853 0.829690
v 19.198516 0.307901 1.878960
v 19.384872 0.343888 1.891189
v 19.554757 0.351331 1.893329
v 19.695567 0.360285 1.895907
v 18.186973 0.327373 0.844124
v 18.378408 0.364574 0.832894
v 18.546948 0.381032 0.829018
v 18.682432 0.381098 0.828932
v 18.809083 0.384448 0.828154
v 18.909526 0.413298 0.822505
v 18.971111 0.459789 0.816925
v 19.070114 0.197494 1.821879
v 19.010863 0.137326 1.775293
v 18.979560 0.417356 0.821821
v 19.001540 0.102044 1.740791
v 18.978039 0.372144 0.830948
v 18.988830 0.081340 1.717417
v 19.014855 0.334099 0.841826
v 18.961042 0.064712 1.696471
v 19.060390 0.261738 0.871038
v 18.927757 0.032243 1.648410
v 19.189303 0.175831 0.923487
v 18.956606 0.000356 1.586553
v 19.401606 0.143139 0.949635
v 18.986111 -0.012179 1.555975
v 19.627630 0.130042 0.961551
v 19.000023 -0.020471 1.531858
v 19.006231 -0.030648 1.495678
v 19.052928 -0.035352 1.474600
v 19.662693 0.023104 1.097713
v 19.083347 -0.043272 1.423471
v 19.702740 -0.032231 1.241215
v 19.163027 -0.045899 1.387290
v 19.258945 -0.046337 1.369787
v 17.930132 0.452196 1.912504
v 19.380482 -0.038366 1.271804
v 19.559301 -0.031430 1.237575
v 18.019720 0.031294 1.646778
v 18.139810 0.246308 1.851063
v 18.108714 -0.026234 1.512226
v 18.061063 0.011324 1.120064
v 18.299393 0.238021 1.846597
v 18.444940 0.236712 1.845876
v 18.609342 0.243185 1.849381
v 18.771299 0.233091 1.843871
v 18.918149 0.200018 1.823563
v 18.308758 0.228799 0.888628
v 18.471765 0.235800 0.884629
v 18.629736 0.245114 0.879648
v 18.766643 0.258163 0.872803
v 18.924891 0.288286 0.858937
v 18.948339 0.110287 1.749426
v 18.835329 0.002370 1.591119
v 19.262849 0.061869 1.037417
v 18.940726 -0.024078 1.520089
v 19.455052 0.027180 1.090523
v 18.978126 -0.043782 1.418593
v 19.066058 -0.044879 1.324450
v 19.207690 -0.037933 1.269095
v 18.092827 0.117160 1.756263
v 18.148026 -0.043123 1.305572
v 18.161193 0.133041 0.958612
v 18.998429 0.152843 0.941503
v 18.839552 0.087255 1.724286
v 19.290876 -0.006088 1.158368
v 18.212762 0.029948 1.644396
v 18.376924 0.100287 1.738914
v 18.544890 0.114430 1.753581
v 18.688823 0.136313 1.774363
v 18.366572 0.109330 0.981647
v 18.561133 0.116301 0.974511
v 18.713420 0.121113 0.969801
v 18.900310 -0.038580 1.273004
v 19.082976 0.074502 1.021157
v 18.279960 -0.038216 1.459306
v 18.251362 0.012473 1.117779
v 18.837732 -0.040174 1.447206
v 18.678583 0.042925 1.665213
v 19.093439 -0.005359 1.156534
v 18.522732 0.017076 1.621377
v 18.458017 0.016527 1.109716
v 18.664228 0.028526 1.088150
v 18.350857 -0.039792 1.280366
v 18.882145 0.039708 1.069815
v 18.705068 -0.046335 1.359946
v 18.564820 -0.032505 1.242408
v 18.746240 -0.022241 1.204033
v 19.010000 -0.020600 1.670747
v 19.010000 -0.346891 1.881930
v 19.010000 -0.220223 1.784106
v 19.010000 -0.107315 1.713156
v 19.392377 -0.162654 1.421236
v 19.387050 -0.325896 1.436344
v 19.403140 -0.483577 1.444923
v 19.249731 -0.426596 1.493899
v 19.073010 -0.090018 1.520054
v 19.116491 -0.270862 1.535240
v 19.102072 -0.469803 1.590970
v 19.269214 -0.243035 1.461887
v 19.040978 -0.491452 1.668092
v 19.179824 -0.137309 1.477502
v 19.278556 -0.111945 1.442407
v 19.614072 -0.451494 1.392758
v 19.624494 -0.216714 1.384375
v 19.794856 1.465291 1.903546
v 19.590488 -0.482384 1.857873
v 19.912385 1.385965 2.025746
v 20.512130 -0.517983 1.779561
v 19.451374 1.451974 1.926726
v 19.781400 -0.463229 1.894082
v 19.560369 1.369192 2.047375
v 22.319569 0.768875 2.434844
v 19.738910 -0.595077 1.455361
v 20.519141 0.751633 2.439062
v 20.456872 0.651425 2.457171
v 20.435906 0.496294 2.467309
v 20.456747 0.350572 2.456486
v 20.504500 0.266155 2.441623
v 19.609414 1.478282 1.879619
v 20.494406 0.810214 2.423698
v 20.450903 0.892754 2.396378
v 20.433794 1.023635 2.336800
v 20.453186 1.146421 2.260524
v 20.499209 1.208666 2.212507
v 20.592255 1.236623 2.188408
v 20.630588 1.234692 2.190093
v 22.319670 0.238363 2.434853
v 22.276647 1.234651 2.190130
v 22.314364 1.234658 2.190124
v 22.337230 1.234621 2.190157
v 20.494498 0.195460 2.423243
v 20.458587 0.110153 2.394858
v 20.437672 -0.022402 2.333556
v 20.470514 -0.139853 2.260089
v 20.505734 -0.196975 2.216222
v 20.592255 -0.225423 2.191898
v 20.630588 -0.227354 2.190213
v 20.513324 1.255191 2.171548
v 20.490953 1.297195 2.129822
v 20.444883 1.358027 2.061630
v 20.444838 1.446956 1.934914
v 20.500872 1.508169 1.818909
v 20.592255 1.535324 1.753443
v 20.630589 1.534439 1.755848
v 22.276646 -0.227397 2.190178
v 22.314364 -0.227390 2.190184
v 22.337230 -0.227427 2.190151
v 22.276860 1.534417 1.755905
v 22.315256 1.534406 1.755935
v 20.504286 -0.246900 2.172595
v 20.449725 -0.314995 2.103507
v 20.432272 -0.410594 1.980655
v 20.458317 -0.481995 1.858689
v 20.592255 -0.526290 1.758425
v 20.630588 -0.527175 1.756020
v 20.520447 1.542402 1.734213
v 20.479582 1.562500 1.670717
v 20.470806 1.584499 1.580788
v 20.402103 1.599362 1.485567
v 20.251158 1.600712 1.473223
v 20.092873 1.600109 1.479741
v 19.960719 1.599288 1.486177
v 19.856828 1.602804 1.446550
v 19.751718 1.602552 1.451523
v 19.600311 1.596501 1.509179
v 19.472966 1.585257 1.578172
v 19.339895 1.583734 1.585853
v 22.276855 -0.527192 1.755971
v 19.238135 1.583464 1.587214
v 22.315258 -0.527201 1.755948
v 19.177599 1.578294 1.610854
v 19.137814 1.565144 1.662507
v 19.084182 1.554529 1.698214
v 19.060606 1.539816 1.741514
v 19.116137 1.465311 1.903508
v 19.072873 1.387304 2.024068
v 19.062831 1.336524 2.087294
v 19.100938 1.303370 2.123834
v 19.161751 1.276343 2.151364
v 19.263978 1.274134 2.153519
v 19.383731 1.236686 2.188353
v 19.487563 1.190255 2.227542
v 19.595956 1.190747 2.227147
v 19.743699 1.173236 2.240550
v 19.964683 0.958397 2.369146
v 20.517695 -0.539909 1.720547
v 19.957493 0.780952 2.431889
v 20.488637 -0.555602 1.669697
v 19.970193 0.596631 2.463208
v 20.466426 -0.577484 1.579791
v 19.969681 0.409683 2.463139
v 20.394948 -0.592081 1.486176
v 19.957521 0.225387 2.431679
v 19.965110 0.047985 2.368755
v 19.766358 -0.168638 2.238573
v 20.266910 -0.593499 1.473351
v 19.615174 -0.171741 2.236318
v 20.107972 -0.592186 1.485399
v 19.486799 -0.220234 2.196538
v 19.962682 -0.591058 1.493973
v 19.344788 -0.229907 2.187994
v 19.849869 -0.595083 1.454458
v 19.233448 -0.236958 2.181633
v 20.570804 0.766882 2.435332
v 22.282738 0.239898 2.435229
v 19.153692 -0.269028 2.151469
v 19.607201 -0.593711 1.471728
v 22.282477 0.767311 2.435227
v 19.094097 -0.294830 2.125240
v 20.131224 -0.140673 2.259637
v 19.450221 -0.580214 1.566624
v 19.063196 -0.323491 2.093952
v 19.312140 -0.568689 1.621018
v 19.159518 -0.547742 1.696918
v 19.056538 -0.364233 2.044945
v 19.122927 -0.435776 1.941408
v 19.080077 -0.510667 1.796934
v 19.058067 1.519619 1.792880
v 19.943047 1.136649 2.267477
v 19.958096 -0.119728 2.273995
v 19.068096 -0.540712 1.718427
v 20.390594 0.769478 2.434696
v 20.288834 0.609341 2.462208
v 20.288022 0.392667 2.461800
v 20.388256 0.228000 2.432318
v 20.289701 0.931994 2.380482
v 20.281314 1.124596 2.275523
v 20.387954 1.254567 2.172095
v 20.283579 0.072996 2.379566
v 20.290006 -0.105519 2.283686
v 20.390631 -0.223085 2.193937
v 20.283594 1.388142 2.022677
v 20.327501 1.501631 1.832616
v 20.275536 -0.345391 2.067974
v 20.290820 -0.475086 1.872244
v 20.334495 1.569678 1.645827
v 20.023690 1.570260 1.643674
v 19.844649 1.582074 1.593907
v 19.428990 1.533490 1.758428
v 19.250748 1.555153 1.696227
v 19.179002 1.364949 2.052955
v 19.370970 1.361136 2.057874
v 19.661860 1.290136 2.137267
v 20.121171 0.865184 2.406141
v 20.123193 0.700076 2.449477
v 20.322202 -0.558885 1.658616
v 20.129433 0.502719 2.467477
v 20.122962 0.306704 2.449399
v 20.121404 0.141489 2.405955
v 19.652021 -0.287567 2.132385
v 20.164028 -0.572708 1.602974
v 20.021295 -0.566517 1.628765
v 19.438465 -0.334945 2.080577
v 19.825341 -0.574784 1.594334
v 19.270357 -0.316372 2.101951
v 19.459546 -0.542383 1.713248
v 19.263077 -0.504589 1.811087
v 20.420449 -0.527510 1.755110
v 20.430658 1.539126 1.743113
v 20.177817 1.579992 1.602623
v 19.705288 1.580346 1.601159
v 19.146075 1.531692 1.763127
v 19.279419 1.478759 1.878741
v 19.518227 1.278699 2.149035
v 19.859896 1.282695 2.145073
v 20.117485 1.042461 2.326723
v 20.124061 -0.017440 2.336377
v 19.878747 -0.273971 2.146587
v 19.616557 -0.576108 1.587948
v 19.146747 -0.345271 2.068502
v 19.284975 -0.412496 1.977888
v 20.242908 0.776560 2.432964
v 20.240369 0.217628 2.429765
v 20.198157 1.272779 2.154467
v 20.212926 -0.236093 2.182511
v 20.149213 1.467652 1.899198
v 20.100571 -0.417288 1.970915
v 19.899039 1.529119 1.769602
v 19.606442 -0.405400 1.988213
v 20.140447 -0.518023 1.779122
v 19.921297 -0.527438 1.755308
v 19.441369 -0.456579 1.906330
v 19.584412 1.555118 1.696289
v 20.107922 1.170652 2.242353
v 20.082213 1.380478 2.032665
v 20.183074 1.536125 1.751268
v 20.073720 -0.324053 2.092957
v 19.742923 1.538234 1.745580
v 19.519281 -0.593125 1.477615
v 19.738419 1.383370 2.029190
v 19.770422 -0.373640 2.032374
v 19.696484 -0.534833 1.735340
v 19.977700 -0.466188 1.888633
v 20.010681 1.272401 2.154988
v 20.047476 -0.223263 2.193781
v 19.931616 -0.394880 2.003520
v 20.042577 1.518276 1.795915
v 19.968993 1.462299 1.909056
v 22.346295 0.807290 2.426637
v 20.604258 1.635158 1.670716
v 20.679379 1.701936 1.676891
v 22.309915 1.700449 1.676568
v 20.607910 1.701367 1.676767
v 22.314041 1.632387 1.670926
v 22.340046 1.606469 1.675802
v 22.254100 1.644147 1.670263
v 22.186578 1.641741 1.670319
v 22.100765 1.664669 1.670859
v 22.231155 1.698502 1.676144
v 21.988690 1.660640 1.670563
v 22.165431 1.702611 1.677042
v 20.968417 1.658540 1.670409
v 20.842892 1.655078 1.670303
v 20.742770 1.664256 1.670828
v 20.662433 1.645480 1.670232
v 21.837816 1.670955 1.671458
v 22.216350 1.948692 1.665159
v 22.196736 1.812492 1.693066
v 22.286505 1.835428 1.690847
v 21.460000 1.873614 1.684661
v 20.633336 1.835439 1.690846
v 20.723456 1.813379 1.693012
v 20.701964 1.949339 1.664964
v 20.817548 1.846436 1.689332
v 20.926748 1.839554 1.690389
v 21.041086 1.895485 1.679972
v 20.886410 1.950544 1.664601
v 21.182818 1.903200 1.678036
v 21.330092 1.903991 1.677838
v 21.589908 1.903991 1.677838
v 21.737182 1.903200 1.678036
v 21.878914 1.895485 1.679972
v 21.992572 1.838787 1.690490
v 22.033113 1.950015 1.664760
v 22.101385 1.846744 1.689284
v 21.867477 2.067110 1.554888
v 22.033138 1.979395 1.420061
v 22.222164 1.968951 1.413711
v 20.618338 1.854604 1.360241
v 22.293202 1.859572 1.361910
v 20.703542 1.853765 1.359959
v 20.802569 1.871558 1.366186
v 20.908486 1.861191 1.362454
v 21.002943 1.888567 1.372822
v 20.699290 1.969705 1.414169
v 21.114487 1.867752 1.364726
v 21.234735 1.937138 1.395740
v 21.401389 1.938629 1.396556
v 20.899556 1.975789 1.417868
v 21.568579 1.936283 1.395272
v 21.063604 1.978183 1.419324
v 21.725233 1.936564 1.395426
v 21.871693 1.933056 1.393522
v 21.992896 1.879152 1.369100
v 22.106083 1.880977 1.369800
v 22.205159 1.855005 1.360375
v 20.560000 1.651477 1.600515
v 20.560000 1.935215 1.527940
v 20.560000 1.786679 1.432759
v 20.560000 1.745317 1.629975
v 20.560000 1.683023 1.422244
v 20.560000 1.719874 1.529929
v 20.560000 1.827699 1.580943
v 22.323184 1.629254 1.312847
v 20.596817 1.629254 1.312847
v 20.786857 1.722412 1.348085
v 20.684161 1.727896 1.348465
v 20.891550 1.723795 1.348181
v 20.994784 1.724664 1.348241
v 22.262896 1.726544 1.348371
v 22.137357 1.722441 1.348087
v 22.323184 0.153202 2.435998
v 20.596817 0.153201 2.435998
v 20.639674 0.089723 2.505467
v 22.277033 0.088772 2.507298
v 22.101865 0.007673 2.654543
v 22.217533 -0.073856 2.727431
v 22.222456 0.021724 2.638747
v 22.308481 0.039778 2.615914
v 20.639306 0.027653 2.631514
v 20.704088 -0.065322 2.720781
v 20.733635 0.025963 2.633576
v 20.833758 0.007647 2.654572
v 20.942591 0.013868 2.647605
v 20.892973 -0.072039 2.726016
v 21.061928 -0.031591 2.692863
v 21.215084 -0.035266 2.696007
v 21.374488 -0.035030 2.695805
v 21.545512 -0.035030 2.695805
v 21.708454 -0.033253 2.694284
v 21.862963 -0.033837 2.694785
v 21.980907 0.012331 2.649326
v 22.027136 -0.074290 2.727769
v 20.560000 -0.171185 2.645274
v 20.560000 -0.059635 2.564168
v 20.560000 0.009941 2.504412
v 20.560000 0.043113 2.449958
v 20.560000 -0.068552 2.422732
v 20.560000 -0.191309 2.430364
v 20.560000 -0.170262 2.522397
v 20.560000 -0.153157 2.347968
v 21.867477 -0.228377 2.759572
v 20.839165 -0.273223 2.494269
v 20.736156 -0.266780 2.470879
v 20.642408 -0.268223 2.475505
v 21.057390 -0.289795 2.617825
v 22.185260 -0.267641 2.473639
v 20.890969 -0.289738 2.615378
v 20.704597 -0.289240 2.606185
v 22.277592 -0.268223 2.475505
v 21.948754 -0.276387 2.508170
v 21.831502 -0.276113 2.506882
v 21.712426 -0.285781 2.565904
v 21.544806 -0.285414 2.562776
v 21.375194 -0.285414 2.562776
v 22.214847 -0.289251 2.606347
v 21.215403 -0.285129 2.560339
v 21.090423 -0.275565 2.504315
v 20.972929 -0.276387 2.508168
v 22.028846 -0.289746 2.615719
v 22.080660 -0.273276 2.494469
v 21.862610 -0.289795 2.617825
v 20.578457 -0.177940 2.283947
v 22.312372 -0.207164 2.365956
v 22.341543 -0.177940 2.283947
v 22.253345 -0.194636 2.343303
v 20.612413 -0.205569 2.363364
v 20.602207 -0.181650 2.307786
v 20.669923 -0.210562 2.371181
v 22.315762 -0.182216 2.310167
v 20.804012 -0.194855 2.343774
v 20.885700 -0.194872 2.343808
v 20.660736 -0.184772 2.318907
v 20.981301 -0.194894 2.343857
v 22.186085 -0.194785 2.343623
v 21.099604 -0.194895 2.343859
v 21.231953 -0.194893 2.343855
v 21.379071 -0.194902 2.343874
v 21.544652 -0.194897 2.343863
v 21.689242 -0.194901 2.343872
v 21.820740 -0.194895 2.343858
v 21.938699 -0.194894 2.343857
v 22.034300 -0.194872 2.343808
v 22.115988 -0.194855 2.343774
v 20.728409 -0.195280 2.344685
v 22.323184 -0.304380 2.150484
v 20.596817 -0.304380 2.150484
v 22.278301 -0.393400 2.182863
v 22.321876 -0.422690 2.207430
v 20.639674 -0.392872 2.182495
v 22.180346 -0.397597 2.185975
v 20.817024 -0.534193 2.276137
v 20.702468 -0.640866 2.303016
v 20.697555 -0.515015 2.268906
v 20.611520 -0.488425 2.257082
v 22.280694 -0.506407 2.265258
v 22.215913 -0.630217 2.301093
v 22.186365 -0.508863 2.266299
v 22.086242 -0.534838 2.276379
v 21.977409 -0.526092 2.273101
v 22.027028 -0.638599 2.302607
v 21.858072 -0.587377 2.292049
v 21.704916 -0.592092 2.293125
v 21.545512 -0.591789 2.293055
v 21.374488 -0.591789 2.293055
v 21.211546 -0.589509 2.292535
v 21.055373 -0.590754 2.292819
v 20.934396 -0.526170 2.273130
v 20.891760 -0.640314 2.302916
v 20.560000 -0.420065 2.120287
v 20.560000 -0.622276 2.079436
v 20.560000 -0.599848 1.989589
v 20.560000 -0.508371 2.168564
v 20.560000 -0.535185 1.945427
v 20.560000 -0.493217 2.035701
v 20.560000 -0.676481 2.192303
v 21.052523 -0.792574 2.259737
v 22.029064 -0.780066 2.103688
v 20.839212 -0.709042 2.003912
v 22.215405 -0.775230 2.095560
v 22.080859 -0.709036 2.003905
v 20.645114 -0.696209 1.989936
v 20.734607 -0.694206 1.987934
v 20.704779 -0.775175 2.095471
v 22.183864 -0.692463 1.986191
v 22.277600 -0.695889 1.989616
v 20.971451 -0.718430 2.014902
v 20.889239 -0.779903 2.103395
v 21.087231 -0.717260 2.013495
v 21.051174 -0.780762 2.104943
v 21.204786 -0.752531 2.060160
v 21.375189 -0.751674 2.058908
v 21.544811 -0.751674 2.058908
v 21.712440 -0.753450 2.061504
v 21.831532 -0.717461 2.013736
v 21.862627 -0.781134 2.105613
v 21.947453 -0.718915 2.015486
v 22.257765 -0.586225 1.918146
v 22.319921 -0.609396 1.930826
v 22.314755 -0.567567 1.905437
v 20.966302 -0.585235 1.917528
v 20.602783 -0.606597 1.929426
v 20.600626 -0.561818 1.900948
v 20.664313 -0.585175 1.917491
v 20.734090 -0.585151 1.917476
v 20.804085 -0.585282 1.917558
v 20.886141 -0.585458 1.917667
v 22.024506 -0.587600 1.919004
v 22.114746 -0.585476 1.917679
v 22.188665 -0.584448 1.917037
v 20.629732 -0.518482 1.845038
v 20.592022 -0.518237 1.844370
v 20.675107 -0.518321 1.844598
v 20.720664 -0.518735 1.845674
v 22.309892 -0.519108 1.846550
v 22.223021 -0.518584 1.845315
v 22.323184 -0.576863 1.685024
v 20.596817 -0.576864 1.685024
v 22.278301 -0.670734 1.672325
v 22.321876 -0.708086 1.680467
v 20.639674 -0.670095 1.672245
v 22.180346 -0.675897 1.673130
v 20.817024 -0.838746 1.689485
v 20.702468 -0.945692 1.663712
v 20.697555 -0.818405 1.691995
v 20.611520 -0.789365 1.693882
v 22.280694 -0.809088 1.692766
v 22.215913 -0.935369 1.666958
v 22.186365 -0.811746 1.692546
v 22.086242 -0.839430 1.689400
v 21.977409 -0.830163 1.690561
v 22.027028 -0.943494 1.664403
v 21.858072 -0.893233 1.678858
v 21.704916 -0.897908 1.677620
v 21.545512 -0.897608 1.677700
v 21.374488 -0.897608 1.677700
v 21.211546 -0.895347 1.678299
v 21.055373 -0.896582 1.677971
v 20.934396 -0.830245 1.690551
v 20.891760 -0.945157 1.663880
v 21.052523 -1.059910 1.554888
v 22.022756 -0.976769 1.422825
v 22.074509 -0.869842 1.368195
v 22.214470 -0.969113 1.418084
v 22.178245 -0.845580 1.359647
v 20.636396 -0.868253 1.367619
v 20.728239 -0.847819 1.360344
v 20.705829 -0.972662 1.420183
v 20.824793 -0.877200 1.371191
v 20.933448 -0.869788 1.368175
v 21.053339 -0.925173 1.393317
v 20.892232 -0.973802 1.420876
v 21.197159 -0.927493 1.394548
v 21.356604 -0.930004 1.395878
v 21.527426 -0.931402 1.396619
v 21.698086 -0.936495 1.399319
v 21.815541 -0.879195 1.372021
v 21.937173 -0.880784 1.372682
v 21.852540 -0.980260 1.425117
v 22.274595 -0.851199 1.361436
v 20.560000 -0.844621 1.463269
v 20.560000 -0.721635 1.503149
v 20.560000 -0.769992 1.400321
v 20.560000 -0.675292 1.393331
v 20.560000 -0.717350 1.608312
v 20.560000 -0.805369 1.594990
v 20.560000 -0.933876 1.541990
v 20.560000 -0.647150 1.589761
v 22.346295 -0.596737 1.272493
v 20.657510 -0.663002 1.337183
v 20.604618 -0.660409 1.336157
v 20.581748 -0.638949 1.325603
v 20.625928 -0.723722 1.348655
v 22.320060 -0.655393 1.334119
v 22.304119 -0.718517 1.348324
v 22.256471 -0.666586 1.338424
v 22.192880 -0.670944 1.339854
v 22.116732 -0.698800 1.346209
v 22.028991 -0.697183 1.345934
v 22.238063 -0.724086 1.348665
v 21.915887 -0.703749 1.346884
v 22.182578 -0.731357 1.348865
v 21.836823 -0.701830 1.346650
v 21.112390 -0.696164 1.345761
v 20.976436 -0.692733 1.345178
v 20.872064 -0.698253 1.346116
v 20.783442 -0.699489 1.346326
v 20.710521 -0.697464 1.345982
v 22.323184 1.524554 1.841938
v 20.596817 1.524554 1.841939
v 22.285109 1.589441 1.915678
v 22.193686 1.584898 1.912668
v 20.595432 1.619272 1.932129
v 22.324568 1.619270 1.932128
v 20.634891 1.589442 1.915679
v 20.726314 1.584898 1.912668
v 20.817024 1.723534 2.012260
v 20.702468 1.786493 2.102469
v 20.697555 1.709973 1.996892
v 20.611520 1.689488 1.976223
v 22.280694 1.703510 1.990137
v 22.215913 1.780919 2.093194
v 22.186365 1.705354 1.992064
v 22.086242 1.723989 2.012777
v 21.977409 1.717823 2.005762
v 22.027028 1.785307 2.100495
v 21.858072 1.757271 2.056345
v 21.704916 1.759949 2.060372
v 21.545512 1.759777 2.060114
v 21.374488 1.759777 2.060114
v 21.211546 1.758482 2.058166
v 21.055373 1.759190 2.059230
v 20.934396 1.717878 2.005825
v 20.891760 1.786204 2.101988
v 20.560000 1.577550 2.178899
v 20.560000 1.697134 2.185856
v 20.560000 1.636958 2.062553
v 20.560000 1.580055 1.993093
v 20.560000 1.399203 2.119733
v 20.560000 1.511716 2.072649
v 20.560000 1.514157 1.961533
v 20.560000 1.479246 2.176725
v 21.052523 1.799823 2.259666
v 22.029053 1.649482 2.303306
v 22.080835 1.530999 2.272278
v 22.215403 1.640169 2.301667
v 20.839236 1.531007 2.272281
v 20.645125 1.513383 2.265236
v 20.734625 1.510803 2.264074
v 20.704781 1.640065 2.301647
v 22.183844 1.508557 2.263062
v 22.277592 1.512975 2.265052
v 20.971475 1.544606 2.277159
v 20.889250 1.649150 2.303258
v 21.087257 1.542875 2.276564
v 21.051189 1.650899 2.303512
v 21.204801 1.599015 2.292995
v 21.375194 1.597537 2.292638
v 21.544806 1.597537 2.292638
v 21.712426 1.600599 2.293379
v 21.831505 1.543172 2.276666
v 21.862610 1.651658 2.303622
v 21.947429 1.545324 2.277405
v 22.191544 1.391789 2.176802
v 20.665914 1.391272 2.176481
v 20.604545 1.360225 2.160157
v 20.733265 1.391293 2.176494
v 22.317146 1.352739 2.157379
v 22.307600 1.408441 2.188756
v 22.259358 1.366851 2.163019
v 20.578457 1.333696 2.152337
v 22.115988 1.391048 2.176341
v 22.034300 1.391080 2.176361
v 22.250594 1.415439 2.194464
v 21.938699 1.391125 2.176389
v 20.608573 1.412485 2.191988
v 21.820740 1.391127 2.176390
v 21.689242 1.391140 2.176399
v 21.544652 1.391132 2.176393
v 21.379071 1.391142 2.176400
v 21.231953 1.391124 2.176389
v 21.099604 1.391127 2.176390
v 20.981301 1.391125 2.176389
v 20.885700 1.391080 2.176361
v 20.804012 1.391048 2.176341
v 22.323184 1.185965 2.261769
v 20.596817 1.185965 2.261769
v 22.278301 1.207378 2.354042
v 22.321876 1.228236 2.386080
v 20.639674 1.207077 2.353474
v 22.180346 1.209962 2.358584
v 20.817024 1.283002 2.505052
v 20.702468 1.296827 2.614186
v 20.697555 1.278135 2.485142
v 20.611520 1.269602 2.457321
v 22.280694 1.275552 2.476157
v 22.215913 1.296201 2.603384
v 22.186365 1.276289 2.478720
v 22.086242 1.283164 2.505721
v 21.977409 1.280964 2.496644
v 22.027028 1.296693 2.611887
v 21.858072 1.292387 2.559766
v 21.704916 1.292886 2.564576
v 21.545512 1.292854 2.564267
v 21.374488 1.292854 2.564267
v 21.211546 1.292613 2.561941
v 21.055373 1.292745 2.563211
v 20.934396 1.280984 2.496725
v 20.891760 1.296794 2.613627
v 20.560000 1.173948 2.466947
v 20.560000 1.171859 2.630069
v 20.560000 0.968783 2.471187
v 20.560000 1.101745 2.391701
v 20.560000 1.041601 2.560054
v 21.052523 1.235577 2.759572
v 20.839141 0.991680 2.645806
v 20.736136 0.976092 2.627218
v 20.642400 0.979080 2.631033
v 21.057373 1.083956 2.729638
v 22.185278 0.977876 2.629496
v 20.890958 1.081971 2.728198
v 20.704595 1.074688 2.722565
v 22.277600 0.979080 2.631033
v 21.948779 1.001327 2.656312
v 21.831529 1.000424 2.655355
v 21.712440 1.043505 2.696839
v 21.544811 1.041142 2.694763
v 21.375189 1.041142 2.694763
v 22.214848 1.074815 2.722667
v 21.215392 1.039297 2.693143
v 21.090397 0.998622 2.653446
v 20.972906 1.001326 2.656310
v 22.028857 1.082248 2.728399
v 22.080684 0.991815 2.645963
v 21.862627 1.083956 2.729638
v 20.663668 0.920870 2.512528
v 20.604145 0.908930 2.490004
v 20.601635 0.929992 2.534856
v 20.966302 0.920855 2.512496
v 22.307390 0.920533 2.511806
v 22.248885 0.920757 2.512287
v 22.188665 0.920463 2.511656
v 22.114746 0.920975 2.512754
v 22.024506 0.922035 2.515022
v 20.886141 0.920966 2.512734
v 20.804085 0.920879 2.512546
v 20.734090 0.920813 2.512407
v 20.629732 0.856940 2.437492
v 20.592022 0.856306 2.437168
v 20.675107 0.856522 2.437279
v 20.720664 0.857540 2.437820
v 22.309892 0.858365 2.438296
v 22.223021 0.857202 2.437627
v 22.323184 0.691055 2.476160
v 20.596817 0.691055 2.476160
v 22.278301 0.667134 2.567816
v 22.321876 0.670714 2.605877
v 20.639674 0.667131 2.567172
v 22.180346 0.667311 2.573038
v 22.024967 0.625219 2.840222
v 22.217533 0.625442 2.839730
v 20.611520 0.674234 2.688181
v 22.308481 0.674235 2.688178
v 20.697605 0.668857 2.716801
v 20.817605 0.663861 2.736897
v 20.935100 0.665945 2.728582
v 21.056322 0.645420 2.792939
v 20.702468 0.625441 2.839730
v 21.211546 0.645990 2.791511
v 21.374488 0.645123 2.793683
v 21.545512 0.645123 2.793683
v 20.895033 0.625219 2.840222
v 21.704916 0.645008 2.793972
v 21.858072 0.646800 2.789480
v 21.979977 0.666465 2.726506
v 22.101187 0.663861 2.736895
v 22.222474 0.668866 2.716755
v 20.560000 0.508726 2.807651
v 20.560000 0.449621 2.699342
v 20.560000 0.387816 2.630539
v 20.560000 0.487261 2.567152
v 20.560000 0.598521 2.556037
v 20.560000 0.590012 2.654861
v 20.560000 0.388980 2.553112
v 21.052523 0.503643 2.939999
v 22.029053 0.382324 2.841061
v 22.080835 0.340554 2.725926
v 22.215403 0.378382 2.832465
v 20.839236 0.340556 2.725934
v 20.645125 0.336343 2.707427
v 20.734625 0.335833 2.704644
v 20.704781 0.378340 2.832368
v 22.183844 0.335390 2.702221
v 22.277592 0.336262 2.706987
v 20.971475 0.344267 2.739897
v 20.889250 0.382175 2.840761
v 21.087257 0.343773 2.738134
v 21.051189 0.382960 2.842344
v 21.204801 0.362142 2.793670
v 21.375194 0.361596 2.792251
v 21.544806 0.361596 2.792251
v 21.712426 0.362726 2.795192
v 21.831505 0.343858 2.738436
v 21.862610 0.383301 2.843031
v 21.947429 0.344472 2.740627
v 20.610376 0.336776 2.526508
v 20.731148 0.338648 2.589823
v 20.667100 0.339643 2.578185
v 22.341543 0.327182 2.495414
v 22.316770 0.335679 2.521042
v 22.312891 0.339424 2.581547
v 22.254470 0.339980 2.555678
v 20.579954 0.328000 2.497291
v 22.115988 0.340007 2.556249
v 22.188109 0.340036 2.556864
v 22.034300 0.340009 2.556288
v 20.600577 0.338113 2.594610
v 21.938699 0.340012 2.556341
v 21.820740 0.340012 2.556343
v 21.689242 0.340012 2.556358
v 21.544652 0.340012 2.556348
v 21.379055 0.340012 2.556360
v 21.231945 0.340012 2.556348
v 21.099601 0.340012 2.556343
v 20.981301 0.340012 2.556341
v 20.885700 0.340009 2.556288
v 20.798654 0.340085 2.558856
v 20.724452 0.337608 2.531045
v 20.669367 0.334394 2.516026
v 20.022702 1.576081 1.111049
v 20.212614 -0.288193 0.597886
v 22.276452 0.503572 0.262807
v 20.682922 0.503585 0.262807
v 20.652579 -0.590638 1.232423
v 19.945417 -0.570835 1.119403
v 20.652671 1.597834 1.232391
v 20.083569 -0.542326 1.017279
v 22.324679 0.503596 0.262807
v 20.595293 0.503851 0.262807
v 20.566758 0.506763 0.262807
v 20.528794 0.468172 0.263228
v 20.509990 0.419182 0.265757
v 20.451120 0.338460 0.275298
v 20.449273 0.179084 0.311659
v 20.485379 0.072789 0.350481
v 20.520767 0.012597 0.377904
v 20.586400 -0.008716 0.388861
v 20.523214 0.522328 0.262808
v 20.630588 -0.008799 0.388904
v 20.468137 0.609957 0.267987
v 20.423221 0.761260 0.293112
v 20.466623 0.911333 0.340871
v 20.509831 0.991571 0.376434
v 20.586400 1.015920 0.388863
v 20.630588 1.015836 0.388820
v 22.276646 -0.008750 0.388878
v 22.314364 -0.008758 0.388883
v 22.337230 -0.008714 0.388860
v 22.276646 1.015885 0.388845
v 22.314364 1.015878 0.388841
v 22.337230 1.015922 0.388864
v 20.513968 -0.033387 0.402146
v 20.477342 -0.080274 0.430180
v 20.444571 -0.159788 0.484452
v 20.439833 -0.265425 0.575506
v 20.471573 -0.347192 0.664370
v 20.513922 -0.383439 0.710512
v 20.505844 1.042207 0.403083
v 20.586400 -0.403605 0.738798
v 20.472675 1.098393 0.437138
v 20.630588 -0.403657 0.738875
v 20.447857 1.192598 0.504763
v 20.440138 1.301084 0.604050
v 20.491912 1.358405 0.669194
v 20.514338 1.390048 0.709730
v 20.586400 1.410807 0.738802
v 20.630588 1.410754 0.738724
v 22.276647 -0.403627 0.738830
v 22.314364 -0.403632 0.738837
v 22.337230 -0.403604 0.738796
v 22.276646 1.410786 0.738770
v 22.314364 1.410781 0.738763
v 22.337230 1.410809 0.738804
v 20.518971 -0.417626 0.759371
v 20.504291 -0.448174 0.809157
v 20.445920 -0.489592 0.887029
v 20.455730 -0.548201 1.034774
v 20.494036 -0.580356 1.165616
v 20.510212 1.425606 0.760539
v 22.282738 1.597793 1.232057
v 20.455048 1.472426 0.839471
v 20.440320 1.538745 0.986099
v 20.484734 1.585246 1.152786
v 22.282478 -0.590594 1.232067
v 22.319569 -0.590791 1.233666
v 22.319670 1.597986 1.233627
v 20.507725 -0.595240 1.279067
v 20.400035 -0.593574 1.256775
v 20.266610 -0.591892 1.242595
v 20.504559 1.602227 1.276163
v 20.099837 -0.586831 1.202612
v 19.928363 -0.593813 1.260642
v 20.392267 1.599767 1.248077
v 20.250405 1.598583 1.238467
v 20.093848 1.598425 1.237185
v 19.923394 1.599572 1.246502
v 19.971035 -0.518733 0.953251
v 19.960330 -0.433673 0.784922
v 19.960276 -0.319652 0.631959
v 19.929468 -0.180686 0.501026
v 19.888100 -0.063143 0.419323
v 19.935611 1.533692 0.972427
v 19.812495 0.016743 0.375922
v 19.951115 1.475943 0.846102
v 19.657809 0.099108 0.339630
v 19.945062 1.384396 0.702426
v 19.471302 0.160346 0.317500
v 19.941065 1.267775 0.570768
v 19.320554 0.191245 0.307676
v 19.905151 1.149980 0.472272
v 19.167346 0.214589 0.301099
v 19.872801 1.067182 0.417470
v 19.817217 1.026154 0.394236
v 19.752886 0.968216 0.365277
v 19.091026 0.252310 0.291569
v 19.622694 0.904429 0.338252
v 19.471339 0.845774 0.317125
v 19.318011 0.810839 0.306225
v 19.054281 0.300045 0.281454
v 19.183136 0.759251 0.292558
v 19.050181 0.359676 0.271935
v 19.084757 0.703311 0.280738
v 19.104071 0.447537 0.264293
v 19.079916 0.595203 0.266460
v 20.340491 0.073469 0.350182
v 20.435074 -0.003481 0.386170
v 20.301572 0.886729 0.331578
v 20.408253 1.017026 0.389432
v 20.295786 -0.193669 0.511323
v 20.329010 -0.342836 0.659135
v 20.423384 -0.416551 0.757837
v 20.355360 1.121688 0.452119
v 20.265494 1.226525 0.533056
v 20.406299 1.395050 0.716410
v 20.269015 -0.522782 0.963258
v 20.349167 -0.571020 1.120194
v 20.280220 1.490714 0.873986
v 20.327931 1.568866 1.081367
v 20.209631 -0.566732 1.101861
v 20.183288 1.564853 1.067480
v 20.125918 -0.475680 0.859182
v 20.131003 -0.371457 0.694683
v 20.095714 -0.228750 0.541357
v 20.015021 -0.085854 0.433736
v 20.097638 1.517470 0.932338
v 20.103344 1.430211 0.767706
v 19.590113 0.293085 0.282830
v 20.096796 1.326498 0.631575
v 19.429484 0.327494 0.276857
v 20.077982 1.182459 0.496722
v 19.238078 0.365460 0.271277
v 19.970184 1.061728 0.414327
v 19.777528 0.824327 0.310248
v 19.606827 0.735768 0.287562
v 19.431609 0.677781 0.276526
v 19.298938 0.668823 0.275009
v 20.433882 0.483819 0.262812
v 20.296776 0.433268 0.265030
v 20.268558 0.242824 0.293890
v 20.332260 0.624866 0.269530
v 20.248464 0.729215 0.286208
v 20.323202 -0.068955 0.422966
v 20.265200 1.366329 0.678718
v 20.282339 -0.444287 0.802660
v 19.956900 0.055415 0.358083
v 19.823899 0.182037 0.310523
v 19.886076 0.957126 0.360423
v 19.196001 0.582296 0.265462
v 19.038456 0.649156 0.272151
v 20.214392 1.053749 0.409732
v 19.556460 0.510322 0.262846
v 19.358145 0.510341 0.262853
v 19.769047 0.639476 0.271043
v 20.158236 0.049686 0.360592
v 20.094483 0.888586 0.332276
v 20.170950 -0.104276 0.445475
v 19.756182 0.419217 0.265755
v 19.925522 0.760743 0.292918
v 20.159499 0.587513 0.265731
v 20.117819 0.388174 0.268926
v 20.055262 0.208463 0.303017
v 20.076605 0.707606 0.281577
v 19.946992 0.349375 0.273450
v 19.955916 0.537087 0.263128
v 19.124312 0.323229 0.277406
v 20.573705 0.462801 0.261535
v 22.323184 -0.601825 1.146251
v 20.596817 -0.601826 1.146251
v 22.278301 -0.679042 1.091383
v 22.321876 -0.715900 1.081233
v 20.639674 -0.678439 1.091608
v 22.180346 -0.683988 1.089696
v 22.024967 -0.918883 0.955595
v 22.217533 -0.918502 0.955977
v 20.611520 -0.794103 1.055340
v 22.308481 -0.794101 1.055341
v 20.697605 -0.818956 1.040163
v 20.817605 -0.835975 1.028365
v 20.935100 -0.828939 1.033262
v 21.056322 -0.881836 0.991249
v 20.702468 -0.918502 0.955977
v 21.211546 -0.880703 0.992289
v 21.374488 -0.882427 0.990708
v 21.545512 -0.882427 0.990708
v 20.895033 -0.918883 0.955595
v 21.704916 -0.882655 0.990498
v 21.858072 -0.879092 0.993767
v 21.979977 -0.827183 1.034485
v 22.101187 -0.835973 1.028366
v 22.222474 -0.818917 1.040188
v 20.560000 -0.738449 0.968568
v 20.560000 -0.850044 0.854208
v 20.560000 -0.746940 0.823246
v 20.560000 -0.553695 0.864996
v 20.560000 -0.641413 0.826672
v 20.560000 -0.621758 1.001309
v 21.052523 -0.969065 0.806538
v 20.645405 -0.694359 0.732238
v 20.705530 -0.825092 0.727599
v 20.846501 -0.712995 0.729696
v 20.741755 -0.688552 0.733265
v 22.283505 -0.712334 0.729787
v 22.213732 -0.829109 0.727804
v 22.191673 -0.690811 0.732850
v 22.095063 -0.721856 0.728797
v 21.986507 -0.713943 0.729567
v 22.027651 -0.830510 0.727890
v 21.866661 -0.774675 0.726090
v 21.722841 -0.777302 0.726101
v 21.563396 -0.780143 0.726113
v 21.392574 -0.781725 0.726119
v 21.216803 -0.782821 0.726124
v 21.098063 -0.716960 0.729235
v 21.059665 -0.836309 0.728459
v 20.981087 -0.724064 0.728600
v 20.893689 -0.834008 0.728233
v 20.673018 -0.513984 0.798485
v 20.615031 -0.528415 0.796175
v 20.735841 -0.584082 0.775976
v 20.671017 -0.573559 0.781084
v 22.318834 -0.508351 0.799042
v 22.306675 -0.574935 0.780461
v 22.246173 -0.550285 0.790248
v 22.171688 -0.545666 0.791753
v 22.077414 -0.544535 0.792122
v 20.601299 -0.586322 0.774847
v 21.947023 -0.548786 0.790736
v 21.807610 -0.549797 0.790407
v 21.004113 -0.557035 0.787876
v 20.891009 -0.550781 0.790086
v 21.083177 -0.555228 0.788561
v 20.803469 -0.554589 0.788802
v 20.726997 -0.527057 0.796476
v 22.323184 -0.373548 0.657591
v 20.596817 -0.373548 0.657590
v 20.639674 -0.415992 0.573603
v 22.277033 -0.417367 0.572065
v 22.101865 -0.526286 0.444022
v 22.217533 -0.565527 0.341945
v 22.222456 -0.516498 0.462761
v 22.308481 -0.501551 0.487739
v 20.639306 -0.511838 0.470870
v 20.704088 -0.562335 0.352282
v 20.733635 -0.513167 0.468558
v 20.833758 -0.526304 0.443988
v 20.942591 -0.521996 0.452275
v 20.892973 -0.564847 0.344145
v 21.061928 -0.548192 0.393721
v 21.215084 -0.549829 0.389170
v 21.374488 -0.549723 0.389462
v 21.545512 -0.549723 0.389462
v 21.708454 -0.548932 0.391663
v 21.862963 -0.549192 0.390939
v 21.980907 -0.523060 0.450227
v 22.027136 -0.565689 0.341419
v 20.560000 -0.318493 0.516473
v 20.560000 -0.460068 0.293894
v 20.560000 -0.349149 0.313219
v 20.560000 -0.274382 0.367689
v 20.560000 -0.413225 0.462759
v 20.560000 -0.202746 0.431072
v 21.867477 -0.540785 0.186068
v 20.643843 -0.261761 0.248984
v 20.705232 -0.376456 0.183241
v 20.846432 -0.278404 0.237084
v 20.739201 -0.259986 0.250375
v 22.283557 -0.277844 0.237483
v 22.213986 -0.380370 0.181434
v 22.191702 -0.260243 0.250173
v 22.095180 -0.285898 0.232128
v 21.986651 -0.279282 0.236459
v 22.027906 -0.381859 0.180777
v 21.866661 -0.331340 0.205229
v 21.722841 -0.333671 0.204018
v 21.563396 -0.336192 0.202708
v 21.392574 -0.337596 0.201979
v 21.216887 -0.338903 0.201300
v 21.098063 -0.281698 0.234836
v 21.059287 -0.387106 0.178647
v 20.979787 -0.288640 0.230361
v 20.894033 -0.383960 0.179924
v 20.673018 -0.134153 0.390481
v 20.615031 -0.145858 0.381729
v 20.735841 -0.185761 0.337974
v 20.671017 -0.178818 0.347388
v 22.318834 -0.129424 0.393592
v 22.306675 -0.179746 0.346196
v 22.246173 -0.162468 0.366318
v 22.171688 -0.159077 0.369797
v 22.077414 -0.158247 0.370649
v 20.601299 -0.187220 0.335933
v 21.947023 -0.161368 0.367446
v 21.807610 -0.162110 0.366685
v 21.004113 -0.167343 0.361080
v 20.891009 -0.162832 0.365944
v 21.083177 -0.166061 0.362526
v 20.803469 -0.165608 0.363037
v 20.726997 -0.144796 0.382627
v 22.323184 0.055674 0.330989
v 20.596817 0.055674 0.330989
v 22.278301 0.056965 0.236272
v 22.321876 0.044381 0.200174
v 20.639674 0.057122 0.236897
v 22.180346 0.055544 0.231244
v 20.817024 0.019679 0.071553
v 20.702468 0.032373 -0.037719
v 20.697555 0.019639 0.092049
v 20.611520 0.021266 0.121104
v 22.280694 0.019997 0.101391
v 22.215913 0.030395 -0.027080
v 22.186365 0.019895 0.098726
v 22.086242 0.019681 0.070864
v 21.977409 0.019645 0.080204
v 22.027028 0.031952 -0.035454
v 21.858072 0.023660 0.016183
v 21.704916 0.024326 0.011393
v 21.545512 0.024283 0.011700
v 21.374488 0.024283 0.011700
v 21.211546 0.023961 0.014017
v 21.055373 0.024137 0.012752
v 20.934396 0.019645 0.080121
v 20.891760 0.032271 -0.037168
v 20.560000 0.150772 -0.034035
v 20.560000 0.321181 0.206107
v 20.560000 0.239136 0.042526
v 20.560000 0.306399 0.105216
v 20.560000 0.139297 0.240307
v 20.560000 0.115889 0.139554
v 20.560000 0.226484 0.169480
v 21.867477 0.126720 -0.164243
v 20.839165 0.336217 0.004601
v 20.736156 0.346905 0.026381
v 20.642408 0.344917 0.021962
v 21.057390 0.266688 -0.098871
v 22.185260 0.345718 0.023744
v 20.890969 0.268269 -0.097002
v 20.704597 0.273992 -0.089790
v 22.277592 0.344917 0.021962
v 21.948754 0.329367 -0.007902
v 21.831502 0.330015 -0.006756
v 21.712426 0.298113 -0.057346
v 21.544806 0.299914 -0.054761
v 21.375194 0.299914 -0.054761
v 22.214847 0.273892 -0.089919
v 21.215403 0.301316 -0.052748
v 21.090423 0.331308 -0.004472
v 20.972929 0.329368 -0.007901
v 22.028846 0.268048 -0.097263
v 22.080660 0.336124 0.004417
v 21.862610 0.266688 -0.098871
v 20.610376 0.387610 0.197319
v 20.731148 0.370639 0.136293
v 20.667100 0.372458 0.147830
v 22.341543 0.404365 0.225214
v 22.316770 0.389983 0.202364
v 22.312891 0.371867 0.144514
v 22.254470 0.377517 0.169764
v 20.579954 0.403123 0.223588
v 22.115988 0.377354 0.169216
v 22.188109 0.377179 0.168626
v 22.034300 0.377344 0.169179
v 20.600577 0.370013 0.131517
v 21.938699 0.377328 0.169128
v 21.820740 0.377328 0.169126
v 21.689242 0.377323 0.169111
v 21.544652 0.377326 0.169121
v 21.379055 0.377323 0.169110
v 21.231945 0.377326 0.169122
v 21.099601 0.377328 0.169126
v 20.981301 0.377328 0.169128
v 20.885700 0.377344 0.169179
v 20.798654 0.376655 0.166704
v 20.724452 0.385716 0.193114
v 20.669367 0.392430 0.206927
v 22.323184 0.587510 0.241267
v 20.596817 0.587510 0.241267
v 22.285109 0.633448 0.154448
v 22.193686 0.632244 0.159763
v 20.595432 0.638252 0.120722
v 22.324568 0.638252 0.120724
v 20.634891 0.633449 0.154447
v 20.726314 0.632245 0.159763
v 22.024967 0.738559 -0.096460
v 22.217533 0.738225 -0.096036
v 20.611520 0.654582 0.039433
v 22.308481 0.654581 0.039436
v 20.697605 0.666652 0.012932
v 20.817605 0.676312 -0.005385
v 20.935100 0.672299 0.002190
v 21.056322 0.707630 -0.055386
v 20.702468 0.738225 -0.096036
v 21.211546 0.706734 -0.054135
v 21.374488 0.708096 -0.056037
v 21.545512 0.708096 -0.056037
v 20.895033 0.738559 -0.096460
v 21.704916 0.708277 -0.056289
v 21.858072 0.705461 -0.052358
v 21.979977 0.671297 0.004081
v 22.101187 0.676311 -0.005383
v 22.222474 0.666632 0.012974
v 20.560000 0.844630 -0.037848
v 20.560000 0.896330 0.237099
v 20.560000 0.922388 0.160540
v 20.560000 0.731030 0.092831
v 20.560000 0.690834 0.183972
v 20.560000 0.879128 0.078870
v 20.560000 0.804674 0.198539
v 21.867477 0.880564 -0.164222
v 22.029053 0.974596 -0.039146
v 22.080835 0.987599 0.082640
v 22.215403 0.976366 -0.029857
v 20.839236 0.987599 0.082631
v 20.645125 0.987261 0.101609
v 20.734625 0.987090 0.104433
v 20.704781 0.976385 -0.029753
v 22.183844 0.986940 0.106892
v 22.277592 0.987234 0.102055
v 20.971475 0.987337 0.068186
v 20.889250 0.974669 -0.038819
v 21.087257 0.987395 0.070016
v 21.051189 0.974286 -0.040544
v 21.204801 0.982851 0.011697
v 21.375194 0.983041 0.013206
v 21.544806 0.983041 0.013206
v 21.712426 0.982648 0.010080
v 21.831505 0.987385 0.069702
v 21.862610 0.974120 -0.041292
v 21.947429 0.987313 0.067428
v 20.598785 0.947985 0.320684
v 20.795894 0.950824 0.234076
v 20.724076 0.947572 0.247269
v 20.659982 0.952057 0.229915
v 22.331006 0.954647 0.337943
v 20.601068 0.961562 0.203208
v 20.606568 0.945122 0.261080
v 22.324238 0.943636 0.294963
v 22.194066 0.947749 0.319839
v 22.307692 0.950286 0.235964
v 22.135795 0.943929 0.299028
v 21.693725 0.943762 0.273169
v 21.959401 0.944049 0.270237
v 21.842200 0.944514 0.265490
v 22.248705 0.955244 0.219936
v 22.192861 0.948352 0.243830
v 22.123520 0.952533 0.228307
v 21.299636 0.945164 0.260798
v 21.134072 0.944239 0.268292
v 20.989045 0.943496 0.278231
v 22.263594 0.945894 0.312206
v 20.785032 0.944249 0.301734
v 20.727240 0.949125 0.324411
v 20.659728 0.947470 0.318837
v 22.051702 0.944270 0.267978
v 20.871337 0.943661 0.274587
v 22.323184 1.100123 0.408979
v 20.596817 1.100124 0.408979
v 22.278301 1.178807 0.356236
v 22.321876 1.201367 0.325373
v 20.639674 1.178383 0.356720
v 22.180346 1.182138 0.352210
v 22.024967 1.390820 0.180132
v 22.217533 1.390327 0.180353
v 20.611520 1.253309 0.261434
v 22.308481 1.253307 0.261435
v 20.697605 1.276313 0.243577
v 20.817605 1.293379 0.231848
v 20.935100 1.286305 0.236690
v 21.056322 1.344345 0.202128
v 20.702468 1.390328 0.180353
v 21.211546 1.342971 0.202819
v 21.374488 1.345061 0.201768
v 21.545512 1.345061 0.201768
v 20.895033 1.390820 0.180132
v 21.704916 1.345338 0.201629
v 21.858072 1.341018 0.203802
v 21.979977 1.284539 0.237899
v 22.101187 1.293377 0.231849
v 22.222474 1.276276 0.243605
v 20.560000 1.461516 0.280828
v 20.560000 1.438957 0.406662
v 20.560000 1.290149 0.350728
v 20.560000 1.427531 0.498509
v 20.560000 1.355161 0.555955
v 20.560000 1.327720 0.464813
v 20.560000 1.222418 0.427117
v 21.867477 1.548050 0.186125
v 22.029053 1.573186 0.340573
v 22.080835 1.528102 0.454452
v 22.215403 1.570436 0.349621
v 20.839236 1.528106 0.454444
v 20.645125 1.518988 0.471091
v 20.734625 1.517524 0.473512
v 20.704781 1.570404 0.349722
v 22.183844 1.516249 0.475620
v 22.277592 1.518756 0.471473
v 20.971475 1.534588 0.441532
v 20.889250 1.573098 0.340897
v 21.087257 1.533789 0.443179
v 21.051189 1.573561 0.339191
v 21.204801 1.556867 0.389429
v 21.375194 1.556334 0.390853
v 21.544806 1.556334 0.390853
v 21.712426 1.557439 0.387903
v 21.831505 1.533926 0.442897
v 21.862610 1.573761 0.338451
v 21.947429 1.534919 0.440850
v 22.341543 1.385254 0.635859
v 22.312361 1.433255 0.563226
v 20.579954 1.385886 0.633913
v 22.253330 1.415675 0.582218
v 20.600038 1.444940 0.552582
v 20.609922 1.399321 0.605147
v 20.661269 1.433758 0.562756
v 22.315410 1.395799 0.611206
v 20.804012 1.415995 0.581819
v 20.668740 1.396872 0.609340
v 20.885700 1.416019 0.581789
v 22.186028 1.415903 0.581934
v 20.981301 1.416053 0.581748
v 21.099604 1.416054 0.581746
v 21.231953 1.416052 0.581749
v 21.379071 1.416065 0.581733
v 21.544652 1.416057 0.581742
v 21.689242 1.416064 0.581734
v 21.820740 1.416054 0.581746
v 21.938699 1.416053 0.581748
v 22.034300 1.416019 0.581789
v 22.115988 1.415995 0.581819
v 20.728265 1.415137 0.582886
v 22.323184 1.476080 0.795703
v 20.596817 1.476081 0.795703
v 22.278301 1.570262 0.785569
v 22.321876 1.604581 0.768725
v 20.639674 1.569661 0.785800
v 22.180346 1.575082 0.783551
v 22.024967 1.839830 0.728164
v 22.217533 1.839291 0.728130
v 20.611520 1.680288 0.736248
v 22.308481 1.680285 0.736248
v 20.697605 1.708955 0.731127
v 20.817605 1.729516 0.728672
v 20.935100 1.721003 0.729672
v 21.056322 1.788456 0.726042
v 20.702468 1.839291 0.728130
v 21.211546 1.786919 0.726015
v 21.374488 1.789257 0.726056
v 21.545512 1.789257 0.726056
v 20.895033 1.839830 0.728164
v 21.704916 1.789568 0.726061
v 21.858072 1.784733 0.725978
v 21.979977 1.718877 0.729922
v 22.101187 1.729514 0.728672
v 22.222474 1.708909 0.731135
v 20.560000 1.612934 0.910152
v 20.560000 1.848798 0.847446
v 20.560000 1.720091 1.018975
v 20.560000 1.648644 1.046144
v 20.560000 1.763452 0.937573
v 20.560000 1.681961 0.832148
v 21.867477 1.976265 0.806538
v 22.029053 1.926746 0.954976
v 22.080835 1.833904 1.034859
v 22.215403 1.920107 0.961710
v 20.839236 1.833911 1.034855
v 20.645125 1.818101 1.045357
v 20.734625 1.815680 1.046820
v 20.704781 1.920031 0.961784
v 22.183844 1.813571 1.048095
v 22.277592 1.817719 1.045588
v 20.971475 1.845651 1.026434
v 20.889250 1.926518 0.955222
v 21.087257 1.844178 1.027521
v 21.051189 1.927720 0.953927
v 21.204801 1.889592 0.990652
v 21.375194 1.888458 0.991665
v 21.544806 1.888458 0.991665
v 21.712426 1.890807 0.989567
v 21.831505 1.844431 1.027334
v 21.862610 1.928242 0.953365
v 21.947429 1.846261 1.025984
v 22.341543 1.623114 1.129103
v 22.312361 1.699372 1.087097
v 20.579954 1.624579 1.127673
v 22.253330 1.674979 1.095743
v 20.600038 1.714664 1.083102
v 20.609922 1.649843 1.108446
v 20.661269 1.700035 1.086914
v 22.315410 1.643909 1.112174
v 20.804012 1.675448 1.095539
v 20.668740 1.645726 1.111021
v 20.885700 1.675483 1.095524
v 22.186028 1.675313 1.095598
v 20.981301 1.675532 1.095503
v 21.099604 1.675534 1.095502
v 21.231953 1.675531 1.095503
v 21.379071 1.675550 1.095495
v 21.544652 1.675539 1.095500
v 21.689242 1.675548 1.095496
v 21.820740 1.675534 1.095502
v 21.938699 1.675532 1.095503
v 22.034300 1.675483 1.095524
v 22.115988 1.675448 1.095539
v 20.728265 1.674193 1.096085
v 22.360000 0.818690 0.161336
v 22.360000 1.671334 0.947489
v 22.360000 1.321398 0.467543
v 22.360000 -0.567146 1.366390
v 22.360000 0.020845 0.420037
v 22.360000 1.222842 2.167308
v 22.360000 -0.463607 2.140243
v 22.360000 -0.555068 2.164789
v 22.360000 -0.412193 2.085487
v 22.360000 -0.688864 2.185037
v 22.360000 -0.310418 2.082848
v 22.360000 -0.514375 1.700574
v 22.360000 -0.177813 2.184124
v 22.360000 -0.131280 2.245387
v 22.360000 0.974020 2.388313
v 22.360000 1.541502 2.190655
v 22.360000 -0.144814 2.305262
v 22.360000 -0.517276 1.927428
v 22.360000 -0.481643 1.853126
v 22.360000 -0.141062 2.364047
v 22.360000 -0.178065 2.409309
v 22.360000 -0.194421 2.458500
v 22.360000 -0.183050 2.535641
v 22.360000 -0.171184 2.645273
v 22.360000 -0.059704 2.568124
v 22.360000 -0.649136 1.585774
v 22.360000 0.016414 2.505055
v 22.360000 -0.721153 1.606075
v 22.360000 0.050873 2.413932
v 22.360000 -0.809310 1.589507
v 22.360000 -0.933365 1.536941
v 22.360000 0.161744 2.392148
v 22.360000 -0.850241 1.465938
v 22.360000 -0.791398 1.415824
v 22.360000 0.295457 2.409457
v 22.360000 -0.738400 1.402693
v 22.360000 -0.685630 1.408187
v 22.360000 0.360506 2.450289
v 22.360000 -0.639820 1.364923
v 22.360000 0.374542 2.518542
v 22.360000 0.398129 2.561490
v 22.360000 -0.574331 1.301875
v 22.360000 0.382407 2.612477
v 22.360000 0.394684 2.658636
v 22.360000 0.439090 2.722456
v 22.360000 -0.545449 1.186751
v 22.360000 0.501081 2.812214
v 22.360000 0.569878 2.693975
v 22.360000 -0.582963 1.070712
v 22.360000 0.592686 2.607386
v 22.360000 -0.688168 1.027686
v 22.360000 0.576399 2.524342
v 22.360000 -0.758448 0.952754
v 22.360000 0.636440 2.454169
v 22.360000 -0.848675 0.849455
v 22.360000 0.711415 2.417455
v 22.360000 -0.742528 0.824343
v 22.360000 -0.667232 0.805201
v 22.360000 0.828434 2.389358
v 22.360000 -0.616208 0.814895
v 22.360000 -0.568025 0.849925
v 22.360000 0.901345 2.394601
v 22.360000 0.925544 2.438867
v 22.360000 0.968436 2.468002
v 22.360000 -0.422034 0.818737
v 22.360000 0.989734 2.524713
v 22.360000 -0.487345 1.780997
v 22.360000 1.041078 2.576068
v 22.360000 1.173922 2.647614
v 22.360000 -0.336290 0.680098
v 22.360000 -0.318876 0.571404
v 22.360000 1.177825 2.512777
v 22.360000 -0.391139 0.504938
v 22.360000 1.167930 2.420750
v 22.360000 -0.426326 0.417710
v 22.360000 1.135906 2.347877
v 22.360000 -0.454194 0.280074
v 22.360000 1.173616 2.185456
v 22.360000 -0.349115 0.311566
v 22.360000 -0.272408 0.327429
v 22.360000 -0.230733 0.359291
v 22.360000 1.266676 2.115215
v 22.360000 -0.200874 0.410524
v 22.360000 -0.138735 0.434889
v 22.360000 1.363653 2.097829
v 22.360000 1.429756 2.117605
v 22.360000 -0.059684 0.439698
v 22.360000 1.471152 2.164296
v 22.360000 1.492263 1.791361
v 22.360000 -0.578808 1.966836
v 22.360000 1.693202 2.189184
v 22.360000 0.099300 0.361259
v 22.360000 0.160462 0.276868
v 22.360000 1.634971 2.064219
v 22.360000 0.110903 0.190297
v 22.360000 1.580433 1.994060
v 22.360000 0.127026 0.090185
v 22.360000 1.516202 1.960540
v 22.360000 0.159705 -0.040763
v 22.360000 1.460279 1.883081
v 22.360000 0.241866 0.032480
v 22.360000 0.299098 0.084990
v 22.360000 0.318535 0.132940
v 22.360000 1.513315 1.711094
v 22.360000 0.326178 0.189506
v 22.360000 0.366886 0.230371
v 22.360000 1.566272 1.650096
v 22.360000 1.644254 1.612273
v 22.360000 0.407053 0.281714
v 22.360000 1.711833 1.629310
v 22.360000 0.458731 0.307857
v 22.360000 1.767722 1.622180
v 22.360000 0.502058 0.300640
v 22.360000 1.838492 1.586045
v 22.360000 0.544819 0.306692
v 22.360000 1.942334 1.536568
v 22.360000 0.588607 0.286766
v 22.360000 0.655435 0.278590
v 22.360000 0.706122 0.207011
v 22.360000 1.831770 1.455124
v 22.360000 0.712976 0.133052
v 22.360000 1.743386 1.420138
v 22.360000 0.759224 0.057112
v 22.360000 1.651208 1.420699
v 22.360000 0.848117 -0.043477
v 22.360000 1.587575 1.337960
v 22.360000 0.888989 0.060723
v 22.360000 0.913888 0.137433
v 22.360000 1.559437 1.169502
v 22.360000 0.911787 0.190330
v 22.360000 0.880559 0.246216
v 22.360000 0.891538 0.336122
v 22.360000 1.604891 1.090670
v 22.360000 1.646440 1.041200
v 22.360000 1.028373 0.437920
v 22.360000 1.702835 1.031144
v 22.360000 1.749484 1.007401
v 22.360000 1.794902 0.942796
v 22.360000 1.857662 0.854167
v 22.360000 1.198291 0.433935
v 22.360000 1.250401 0.373107
v 22.360000 1.331558 0.328061
v 22.360000 1.722935 0.835837
v 22.360000 1.465166 0.283416
v 22.360000 1.623537 0.829171
v 22.360000 1.516971 0.865343
v 22.360000 1.426732 0.823752
v 22.360000 1.438471 0.405221
v 22.360000 -0.632007 2.044671
v 22.360000 1.430263 0.489990
v 22.360000 1.389292 0.546194
v 22.360000 1.350199 0.696408
v 22.360000 0.304609 0.282099
v 22.360000 1.204853 0.528526
v 22.360000 -0.199581 0.515872
v 22.360000 1.553579 1.000362
v 22.360000 -0.526711 0.949085
v 22.360000 1.588194 1.541915
v 22.360000 -0.558695 1.601474
v 22.360000 -0.424847 1.947153
v 22.360000 1.047701 2.321058
v 22.360000 -0.054450 2.319671
v 22.360000 0.536763 2.428964
v 22.360000 0.453955 2.420690
v 22.360000 -0.503483 0.847146
v 22.360000 1.147898 2.250197
v 22.360000 1.570578 1.252958
v 22.360000 1.100975 0.449678
v 22.360000 1.332193 0.599103
v 22.360000 0.782094 0.278723
v 22.360000 -0.612877 1.468933
v 22.360000 1.429988 2.007984
v 22.360000 -0.513328 2.039517
v 22.360000 -0.092620 2.448483
v 22.360000 -0.730454 1.497114
v 22.360000 0.456217 2.500647
v 22.360000 0.477277 2.610908
v 22.360000 -0.646958 0.905042
v 22.360000 1.061826 2.455268
v 22.360000 -0.299576 0.426990
v 22.360000 1.514515 2.078454
v 22.360000 0.231749 0.159149
v 22.360000 1.723649 1.532932
v 22.410000 0.634174 2.223238
v 22.410000 0.502738 2.279956
v 22.410000 0.499265 2.119725
v 22.410000 0.508017 0.609886
v 22.410000 0.647726 2.047227
v 22.410000 0.349635 2.046730
v 22.410000 0.167408 1.983088
v 22.410000 0.839214 1.982452
v 22.410000 0.018396 1.852442
v 22.410000 0.988157 1.844450
v 22.410000 -0.111937 1.703411
v 22.410000 1.123107 1.691122
v 22.410000 -0.190948 1.482714
v 22.410000 1.198474 1.480482
v 22.410000 -0.190952 1.246912
v 22.410000 1.198897 1.252100
v 22.410000 -0.112020 1.026432
v 22.410000 1.120215 1.050825
v 22.410000 0.017380 0.876833
v 22.410000 0.989412 0.882075
v 22.410000 0.166817 0.744863
v 22.410000 0.840528 0.746150
v 22.410000 0.361418 0.682295
v 22.410000 0.656882 0.679453
v 22.410000 0.504423 0.450049
v 22.410000 0.373157 0.506691
v 22.410000 0.636834 0.499480
v 22.410000 0.224311 0.566358
v 22.410000 0.785228 0.568402
v 22.410000 0.081618 0.602009
v 22.410000 0.927591 0.604915
v 22.410000 -0.022986 0.712089
v 22.410000 1.030650 0.715031
v 22.410000 -0.142928 0.825320
v 22.410000 1.140294 0.847905
v 22.410000 -0.252243 0.929560
v 22.410000 1.258242 0.942086
v 22.410000 -0.288718 1.076371
v 22.410000 1.296450 1.083999
v 22.410000 -0.354647 1.213075
v 22.410000 1.361690 1.216915
v 22.410000 -0.341259 1.364422
v 22.410000 1.348754 1.365344
v 22.410000 -0.354437 1.515085
v 22.410000 1.361203 1.513162
v 22.410000 -0.290026 1.651564
v 22.410000 1.296998 1.647223
v 22.410000 -0.251129 1.799013
v 22.410000 1.265452 1.792591
v 22.410000 -0.139502 1.906666
v 22.410000 1.150638 1.890614
v 22.410000 -0.016233 2.012996
v 22.410000 1.028071 2.009002
v 22.410000 0.079674 2.123684
v 22.410000 0.929205 2.123912
v 22.410000 0.221972 2.161598
v 22.410000 0.784111 2.162245
v 22.410000 0.370366 2.230520
v 22.859536 1.040312 1.484806
v 22.849804 1.005133 1.139565
v 22.862674 0.977176 1.644492
v 22.849750 0.866322 1.778438
v 23.030129 0.640692 0.832365
v 22.860841 0.652015 0.835517
v 23.171114 0.599050 0.823485
v 22.681203 0.652280 0.835609
v 22.531798 0.624303 0.828560
v 23.134766 0.757784 0.877329
v 23.157490 0.905424 0.989498
v 22.572158 0.894779 0.978582
v 23.196615 0.957935 1.055135
v 22.549348 0.993506 1.115373
v 23.216754 0.988613 1.105679
v 22.557866 1.046677 1.278977
v 22.559620 1.046680 1.451006
v 23.171735 1.022563 1.182864
v 22.551262 0.993514 1.614611
v 23.141482 1.050382 1.306092
v 22.554882 0.874783 1.770659
v 23.135963 1.044447 1.464876
v 22.543469 0.687027 1.883357
v 23.170395 1.016087 1.564313
v 23.189471 0.975858 1.646816
v 22.690593 0.644676 1.896559
v 23.145095 0.890201 1.756180
v 22.853005 0.686352 1.883645
v 23.139690 0.751064 1.856145
v 23.027715 0.648126 1.895584
v 23.171086 0.599055 1.906514
v 22.555815 0.768908 0.883316
v 22.974024 0.803945 0.904302
v 22.753269 0.822501 0.916904
v 23.110070 0.979738 1.089990
v 22.729348 0.950459 1.044602
v 22.706288 1.029149 1.203201
v 22.708975 1.053481 1.372489
v 22.709407 1.024270 1.541996
v 23.006476 1.026891 1.196050
v 22.702365 0.935336 1.705511
v 22.992932 1.052625 1.396921
v 22.696973 0.796358 1.830586
v 23.037948 1.002580 1.596220
v 22.985876 0.808478 1.822698
v 22.941789 0.930518 1.018362
v 23.020691 0.932181 1.709558
v 22.854282 1.048712 1.291959
v 22.859536 -0.033112 1.245194
v 22.849804 0.002067 1.590435
v 22.862674 0.030024 1.085508
v 22.849750 0.140878 0.951562
v 23.030129 0.366508 1.897635
v 22.860841 0.355185 1.894483
v 23.171114 0.408150 1.906515
v 22.681203 0.354920 1.894391
v 22.531798 0.382897 1.901440
v 23.134766 0.249416 1.852671
v 23.157490 0.101776 1.740502
v 22.572158 0.112421 1.751418
v 23.196615 0.049265 1.674865
v 22.549348 0.013694 1.614627
v 23.216754 0.018587 1.624321
v 22.557866 -0.039477 1.451023
v 22.559620 -0.039480 1.278994
v 23.171735 -0.015363 1.547136
v 22.551262 0.013686 1.115389
v 23.141482 -0.043182 1.423908
v 22.554882 0.132417 0.959341
v 23.135963 -0.037247 1.265124
v 22.543469 0.320173 0.846643
v 23.170395 -0.008887 1.165687
v 23.189471 0.031342 1.083184
v 22.690593 0.362524 0.833441
v 23.145095 0.116999 0.973820
v 22.853005 0.320848 0.846355
v 23.139690 0.256136 0.873855
v 23.027715 0.359074 0.834416
v 23.171086 0.408145 0.823486
v 22.555815 0.238292 1.846684
v 22.974024 0.203255 1.825698
v 22.753269 0.184699 1.813096
v 23.110070 0.027462 1.640010
v 22.729348 0.056741 1.685398
v 22.706288 -0.021949 1.526799
v 22.708975 -0.046281 1.357511
v 22.709407 -0.017070 1.188004
v 23.006476 -0.019691 1.533950
v 22.702365 0.071864 1.024489
v 22.992932 -0.045425 1.333079
v 22.696973 0.210842 0.899414
v 23.037948 0.004620 1.133780
v 22.985876 0.198722 0.907302
v 22.941789 0.076682 1.711638
v 23.020691 0.075019 1.020442
v 22.854282 -0.041512 1.438041
v 23.295398 0.950425 1.109846
v 23.297011 0.955520 1.607817
v 23.295398 0.056775 1.620154
v 23.297011 0.051680 1.122183
v 23.360000 0.506752 1.173207
v 23.360000 0.362044 1.488124
v 23.360000 0.434620 1.130953
v 23.360000 0.319878 1.353666
v 23.360000 0.551891 1.062052
v 23.360000 0.437817 1.027290
v 23.360000 0.342611 1.089946
v 23.360000 0.712132 1.111326
v 23.360000 0.293543 1.224084
v 23.360000 0.793843 1.192362
v 23.360000 0.186243 1.314032
v 23.360000 0.812797 1.351483
v 23.360000 0.204546 1.437283
v 23.360000 0.237121 1.555632
v 23.360000 0.748567 1.521594
v 23.360000 0.333253 1.635586
v 23.360000 0.666838 1.629431
v 23.360000 0.451574 1.694627
v 23.360000 0.571169 1.693021
v 23.360000 0.607155 1.171824
v 23.360000 0.601535 1.247641
v 23.360000 0.533540 1.236164
v 23.360000 0.435252 1.591847
v 23.335000 0.702234 1.191328
v 23.335081 0.650888 1.270130
v 23.334919 0.668162 1.217206
v 23.334412 0.604117 1.296008
v 23.335588 0.509934 1.296008
v 23.335081 0.445888 1.217206
v 23.334919 0.463162 1.270130
v 23.335000 0.411817 1.191328
v 23.335000 0.557025 1.601328
v 23.310000 0.604031 1.341471
v 23.335048 0.550806 1.354203
v 23.334952 0.585967 1.402665
v 23.335000 0.507025 1.330902
v 23.335000 0.499224 1.389339
v 23.335000 0.533123 1.493200
v 23.360000 0.532421 1.370883
# 5392 vertices

f 387 386 3581
f 1809 4269 1808
f 3907 3906 3910
f 4527 4482 4472
f 289 4867 2966
f 1568 1569 4118
f 289 2966 4873
f 2460 2736 2461
f 4121 1567 1568
f 811 791 810
f 4118 1569 4119
f 3813 621 620
f 621 3697 620
f 1568 1567 4128
f 156 5051 1663
f 156 1663 4173
f 1213 1194 1212
f 613 48 607
f 607 48 3816
f 453 452 3457
f 1543 1542 1559
f 2840 2839 2418
f 1702 158 4190
f 1702 5110 158
f 3949 1242 3951
f 4992 3123 4995
f 1412 5029 5032
f 2359 2360 2085
f 1119 1788 1120
f 2933 2930 4847
f 2484 2483 2649
f 3692 3693 3694
f 4190 158 1700
f 5212 5214 3225
f 3750 3751 675
f 3352 365 3354
f 2755 2444 2443
f 3225 3226 5212
f 992 991 1430
f 4055 4057 4056
f 2444 2755 2756
f 1502 1501 4100
f 3749 3750 676
f 3750 675 676
f 2293 2292 3130
f 741 1020 742
f 3693 3692 626
f 4186 1669 1670
f 1520 4105 4104
f 2988 2987 4909
f 1452 1436 4049
f 2973 2987 2988
f 1524 1503 1523
f 4070 4071 1481
f 5017 5104 3162
f 3551 3549 3550
f 4454 4468 207
f 1651 1650 1676
f 421 422 3353
f 874 875 3743
f 206 4433 205
f 936 1547 937
f 1559 4138 4137
f 3982 3981 3980
f 4507 470 469
f 470 3458 469
f 1916 1899 1915
f 932 1542 1543
f 2249 2512 2513
f 1363 125 1379
f 4361 4360 4362
f 4780 2833 2834
f 4877 2972 4879
f 4345 1916 1915
f 1430 1429 993
f 761 762 745
f 250 245 2598
f 250 5067 245
f 4572 4573 4569
f 3266 5316 3265
f 688 725 3736
f 3386 421 3353
f 4150 4149 1601
f 4406 1982 1983
f 2122 2123 2110
f 4570 4548 4563
f 1962 4404 1963
f 1605 4154 1604
f 2560 4588 4589
f 4185 1670 1671
f 1931 4364 1932
f 2058 2376 2059
f 4075 1466 4072
f 1393 4026 4028
f 4070 4075 4072
f 2763 4712 2762
f 4159 1595 4143
f 5212 3226 5210
f 2957 4877 4879
f 17 3603 563
f 1369 1385 1370
f 1962 1963 4374
f 1915 1899 1898
f 3569 573 3570
f 3262 5323 5325
f 1984 4404 4405
f 4043 4034 1407
f 791 1065 792
f 571 3796 3794
f 2036 2012 2035
f 5290 5269 5291
f 4789 279 2865
f 5133 2865 279
f 5272 5294 5292
f 4569 4548 4570
f 4716 4717 2777
f 4799 4804 2885
f 3143 5071 62
f 4496 493 4498
f 2036 2011 2012
f 321 3288 335
f 2526 2527 2269
f 4573 4568 4569
f 2873 2874 2857
f 3162 3180 3181
f 5225 3181 3180
f 2167 2150 2151
f 2356 2357 2082
f 243 4585 2572
f 243 2572 5065
f 3852 3800 3854
f 5292 5294 5256
f 2356 2082 2081
f 4877 2956 4876
f 4068 4051 4052
f 4374 1963 4376
f 1379 1380 1363
f 1974 1975 4373
f 5386 331 3302
f 2725 4692 2687
f 873 70 5101
f 4433 2069 205
f 2312 2313 2128
f 5270 5272 5292
f 3443 3444 422
f 4581 2568 2569
f 4787 2862 2861
f 1380 1379 4008
f 1983 1984 4405
f 1386 1385 4012
f 3980 121 1363
f 2166 2460 2167
f 1125 1784 1783
f 4126 1569 1568
f 4128 4126 1568
f 1671 4184 4185
f 4747 2806 4753
f 3881 3705 3878
f 1311 2208 2209
f 1001 718 1000
f 930 1541 1542
f 971 1436 972
f 607 3688 613
f 3473 478 3472
f 121 3993 125
f 121 125 1363
f 2126 2127 2106
f 2861 2862 2404
f 2754 2771 2755
f 5256 5294 5257
f 2081 2082 2058
f 1713 1714 1697
f 3603 39 563
f 4251 4243 1764
f 5342 5322 5344
f 3422 3406 3402
f 3402 3367 3365
f 1545 1561 1562
f 900 1167 901
f 2567 2568 2551
f 4176 4175 4179
f 3993 121 1361
f 3980 1361 121
f 986 705 704
f 1650 1649 1677
f 2533 2532 2551
f 1363 1380 1364
f 3224 5322 3225
f 1302 1280 1301
f 4589 4588 4594
f 910 911 878
f 2613 2612 4634
f 4132 1564 4133
f 1634 2273 2274
f 400 3384 17
f 3473 477 478
f 478 477 3475
f 4757 2802 4759
f 4723 4724 2787
f 2372 2371 4862
f 2875 2874 4805
f 2371 4848 4862
f 4132 1565 1564
f 873 894 70
f 743 742 1021
f 4197 1718 161
f 4215 161 1718
f 4198 4199 1718
f 4215 1718 4216
f 5214 3224 3225
f 2018 2030 2017
f 4406 4405 1961
f 3243 5273 5275
f 849 844 3727
f 1044 1043 1987
f 909 1176 910
f 2877 2876 4807
f 1186 1187 3913
f 2106 2107 2126
f 1263 1262 3965
f 4957 4953 3074
f 2561 2562 2545
f 423 11 3348
f 2105 2333 2106
f 4447 206 4432
f 5322 3224 5324
f 5292 5256 5254
f 1395 4003 1394
f 2238 2237 2501
f 4100 1523 1502
f 3825 3821 3720
f 723 689 690
f 3409 3377 3375
f 3369 3367 3402
f 3766 3839 3838
f 2841 4772 4773
f 2822 2821 4768
f 2181 2180 307
f 4317 1837 4316
f 1307 1306 2204
f 910 1176 1177
f 1541 929 1540
f 4716 2763 2762
f 3459 452 20
f 2312 2128 2127
f 2820 2819 4772
f 4130 4132 4131
f 3914 1186 3913
f 1211 3915 1210
f 3204 3150 3149
f 3930 3929 1212
f 3689 3688 578
f 2860 2876 2877
f 4454 4523 4468
f 207 4468 209
f 4872 2952 290
f 3758 918 919
f 4872 290 2967
f 2967 290 4890
f 2876 2875 4806
f 3757 918 3758
f 3913 3912 1219
f 2373 4850 4851
f 3862 3708 3838
f 3944 1248 1247
f 4950 4953 4957
f 910 1177 911
f 4292 1806 169
f 1806 4269 169
f 1255 3952 1254
f 2059 2377 2060
f 2965 4869 2964
f 34 3503 525
f 3545 38 562
f 562 38 3764
f 2333 2332 3029
f 1155 1697 1698
f 5110 5184 5112
f 1897 4337 1913
f 4267 4268 1807
f 476 477 3467
f 3467 477 3473
f 1253 1323 1254
f 1945 1946 1930
f 1235 1236 3926
f 1235 1246 1236
f 3229 5206 3228
f 1210 3931 1211
f 1300 1281 1282
f 116 3963 1326
f 2569 2568 4599
f 3411 3383 3381
f 3783 34 3818
f 2501 2636 2635
f 2112 2121 2111
f 637 930 931
f 2076 2063 2075
f 4507 469 4506
f 687 688 3736
f 3486 3474 3477
f 2108 2125 2107
f 725 688 724
f 411 3603 17
f 1306 2203 2204
f 2833 4780 4781
f 17 3384 411
f 1647 1634 1635
f 1521 1520 962
f 2251 2250 2514
f 3454 12 424
f 4187 1669 4186
f 3193 3192 5249
f 3193 3174 3192
f 1343 1029 1342
f 1281 1321 1282
f 4615 2611 2612
f 2567 4597 4598
f 3360 3358 3397
f 2513 2250 2249
f 4322 1889 4321
f 1804 1803 4270
f 1890 4321 1889
f 1387 1371 4001
f 650 651 3769
f 4413 1622 1621
f 3459 20 469
f 20 4506 469
f 3385 394 395
f 3546 3547 561
f 4605 4603 4604
f 1931 1932 4346
f 1306 1305 2203
f 2091 2092 4453
f 3603 574 39
f 4404 4403 1963
f 1215 3928 3927
f 4748 2819 2820
f 4403 4404 1985
f 3416 3402 3365
f 3831 3832 3875
f 723 724 689
f 5288 5293 5271
f 4322 1888 1889
f 1079 4332 1889
f 4319 1872 1873
f 1872 5076 1873
f 844 845 3727
f 1715 4191 1698
f 2060 2061 2078
f 573 572 3570
f 3348 11 424
f 677 678 3789
f 1246 3948 1247
f 909 910 879
f 3358 3360 9
f 2922 2921 2376
f 4897 4903 4898
f 12 3346 3348
f 3839 3862 3838
f 3864 3893 3706
f 4018 4007 4002
f 170 4289 1823
f 170 1823 4274
f 396 3383 395
f 1809 1808 4273
f 199 2495 2232
f 1601 1602 4150
f 4405 1962 1961
f 3918 3917 1206
f 479 3471 3472
f 1558 1559 1542
f 417 418 3363
f 3611 3600 3598
f 684 683 4478
f 561 3540 3539
f 3990 3992 3991
f 4078 1500 1501
f 1915 1898 1914
f 4770 2821 2820
f 4747 2805 2806
f 2805 5113 2806
f 1787 4249 4243
f 1818 1817 4281
f 53 80 673
f 2078 2079 2060
f 3915 3909 1210
f 1303 1302 2200
f 73 5044 3176
f 2209 113 1311
f 1262 3941 3942
f 4430 2046 2047
f 724 688 689
f 2294 2293 3129
f 700 714 699
f 4747 2825 2805
f 3831 3740 3832
f 1731 4214 4221
f 5138 116 5136
f 3728 848 3727
f 1278 1303 1304
f 1731 4221 163
f 1731 163 1749
f 4496 27 493
f 27 3482 493
f 4435 2160 2161
f 2026 2027 4412
f 2970 4878 2969
f 3807 802 803
f 2636 2637 4634
f 4156 4157 4158
f 1702 5108 5110
f 4571 4564 4550
f 3244 5273 3243
f 4903 4897 3012
f 775 776 3716
f 3724 866 867
f 1655 1656 1626
f 2922 4833 2921
f 2746 4709 265
f 1699 4191 1700
f 3923 1219 1218
f 993 994 711
f 5072 251 2621
f 2616 2621 251
f 384 3585 3583
f 3193 3175 3174
f 4715 4716 2777
f 5011 5010 3137
f 4977 3116 3117
f 2299 3125 3124
f 3670 3671 3681
f 3116 5001 3117
f 3600 408 3598
f 3508 3509 3517
f 2293 2294 2202
f 867 65 3724
f 4802 2873 2872
f 2500 2636 2501
f 3204 3149 3203
f 3204 3203 5240
f 762 1041 763
f 1325 1288 1287
f 1787 1121 1120
f 5023 5172 3172
f 2020 4412 2027
f 1720 161 165
f 4215 165 161
f 4678 2718 4676
f 3275 3244 3243
f 1870 4319 1871
f 4980 3089 4976
f 2202 1304 2201
f 45 3636 604
f 4541 4501 4499
f 2967 4888 291
f 2967 291 4878
f 4249 4247 4248
f 1762 4242 1761
f 1393 1392 4026
f 5305 5342 5344
f 5273 5295 5275
f 3100 5150 5151
f 3712 628 32
f 32 628 518
f 730 3731 3732
f 1562 1561 4135
f 3928 3919 1232
f 1236 1246 1247
f 3335 3333 435
f 4204 1714 1713
f 2756 2773 2757
f 697 716 717
f 930 929 1541
f 3680 3681 3685
f 2344 2116 2343
f 762 763 744
f 1540 929 928
f 3824 3730 3717
f 1867 4322 1868
f 3029 2332 3030
f 3670 3681 3680
f 827 3725 826
f 4806 2875 4805
f 2773 2774 2757
f 3117 5001 4993
f 5303 5337 5338
f 2201 2293 2202
f 3023 3022 2339
f 3931 3930 1211
f 907 1174 908
f 3893 3864 3818
f 407 3596 3598
f 3596 3645 3598
f 4482 919 4479
f 742 765 741
f 1624 1623 2263
f 3979 1361 3980
f 2814 4755 2813
f 2977 4884 2976
f 4015 4019 4020
f 3717 775 3716
f 3481 3477 3480
f 273 4767 2790
f 273 2790 1999
f 2985 2970 2969
f 1256 3949 3951
f 2484 2650 2485
f 787 815 786
f 5078 1873 5076
f 3145 5178 5173
f 810 1085 811
f 1048 1982 1049
f 4052 1469 4068
f 1006 1007 724
f 4592 4591 2577
f 1678 1648 1679
f 408 409 3378
f 3932 3931 1210
f 3438 3394 3418
f 3418 3394 3393
f 4123 4122 4124
f 1876 4329 4330
f 1325 1287 1286
f 4958 3064 4956
f 2101 2329 2102
f 4185 4186 1670
f 161 1720 4197
f 1731 1749 4227
f 4407 4386 4387
f 3917 3918 3916
f 912 913 876
f 880 909 879
f 3193 5249 5251
f 3472 3471 467
f 4867 2951 4866
f 2774 4713 2757
f 3068 4944 3051
f 4978 3099 3100
f 3099 5150 3100
f 4948 3072 302
f 302 3072 5155
f 3919 1214 1213
f 4037 4038 1401
f 4134 4133 1563
f 5339 5338 5317
f 3225 5322 5320
f 5097 5184 5098
f 4279 4278 1819
f 4538 4498 4540
f 472 4509 4511
f 2267 2266 2524
f 5317 5318 5339
f 5066 182 5064
f 5053 5052 5188
f 3579 3679 3576
f 33 604 3631
f 4892 4893 2093
f 1876 1875 4329
f 3714 777 778
f 1093 4329 1094
f 3679 3579 3677
f 1735 1749 163
f 1735 163 4221
f 4330 4329 1093
f 2835 2422 2836
f 1979 1980 4385
f 3832 3885 3875
f 863 830 862
f 2050 4439 2049
f 2193 2192 2284
f 3206 5236 5234
f 6 3382 399
f 5086 5088 1807
f 2129 2128 2313
f 3725 3724 826
f 2107 2125 2126
f 1603 1604 4153
f 593 3600 3611
f 426 3344 425
f 15 431 3334
f 782 783 819
f 877 912 876
f 1931 1946 4364
f 5338 5337 5315
f 5209 5240 5242
f 2192 1294 2191
f 2287 2288 2196
f 4773 2819 2818
f 4972 4977 4978
f 2750 2439 2438
f 2576 4591 4589
f 3448 445 446
f 445 4495 446
f 2437 2436 2749
f 2798 2784 2783
f 5337 5313 5315
f 4598 4597 4582
f 431 15 3610
f 299 3040 4940
f 1200 3906 1199
f 1294 1293 2191
f 3021 3022 4938
f 3669 3646 3647
f 2885 2884 2900
f 615 610 614
f 5335 5307 5309
f 3230 5202 5204
f 117 1344 3973
f 117 3996 1344
f 3067 3068 3051
f 2197 2288 2289
f 4717 4716 2762
f 1305 1304 2202
f 291 2969 4878
f 4621 4620 2592
f 1085 1086 811
f 3646 3605 3647
f 2126 2125 2310
f 4965 3085 306
f 3085 4994 306
f 2430 2429 2829
f 4305 4314 1847
f 5064 5062 5189
f 4887 4886 4871
f 3154 3208 3209
f 3209 3208 5230
f 681 30 4481
f 15 3334 430
f 26 3488 501
f 3617 498 3619
f 3597 376 3599
f 4053 1466 4052
f 3667 3679 3677
f 4509 4557 4511
f 3391 3333 3335
f 2604 4624 4609
f 5295 5297 5275
f 4557 4561 4540
f 3679 3591 3576
f 572 3571 3570
f 3591 3674 3576
f 4778 4777 2814
f 1015 736 1014
f 1000 718 717
f 2236 2499 2500
f 3024 4928 4926
f 3226 3225 5320
f 510 511 3494
f 4434 4433 2070
f 3647 3605 3606
f 699 714 715
f 1883 1884 1863
f 5035 5034 5186
f 4080 1509 1510
f 3977 3975 3976
f 1503 1502 1523
f 1956 4373 1955
f 1956 1955 5057
f 1405 4010 1404
f 1342 1029 1028
f 1267 113 4479
f 4980 4976 4973
f 783 1057 784
f 913 3743 876
f 4427 193 4419
f 4292 4289 1806
f 3024 2337 3025
f 1880 1860 1859
f 2294 3129 3128
f 2199 1302 1301
f 2601 4629 4628
f 1132 1776 1133
f 5178 5088 5173
f 4499 447 4497
f 4132 1580 4131
f 645 659 644
f 4142 4141 4157
f 730 3996 117
f 801 802 3711
f 5126 5124 5195
f 5178 1791 172
f 172 1791 4265
f 1032 754 59
f 4021 1387 1386
f 4001 1386 1387
f 190 1954 4367
f 210 113 2209
f 2781 4731 2780
f 2434 2433 2747
f 3674 3682 3576
f 1439 1455 1456
f 2884 4804 4800
f 919 69 4479
f 3024 4926 3023
f 3733 3829 3830
f 844 850 843
f 5380 3296 5381
f 69 1267 4479
f 4544 4543 4560
f 4804 2884 2885
f 1507 4093 1506
f 1460 4061 1461
f 4391 1996 4389
f 5057 5059 1956
f 5322 5342 5320
f 777 3714 3715
f 2880 4789 4786
f 3666 3667 3642
f 3856 3870 3815
f 5300 5257 5298
f 5264 5299 5288
f 2330 3031 2331
f 1521 4105 1520
f 5291 5269 5270
f 3904 104 1182
f 5119 1182 104
f 1156 1155 1698
f 3725 828 865
f 4604 4602 4600
f 3426 3408 3411
f 3409 3426 3411
f 3234 3235 5261
f 2482 2483 2220
f 1731 1732 4214
f 1731 4227 1732
f 1792 1793 1099
f 2177 2470 2471
f 2350 2349 2938
f 1290 1291 1292
f 1330 117 3973
f 3296 331 5386
f 3275 3243 3274
f 2295 2294 3128
f 2384 2385 2067
f 776 777 3715
f 4100 4106 1522
f 2068 4434 2067
f 2937 2349 2348
f 1437 1436 1453
f 526 3513 3514
f 1279 1278 1318
f 1635 1634 2274
f 5245 5206 5204
f 4642 4629 4626
f 3721 3825 3720
f 5011 5001 3116
f 4284 4285 1829
f 1797 1796 1813
f 4453 4523 4454
f 4592 2577 2578
f 2773 2756 2772
f 3574 592 593
f 433 3607 434
f 4433 4434 2069
f 2900 4828 2901
f 2885 2900 2901
f 2276 2275 2533
f 5136 3150 5138
f 4436 2160 4435
f 4927 4919 3013
f 2482 2220 2219
f 1454 1438 1437
f 4431 4432 2045
f 3859 3836 3885
f 1519 1520 4104
f 1489 1475 1474
f 4158 4141 1591
f 4304 4303 4314
f 1844 4309 4307
f 3303 330 329
f 818 819 783
f 1235 1234 1245
f 3154 3209 3155
f 1324 1286 1285
f 1832 1846 1847
f 1909 4335 182
f 1115 1114 1804
f 1846 4305 1847
f 4304 4314 4305
f 1482 4075 4070
f 4044 1394 4028
f 3674 3660 3682
f 4888 4889 2983
f 2444 2756 2445
f 286 2910 2930
f 286 5140 2910
f 4774 2839 2840
f 849 1121 850
f 3999 3997 3998
f 2048 4427 4429
f 2000 4422 1999
f 736 1015 737
f 792 810 791
f 5194 5113 5114
f 2355 2356 2081
f 4062 1460 1459
f 63 3724 65
f 4282 4281 1817
f 1442 978 1441
f 280 2866 4788
f 4924 3022 3023
f 3682 3660 3675
f 3471 430 468
f 1591 1581 1580
f 5021 5172 5023
f 5185 5172 5021
f 2150 2168 2149
f 1266 109 3939
f 1266 5132 109
f 3951 1241 3952
f 3545 560 38
f 137 4075 1482
f 137 1482 4083
f 2651 2650 2667
f 2561 2560 4589
f 4660 2667 2666
f 3186 5237 3187
f 3186 3187 3169
f 1113 1803 1804
f 5298 5283 5282
f 5273 5293 5295
f 5258 5260 3232
f 5264 5286 5299
f 5016 5183 5051
f 2361 2362 2087
f 2100 2328 2101
f 430 3471 15
f 2347 2073 2072
f 3690 3689 577
f 2511 2248 2247
f 4149 4151 4148
f 1306 1275 1276
f 1860 1880 1881
f 723 722 1005
f 724 723 1006
f 789 1062 1063
f 5153 5152 2951
f 2947 2963 2964
f 3061 4952 4954
f 2964 4886 4887
f 4591 2576 2577
f 668 634 635
f 4081 4083 1482
f 1059 1060 786
f 4203 4204 4205
f 5193 5098 5184
f 4306 4307 1862
f 5384 333 334
f 895 1161 1162
f 3728 846 3729
f 5057 5060 5059
f 184 4336 1926
f 2154 2153 2446
f 1998 230 273
f 230 2430 273
f 4581 4578 2552
f 2047 4816 4814
f 5320 5342 5340
f 1937 4339 4353
f 1990 1991 4398
f 4374 4368 1962
f 4850 2372 4862
f 4890 4889 4888
f 3988 1369 3989
f 4284 4283 1815
f 2115 2114 2342
f 927 1540 928
f 1179 1186 1185
f 2272 2273 1633
f 4157 4141 4158
f 4006 1407 1408
f 4268 4267 1822
f 1043 1042 1988
f 1647 1680 1679
f 1807 171 5086
f 1807 4268 171
f 4400 1967 1966
f 1966 4401 4400
f 2749 2436 2748
f 4788 2866 4790
f 4790 2866 2867
f 2069 4434 2068
f 2375 2058 2057
f 2564 2565 2548
f 2067 4434 2072
f 4919 3014 3013
f 4844 4843 2896
f 4431 2045 2046
f 4286 4285 1813
f 1759 1758 4258
f 4162 1615 4160
f 3594 3596 406
f 946 4114 947
f 3684 3579 3576
f 845 1115 1116
f 1199 1164 1200
f 615 614 3695
f 5112 1686 158
f 158 1686 4188
f 4353 1936 1937
f 4924 3001 3000
f 4869 2947 2964
f 1556 1557 1540
f 4522 4451 4521
f 1596 4145 1615
f 4452 4451 4522
f 499 498 3617
f 3650 3615 3617
f 377 376 3597
f 2429 2023 2022
f 2118 2117 2302
f 1437 1453 1454
f 4105 1500 1499
f 1482 1481 4081
f 1482 4070 1481
f 4429 4430 2047
f 1973 1974 4373
f 2665 2649 2648
f 2832 4781 4782
f 827 828 3725
f 2435 2434 2747
f 649 942 943
f 2192 2193 1295
f 3685 3682 3680
f 4794 280 2881
f 280 4813 2881
f 3435 3437 3428
f 469 3458 3459
f 1955 4373 1975
f 1989 1042 1041
f 1128 1129 857
f 4919 4917 3014
f 4830 4831 2902
f 3205 5238 5236
f 2084 2083 2358
f 806 796 805
f 3012 3011 4937
f 5100 1770 5098
f 2774 2773 4721
f 2814 2813 4778
f 2667 2650 2666
f 1767 1770 167
f 167 1770 5100
f 610 615 611
f 3676 3579 3684
f 3396 3344 3394
f 778 60 3713
f 2149 2148 2441
f 782 819 820
f 1077 1076 4331
f 704 705 3744
f 2532 2550 2551
f 4508 4504 487
f 2768 2767 4728
f 3224 3223 5324
f 1294 2192 1295
f 5112 158 5110
f 3925 1234 1235
f 4495 4497 446
f 5208 5210 3227
f 280 4788 2864
f 280 2864 4813
f 446 4497 447
f 446 447 3447
f 5222 3213 3212
f 3213 3158 3212
f 2820 2821 4758
f 4722 4724 4723
f 5310 316 3231
f 1656 1655 1671
f 4801 4799 2886
f 3448 446 3447
f 395 3383 3385
f 3596 3594 3644
f 4037 1401 1400
f 3725 866 3724
f 4794 2866 280
f 3628 3627 3656
f 884 905 883
f 5358 3278 5361
f 4413 2261 1622
f 4293 1839 4290
f 1880 1859 4318
f 2653 2652 2669
f 3728 3729 847
f 1767 4248 1770
f 1863 1862 1883
f 801 779 62
f 2288 3134 2289
f 1668 1669 4187
f 3334 14 430
f 2000 4736 2001
f 786 785 1059
f 4405 4404 1962
f 847 3729 64
f 3199 3198 5250
f 3199 3145 3198
f 4528 4525 4478
f 4058 1462 4059
f 1463 1462 4058
f 4938 3022 4924
f 1235 1245 1246
f 3776 539 538
f 538 539 3516
f 3421 3396 3394
f 3530 3535 3539
f 874 66 97
f 97 66 872
f 4197 4198 1718
f 5156 296 2996
f 4898 2996 296
f 527 3524 3525
f 779 3143 62
f 1670 1656 1671
f 5294 5296 5257
f 5309 5307 3253
f 3302 3303 3293
f 13 3339 429
f 1473 4064 1472
f 837 1107 1108
f 703 704 710
f 1461 4059 1462
f 1729 4205 1728
f 4845 4847 4858
f 820 781 782
f 1134 863 862
f 4646 2655 2672
f 3426 3417 3425
f 405 3594 406
f 475 3483 476
f 4586 2557 2556
f 983 1446 984
f 5020 5022 5161
f 2325 2097 2324
f 945 651 944
f 4957 4951 4950
f 1185 1184 1180
f 3724 63 826
f 918 69 919
f 246 2573 4590
f 3628 3656 3630
f 571 40 3556
f 571 3794 40
f 3541 3530 3539
f 449 450 3446
f 1649 1633 1648
f 836 1106 1107
f 4105 1521 4106
f 1453 1436 1452
f 1085 1884 1883
f 1883 1086 1085
f 2267 2524 2525
f 1865 4304 1864
f 4323 4322 1867
f 1791 1117 4265
f 1983 1982 1048
f 4149 4148 1600
f 5294 5272 5274
f 1889 4332 1890
f 934 935 641
f 2577 2592 2578
f 2608 4620 2607
f 935 1546 936
f 1592 1581 1591
f 2710 2734 2711
f 2119 2118 2303
f 2072 2073 2066
f 2160 4436 2159
f 1678 1649 1648
f 4701 2738 4699
f 1557 1541 1540
f 3472 478 479
f 735 736 771
f 1495 4079 4085
f 4427 4420 4546
f 4082 4081 1498
f 3480 3477 3475
f 682 683 3797
f 14 3334 3338
f 4600 4605 4604
f 1500 4078 1499
f 1596 1615 149
f 4162 149 1615
f 759 758 1037
f 836 1107 837
f 5301 5293 5255
f 4479 4472 4482
f 786 815 816
f 862 831 861
f 1799 1108 1107
f 5185 5021 5019
f 5258 3232 3233
f 4752 2798 4754
f 835 1106 836
f 5329 5331 5346
f 1133 862 861
f 1703 159 4199
f 499 3615 500
f 4063 1474 4062
f 4021 4010 4019
f 866 3725 865
f 1754 1755 4232
f 885 904 905
f 4456 2118 2119
f 1877 1876 4330
f 177 1840 1825
f 1856 4295 4296
f 415 3531 3544
f 1310 2208 1311
f 3406 3417 3373
f 3635 3636 45
f 1020 741 1019
f 5259 3234 5261
f 2707 2708 4689
f 2955 4876 2956
f 3302 331 3303
f 1353 1336 1352
f 1716 4200 1717
f 1769 1770 4248
f 1769 5098 1770
f 3211 3210 5226
f 3211 3157 3210
f 3211 5226 5224
f 3700 599 3701
f 1246 1245 3950
f 3517 3512 3508
f 3994 3993 1361
f 4790 2867 4791
f 2171 2464 2465
f 4401 1988 4400
f 4949 4953 4950
f 4193 1717 160
f 1955 1975 191
f 1955 191 5056
f 1996 4391 1995
f 3194 3176 3193
f 3194 3193 5251
f 3032 2329 3033
f 3015 3014 4917
f 2924 2925 4837
f 826 63 93
f 825 93 63
f 4420 4427 194
f 3974 118 1343
f 2115 2343 2116
f 3941 1262 1263
f 4047 1447 4050
f 1288 1294 1287
f 1250 1327 3969
f 5109 5113 5194
f 311 5125 5127
f 2605 4640 2606
f 2602 4609 4610
f 1600 4184 1601
f 2512 2624 2513
f 3391 3420 3419
f 246 2571 4601
f 246 4590 2571
f 4471 2182 4470
f 2000 4423 4422
f 3630 3656 3657
f 3372 405 406
f 3377 398 7
f 3586 3660 3639
f 2189 2281 2190
f 1048 1049 770
f 2002 231 203
f 2138 203 231
f 3682 3685 3576
f 4247 4249 1788
f 2872 4801 4802
f 4830 4829 4831
f 5150 3099 5149
f 4887 2965 2964
f 875 1141 876
f 1879 1880 4318
f 3194 5251 5253
f 2102 2330 2103
f 4699 2738 2739
f 5264 5288 5266
f 4019 4010 4020
f 1474 1475 4062
f 2773 4722 4721
f 2360 2359 2946
f 5182 3158 5130
f 4296 4295 4301
f 4784 2408 2407
f 4561 4538 4540
f 1855 4296 4297
f 3997 3994 3995
f 1109 1110 839
f 1501 1500 4106
f 3755 3756 3858
f 1330 1012 3972
f 5163 5181 5015
f 4869 2965 4866
f 204 2366 2049
f 4763 2826 4764
f 3050 3067 3051
f 760 1038 1039
f 1855 4297 1854
f 3371 3373 413
f 413 3373 412
f 416 3364 3365
f 5252 5196 5200
f 2314 3049 2315
f 4599 2570 2569
f 1579 1589 1590
f 1422 1421 1001
f 3798 3800 3852
f 2118 2302 2303
f 2943 2356 2355
f 5299 5293 5288
f 5075 5076 1872
f 1891 4319 4320
f 5060 5057 5189
f 1868 4299 4313
f 1311 113 1270
f 434 3330 433
f 904 1171 905
f 1725 1740 1741
f 1626 2265 2266
f 3765 38 559
f 38 3537 559
f 5010 3114 5009
f 1422 1423 4037
f 1303 1278 1279
f 3981 1348 1347
f 3015 4904 3014
f 4097 1513 1512
f 1490 4093 4095
f 4917 3017 3018
f 5163 3018 3017
f 1293 1288 1289
f 1295 1287 1294
f 1430 993 992
f 5198 5200 5196
f 758 1036 1037
f 4391 1974 1973
f 5283 3255 5284
f 140 1536 5031
f 2880 4786 2879
f 2827 5118 5117
f 4029 1412 4023
f 5253 5251 5201
f 5188 5052 5050
f 4705 2708 4703
f 1314 3965 1315
f 2033 2032 2396
f 857 858 835
f 1408 4034 4025
f 75 5024 630
f 75 630 651
f 944 651 650
f 1490 1475 1489
f 4081 1497 1498
f 4703 2708 2707
f 117 731 730
f 770 1049 771
f 844 849 850
f 845 846 3728
f 4722 2773 2772
f 2844 2843 2414
f 4 3634 401
f 3755 3858 3741
f 3556 573 41
f 3798 3796 41
f 5134 5132 5195
f 1206 1207 3908
f 4201 4202 4203
f 1292 1293 1289
f 1288 1293 1294
f 2357 2356 2944
f 2135 2134 2319
f 2408 228 196
f 196 228 5127
f 2861 2878 4787
f 196 5127 5125
f 1888 1080 1889
f 4389 4390 4391
f 2492 2493 2230
f 4162 4163 1619
f 4051 1454 1453
f 4106 1521 1522
f 2238 2226 2237
f 2304 3041 2305
f 11 423 3453
f 1868 4313 1867
f 1252 1253 3954
f 4430 4550 4516
f 3909 1209 1210
f 2955 2954 4875
f 4813 4810 2881
f 210 2180 4472
f 3924 3925 3926
f 2299 2208 2207
f 872 66 3741
f 3419 3420 3434
f 3474 478 3475
f 2614 4633 4632
f 1848 1849 1834
f 1550 1551 941
f 2770 4725 2771
f 2458 2738 2459
f 3499 511 506
f 2046 4811 4816
f 2169 2463 2170
f 1839 4297 4301
f 4298 1842 4300
f 708 990 991
f 1044 1986 1045
f 2431 4709 2432
f 2111 2122 2110
f 4699 4698 2716
f 1550 940 1549
f 5118 2826 276
f 276 2826 4763
f 2653 2489 2488
f 5113 2805 5114
f 3833 3830 3874
f 3908 1207 3910
f 2850 277 4790
f 2969 2984 2985
f 3176 3175 3193
f 5052 5053 1977
f 5032 5186 5033
f 1030 1031 752
f 3702 3703 519
f 2829 2429 2830
f 4901 4899 4902
f 4973 4976 4975
f 879 1145 880
f 4433 206 2070
f 820 821 781
f 1808 170 4274
f 817 818 784
f 4216 4214 4215
f 4773 4772 2819
f 5220 3178 313
f 3178 311 313
f 795 796 806
f 5135 5139 5013
f 1935 1936 4352
f 4398 4399 1990
f 1936 1935 1950
f 5018 5090 3146
f 4768 2821 4770
f 4599 2568 4598
f 1500 4105 4106
f 4184 1600 4185
f 2002 4425 4424
f 1536 140 4114
f 1507 1508 4094
f 3461 459 429
f 5212 5210 5233
f 3949 3947 1243
f 4047 4048 1450
f 1680 4178 1679
f 1533 4097 4109
f 2862 4787 2863
f 4938 4924 3000
f 4404 1984 1985
f 198 2516 238
f 198 238 2253
f 2349 2937 2938
f 4636 2635 4634
f 1848 4312 1849
f 2224 2225 2239
f 4223 4242 4224
f 2702 2703 4672
f 2179 2178 2472
f 3512 3510 3508
f 3539 3540 3541
f 417 416 3544
f 1377 4000 1376
f 1377 1376 4027
f 4026 4032 4028
f 3809 3894 3874
f 953 952 1530
f 953 1530 1529
f 4525 4467 4477
f 2689 2702 4672
f 717 718 695
f 3876 3834 3833
f 2663 4657 2664
f 1635 2275 1636
f 2399 2036 2035
f 3913 1219 1220
f 2180 218 307
f 2301 307 218
f 1138 1771 1139
f 4329 1875 4327
f 1793 1792 4269
f 1130 858 1129
f 4225 4223 4224
f 4330 1093 1092
f 1899 1916 1900
f 5253 5198 5197
f 5198 5253 5201
f 2001 2002 4424
f 4968 3071 301
f 3071 4947 301
f 4143 4141 4142
f 324 5384 334
f 2656 254 4643
f 2374 2373 4851
f 4085 4079 4084
f 5019 5021 1450
f 3558 3556 565
f 408 407 3598
f 1295 1286 1287
f 1322 1255 1254
f 215 199 4459
f 4614 4615 2612
f 1536 4114 946
f 1348 1332 1331
f 1454 4051 4067
f 4082 4083 4081
f 4030 1418 4031
f 1847 1833 1832
f 3927 3928 1233
f 4929 3026 4930
f 4275 171 1822
f 3753 671 672
f 4068 1470 4066
f 4341 183 1927
f 4362 1927 183
f 3834 3876 3879
f 696 717 695
f 1383 1367 1382
f 1548 1547 1564
f 4931 3028 4932
f 1715 4202 1716
f 2550 2532 2531
f 2088 2087 2362
f 2740 4698 4699
f 5047 59 732
f 59 754 732
f 5037 5035 5186
f 2733 2463 2734
f 3596 407 406
f 3466 453 3457
f 1522 1523 4100
f 1285 1286 1296
f 805 1080 806
f 2126 2310 2311
f 3391 3392 3420
f 5241 3189 3188
f 3188 3189 3171
f 3417 3426 3409
f 3407 3426 3425
f 528 3510 3512
f 394 393 3518
f 3484 3477 3481
f 393 394 3355
f 3392 3391 3335
f 3425 3424 3405
f 3631 3636 3629
f 5198 5196 5197
f 642 935 936
f 1730 1746 162
f 3955 3939 1251
f 5191 5076 5027
f 5174 3175 5041
f 2329 3032 2330
f 2060 2378 2061
f 2966 2965 4887
f 2767 4729 4728
f 2876 2860 2859
f 3160 311 3178
f 4709 2744 265
f 265 2744 2001
f 5141 217 211
f 2280 211 217
f 3855 3856 3812
f 1165 1164 1199
f 795 794 1068
f 332 339 340
f 4926 4924 3023
f 5190 5073 5169
f 1566 4130 4129
f 1431 990 1432
f 2783 2784 4727
f 2784 2798 2799
f 3119 4978 3118
f 4243 4249 4253
f 3147 3146 3201
f 3731 730 731
f 2080 2059 2079
f 1094 4329 4327
f 2247 2248 2215
f 2603 4609 2602
f 963 1520 4113
f 3611 594 593
f 2326 2099 2098
f 631 77 925
f 3794 3796 3849
f 641 935 642
f 4276 1834 1835
f 1709 1708 4210
f 2158 4437 4436
f 1330 1013 1012
f 3235 3234 5327
f 4667 4668 2689
f 128 5026 5029
f 1512 4109 4097
f 5172 5031 3171
f 830 831 862
f 5293 5273 5271
f 1532 1531 951
f 2867 2866 4796
f 2992 4914 4896
f 453 12 3454
f 3029 4932 3028
f 4352 1936 4353
f 828 864 865
f 1395 1396 4002
f 1520 963 962
f 3477 3474 3475
f 4522 4537 4552
f 2291 2292 2200
f 4503 4542 4505
f 4609 4624 4625
f 1597 4146 4145
f 5044 5041 3175
f 4029 4023 4025
f 1455 1454 4067
f 2027 2028 2020
f 3656 3654 3676
f 669 634 668
f 4834 4833 2922
f 4858 4847 4852
f 1725 1724 1740
f 2740 4699 2739
f 2514 2250 2513
f 2445 2446 2153
f 4188 1700 158
f 5332 5331 3232
f 5222 3212 5224
f 4768 4769 2822
f 2116 2344 207
f 3635 45 597
f 3813 622 621
f 622 3697 621
f 1185 1180 1179
f 1274 1275 1307
f 137 4083 1483
f 3348 3346 3397
f 5373 5358 5361
f 3779 532 3780
f 2608 2609 4619
f 2047 4814 277
f 1045 1986 1985
f 284 4843 2912
f 4841 4843 4844
f 1728 1744 1729
f 838 855 856
f 1315 3965 3967
f 1233 1234 3927
f 4389 1977 4390
f 4979 4981 4982
f 2666 2650 2649
f 1769 5097 5098
f 3968 3967 1261
f 1362 120 3978
f 1362 5037 120
f 2461 2168 2167
f 4398 1968 4399
f 2142 2174 2175
f 2137 4462 4461
f 2137 212 4462
f 5237 5210 5208
f 2121 2120 2305
f 2464 2170 2463
f 2912 4843 2913
f 4831 4832 2903
f 3965 1262 3967
f 3154 212 5159
f 5163 5162 3018
f 2049 2367 2050
f 2363 2948 2949
f 3078 3093 3079
f 1252 3955 1251
f 3881 3870 3856
f 266 4708 2759
f 1591 1580 1590
f 266 5105 5104
f 708 991 709
f 3881 3856 3855
f 2781 2780 2795
f 4472 2180 2181
f 829 830 863
f 5004 3109 3108
f 4269 1809 1793
f 4150 1602 4152
f 4217 159 1701
f 4192 1701 159
f 133 1466 4075
f 133 4052 1466
f 388 389 358
f 389 388 3582
f 1951 1936 1950
f 2084 2358 2359
f 1889 1080 1079
f 1371 3992 3990
f 1955 5056 5057
f 2747 2748 2435
f 4745 2796 2795
f 4777 4776 2815
f 4216 159 4217
f 3411 3379 3409
f 406 407 3374
f 548 547 3531
f 2334 2333 3028
f 4916 3016 4923
f 2325 2324 3036
f 802 3807 3711
f 3144 3145 5173
f 2949 2948 4866
f 4936 3033 4937
f 4886 2963 4885
f 5181 3016 298
f 4916 298 3016
f 2855 2397 2396
f 4003 4008 4004
f 3311 3312 3310
f 2976 4884 4883
f 2859 2400 2858
f 4552 4452 4522
f 2920 4832 4831
f 2118 4456 2117
f 985 986 704
f 4451 4452 2093
f 839 838 1109
f 5287 5259 5261
f 883 905 906
f 3144 3198 3145
f 1069 796 795
f 5281 5257 5296
f 5254 5301 5291
f 4249 1787 1788
f 3656 3676 3672
f 1141 875 1140
f 2096 4461 4462
f 3254 5283 5281
f 3934 3932 1209
f 3618 3620 606
f 4385 1980 4408
f 4291 823 176
f 4386 1959 4387
f 3336 3392 3335
f 1871 4319 1873
f 749 757 758
f 872 3741 871
f 67 66 3742
f 1096 821 1095
f 4331 1892 1891
f 5292 5291 5270
f 4346 4351 1931
f 3339 3338 3393
f 3481 3480 492
f 3664 3658 3678
f 1276 1275 1316
f 4129 1567 1566
f 142 1538 4116
f 142 5171 1538
f 323 330 5379
f 4574 4512 4540
f 4526 4527 4471
f 4145 4146 4147
f 2497 2638 2498
f 4676 2718 2719
f 5291 5292 5254
f 4626 4629 4627
f 5022 138 1495
f 4079 1495 138
f 4079 138 1493
f 511 31 506
f 3556 3558 573
f 13 14 3338
f 3636 3635 3655
f 3579 3676 3652
f 597 3633 3635
f 4331 4332 1077
f 3197 5196 5252
f 5173 5027 3144
f 1326 1288 1325
f 1315 1275 1274
f 5230 3208 5232
f 4161 4160 4165
f 4467 4525 4466
f 4187 4186 1598
f 1762 1761 4254
f 1710 1711 1694
f 2720 4676 2719
f 2567 2550 2566
f 2230 4458 4457
f 5061 5063 5190
f 4381 1951 1950
f 4122 4138 1558
f 1874 4316 176
f 4898 296 2994
f 3195 3177 3176
f 2194 2193 2285
f 5283 5284 5282
f 2189 211 2280
f 1250 109 1327
f 109 5134 1327
f 1327 5134 5136
f 3081 3097 3082
f 4980 4973 4979
f 4819 2925 2926
f 2017 2030 2031
f 1152 1151 1695
f 1553 1555 4120
f 4138 1559 1558
f 1596 1619 4172
f 3678 3653 3664
f 3573 3567 3564
f 478 3474 479
f 267 4718 2778
f 267 2778 5109
f 282 5137 2882
f 282 2882 4793
f 4303 4304 1865
f 835 834 1105
f 3615 499 3617
f 4248 4247 1769
f 2776 4718 267
f 5105 5165 3161
f 5300 5278 5297
f 948 949 654
f 2367 2049 2366
f 420 3358 9
f 3601 409 3600
f 468 459 467
f 3806 628 3712
f 3702 518 628
f 3787 3789 678
f 691 721 722
f 177 4290 1839
f 177 1839 4301
f 415 3544 416
f 1904 1065 1903
f 40 565 3556
f 2400 2859 2401
f 3829 3809 3874
f 2176 2141 2175
f 118 3971 1343
f 4192 159 1703
f 1143 1142 1688
f 2113 2119 2120
f 871 3740 870
f 3923 1218 3924
f 5220 5221 3178
f 1786 4251 1785
f 3408 3385 3383
f 4600 4602 4601
f 2674 4651 255
f 2674 255 4669
f 3809 3819 3894
f 3874 3894 3886
f 5220 5199 5221
f 5123 311 3160
f 436 3336 3335
f 4259 1758 1757
f 4238 1758 1759
f 4239 4238 1759
f 1728 4205 4206
f 4955 4956 3063
f 3078 4956 4955
f 1254 1323 1322
f 5015 5166 5152
f 1668 4169 1667
f 4362 1910 4361
f 1781 1128 1127
f 2958 4880 2959
f 4928 3024 3025
f 1795 1796 1104
f 1630 1651 1652
f 1812 4286 1813
f 1385 1386 1370
f 1906 1068 1067
f 1885 1865 1864
f 3754 670 671
f 4000 3997 729
f 1004 722 721
f 1589 4155 1590
f 1108 1109 838
f 4700 2702 260
f 4627 4629 4635
f 753 732 3726
f 2136 4460 2135
f 4923 3016 3017
f 3016 5181 3017
f 2948 4869 4866
f 2456 2457 2163
f 2877 4807 4808
f 3620 605 606
f 1861 4307 4309
f 2975 2990 2976
f 3405 3407 3425
f 599 3633 598
f 3755 66 67
f 2066 2073 2065
f 4452 2092 2093
f 528 3525 3526
f 3005 4930 4931
f 4964 4967 3087
f 1311 1270 1271
f 3884 3831 3875
f 2558 2559 2542
f 4172 4187 1597
f 1553 144 1555
f 1553 4164 144
f 4455 4456 2116
f 4108 1510 4107
f 954 659 953
f 2410 2411 2004
f 133 1468 4052
f 156 4173 1684
f 1905 1906 1067
f 5064 1911 5062
f 4785 277 2850
f 3510 529 3511
f 4744 4753 4758
f 2044 2043 2407
f 735 771 772
f 3972 1011 1328
f 1330 3973 1331
f 3424 3425 3440
f 3362 3363 418
f 2205 1308 1307
f 5288 5268 5266
f 5297 5256 5300
f 2160 2159 2453
f 4437 214 202
f 214 5017 202
f 289 5154 5153
f 4353 4339 4354
f 3578 3641 3638
f 4495 445 4493
f 1110 1802 1111
f 1230 3931 1229
f 5237 5235 5210
f 4456 2119 2114
f 1254 3952 3953
f 1304 1305 1277
f 1084 1085 810
f 1069 795 1068
f 3160 3178 3179
f 5221 3179 3178
f 2827 4764 2826
f 2827 2826 5118
f 4711 4710 2776
f 678 677 4167
f 2390 2389 2850
f 2141 2142 2175
f 3368 3370 3404
f 592 42 3601
f 1911 4335 4336
f 1996 1997 4389
f 2088 2362 2363
f 4180 1607 4182
f 4158 1591 1590
f 1608 4178 1609
f 4700 260 2688
f 260 4668 2688
f 4499 4501 448
f 272 4771 2807
f 3428 3423 3435
f 2492 2230 2229
f 681 680 30
f 3456 453 3454
f 2094 4451 2093
f 5344 5322 5324
f 4703 4704 2730
f 2408 196 2044
f 1504 1505 4091
f 1457 4064 1458
f 4017 1399 4016
f 3641 3588 3638
f 1854 4297 1853
f 829 828 1099
f 837 856 857
f 4915 4896 4914
f 4912 2991 2990
f 5243 3190 3189
f 3189 3190 3172
f 2271 2270 2528
f 4342 184 1926
f 1605 4155 4154
f 2689 4668 260
f 2689 260 2702
f 4666 2674 4669
f 2730 4704 2729
f 4408 1980 1981
f 734 735 772
f 4266 169 1792
f 3299 3300 3287
f 2713 2714 4682
f 2612 2611 4636
f 2544 2560 2561
f 3221 5265 5285
f 3966 1264 1263
f 4259 1779 1780
f 3723 63 3737
f 4584 2571 4586
f 2413 2414 2007
f 2795 2796 2781
f 574 3602 42
f 5032 5029 5174
f 5053 5188 5189
f 3195 3176 3194
f 3195 3194 5253
f 1209 3932 1210
f 3079 4956 3078
f 4820 4819 4825
f 2665 2648 2664
f 2484 2485 2222
f 810 809 1084
f 1533 1534 4097
f 5243 5245 3190
f 1532 1533 4109
f 4116 945 944
f 3172 3171 3189
f 5216 5225 5223
f 4936 3032 3033
f 795 807 794
f 3487 477 476
f 272 2807 2792
f 272 2792 4735
f 2215 2248 2214
f 1060 787 786
f 2790 4733 1999
f 3161 3160 3179
f 2616 4631 2621
f 1801 1800 1817
f 4873 4887 2968
f 1712 4206 1713
f 2813 4779 4778
f 1551 942 941
f 2404 2862 2405
f 5206 3229 5204
f 2751 2439 2750
f 2138 2139 4428
f 2270 2271 1631
f 4 401 3387
f 2122 2121 2306
f 3989 1369 1370
f 2947 4869 2948
f 1337 1021 1336
f 4652 4651 2674
f 3441 3328 3326
f 2415 2843 2842
f 5107 5109 5194
f 4206 4204 1713
f 5340 5318 5320
f 3144 5074 5071
f 4241 4239 4240
f 4191 1699 1698
f 1649 1650 1632
f 2422 2015 2421
f 4655 2663 2662
f 4656 4654 4652
f 2677 2692 2678
f 4692 4691 4694
f 4652 2677 4656
f 2602 4610 2601
f 3877 3836 3837
f 1957 4369 1942
f 4359 1942 4358
f 643 937 644
f 1892 1872 4319
f 3346 3329 3397
f 3439 3432 3441
f 4372 4373 4367
f 667 635 636
f 1754 4262 1755
f 3481 493 3482
f 3661 3604 3646
f 4500 4498 492
f 4560 4561 4544
f 1261 3967 1262
f 1714 4204 4203
f 5295 5301 5254
f 5218 3223 5216
f 1511 4109 1512
f 5028 1748 1747
f 1748 4231 1747
f 1834 1849 1850
f 2818 4774 4773
f 2779 4715 269
f 5059 190 1956
f 190 4367 1956
f 4207 4206 1712
f 3727 845 3728
f 1117 94 71
f 5090 71 94
f 3547 457 456
f 2990 2991 2976
f 1880 1879 1089
f 3380 3382 6
f 3570 3562 3568
f 3569 3570 3568
f 3868 3806 3712
f 4645 253 2657
f 4665 2657 253
f 4665 4669 2657
f 2999 2998 4922
f 5006 5007 3111
f 3047 3064 3048
f 1165 1166 899
f 691 692 721
f 970 1436 971
f 4237 1757 1758
f 4260 1779 4259
f 1614 4145 4147
f 1646 1645 1681
f 4131 1580 1581
f 1275 1306 1307
f 2810 4781 2811
f 4601 2571 4600
f 4362 183 1910
f 183 1912 1910
f 1841 1842 1826
f 1842 1841 4300
f 2820 4758 4748
f 2775 4710 4713
f 1031 1329 86
f 86 1329 5044
f 752 753 3726
f 4397 1991 1992
f 5203 5252 5200
f 572 573 3558
f 3407 3405 3372
f 3515 394 3518
f 4870 4885 4884
f 4999 3125 5012
f 4449 4451 2094
f 3445 3447 3452
f 203 4425 2002
f 3515 3510 3511
f 530 398 3511
f 3371 8 3369
f 3511 398 397
f 3368 3403 3366
f 3063 3064 3047
f 310 3141 2280
f 4667 4666 4669
f 3027 4930 3026
f 1614 4166 4160
f 4873 2966 4887
f 3011 4897 3010
f 5061 5190 5169
f 4578 2553 2552
f 4437 2158 214
f 2700 2699 4681
f 4747 4753 4744
f 1609 4142 1608
f 5214 5229 5227
f 951 950 1532
f 1560 1559 4137
f 4728 2783 4727
f 2779 271 2794
f 4732 271 269
f 2779 269 271
f 341 338 3304
f 5338 5349 5303
f 4825 4819 2927
f 4358 1942 1943
f 1943 1942 4369
f 1980 1979 1052
f 3892 3879 3876
f 4405 4406 1983
f 1187 3912 3913
f 1088 814 813
f 3770 3768 556
f 557 3533 556
f 557 556 3768
f 825 63 3723
f 3168 3186 3169
f 4599 4585 2570
f 396 3511 397
f 3320 3312 3311
f 308 3098 4972
f 3442 423 422
f 3382 3380 410
f 424 11 3454
f 546 547 3526
f 404 3370 3368
f 2253 4464 4463
f 2799 2798 4752
f 1462 1463 1446
f 1509 4080 4096
f 940 1550 941
f 3718 3882 3838
f 3708 3718 3838
f 2298 2299 2207
f 3059 3043 3042
f 4911 4912 2990
f 4883 2975 2976
f 1651 1630 1631
f 3917 3916 3934
f 2221 2222 2242
f 1646 1636 1645
f 3353 422 3351
f 4780 2811 4781
f 3659 3578 3638
f 4415 2208 1310
f 731 3730 3731
f 2730 2731 4703
f 3143 779 5068
f 3144 3197 3198
f 3197 5252 3198
f 1849 4308 1850
f 3144 3143 3197
f 4826 2930 2910
f 5236 5238 5211
f 368 3349 3347
f 2739 2738 2458
f 1190 1174 1191
f 4833 2904 4832
f 4730 4731 4729
f 2526 2269 2268
f 1953 4367 1954
f 5284 3237 5282
f 5064 182 1911
f 182 4335 1911
f 4421 1999 4422
f 4850 2373 2372
f 5222 5224 5219
f 4202 1715 4203
f 2271 2528 2529
f 3296 332 5381
f 2933 5143 5142
f 2929 4826 2928
f 4919 4923 4917
f 3156 5180 5166
f 3295 5379 330
f 5175 312 3142
f 800 779 3711
f 4372 1973 4373
f 953 658 952
f 4382 1968 1969
f 3222 3221 5285
f 572 3558 3557
f 2383 2384 2066
f 4816 4813 4814
f 2727 4707 4691
f 2138 231 2431
f 3757 3756 917
f 110 1249 3938
f 110 3958 1249
f 3545 21 458
f 194 4427 4419
f 2851 2852 2392
f 4824 4828 2900
f 3288 5355 3287
f 3288 3287 3300
f 5386 3302 338
f 3204 3205 3151
f 3204 5238 3205
f 5371 3285 5369
f 4006 1408 4009
f 4573 4572 4566
f 3200 5246 3201
f 3200 3201 3146
f 5327 5344 5324
f 766 765 1044
f 4681 2699 4682
f 1446 1463 4050
f 339 3296 5386
f 4289 4293 4290
f 2717 4698 4697
f 1263 3965 3966
f 3942 3941 3948
f 1165 898 1164
f 5297 5254 5256
f 2440 2148 2147
f 3200 5248 5246
f 4457 2234 2229
f 3305 339 5386
f 4287 4271 4288
f 996 1426 997
f 4749 4748 4759
f 4080 4077 4096
f 4058 4059 4060
f 3132 5006 5005
f 4026 4027 4032
f 310 217 5141
f 310 2280 217
f 4293 4289 4292
f 4420 194 1998
f 4051 4068 4067
f 4066 1471 4065
f 147 1583 1572
f 1641 4168 154
f 1610 1611 4144
f 3500 3501 3492
f 3462 3465 3460
f 3941 1263 3940
f 63 65 3737
f 4313 1866 1867
f 409 3380 3378
f 3778 3779 3840
f 4291 1837 175
f 1837 4317 175
f 1095 1094 4327
f 864 829 863
f 3719 3720 3821
f 1793 1100 1099
f 1650 1651 1631
f 1535 1534 4114
f 4587 4588 2559
f 422 3444 3442
f 3997 4000 3998
f 4016 1383 1382
f 588 3805 3802
f 588 3802 589
f 588 589 3565
f 177 4301 1840
f 4021 4019 1387
f 126 1389 4015
f 3432 3433 3441
f 5178 94 1791
f 94 1117 1791
f 3399 3403 3415
f 3354 3356 3398
f 3398 3357 3415
f 215 5082 3165
f 5297 5295 5254
f 3814 3869 3811
f 4415 1309 2207
f 784 1057 1058
f 1794 1102 1101
f 947 948 653
f 1501 1502 4086
f 3957 3962 1225
f 3318 3312 3320
f 3341 3412 3336
f 4497 4495 4537
f 3378 3380 3388
f 3341 3336 3337
f 3829 3874 3830
f 4938 3000 2999
f 2851 4791 2852
f 4812 2896 284
f 284 2896 4843
f 1614 4160 1615
f 1614 1615 4145
f 147 1572 145
f 147 145 4166
f 3936 3952 1240
f 1253 3970 1324
f 1386 4012 4021
f 1339 1024 1023
f 3042 3041 3058
f 3948 1246 3950
f 2115 2342 2343
f 3312 3318 3315
f 422 423 3351
f 2825 4747 2824
f 4739 2802 2787
f 1822 4267 1821
f 4320 1870 1869
f 1867 1866 4323
f 40 3794 3819
f 377 3595 378
f 383 382 3586
f 3594 3643 3644
f 3578 3659 3665
f 454 4502 4503
f 687 968 969
f 2327 2099 2326
f 2016 2032 2015
f 1652 1651 1675
f 2938 2939 2350
f 5206 5245 5243
f 698 980 699
f 1271 1310 1311
f 3415 3423 3428
f 3403 3423 3415
f 3330 3331 433
f 537 3777 3776
f 537 538 3516
f 537 3776 538
f 1489 4093 1490
f 439 456 457
f 3545 562 21
f 562 3763 21
f 3764 38 3765
f 5036 126 1391
f 126 4015 1391
f 1808 4274 4273
f 1142 1141 1687
f 1188 1176 1189
f 1811 1794 1810
f 4325 1877 1878
f 847 848 3728
f 3711 779 801
f 1384 1385 1369
f 1900 1916 1917
f 1245 3946 3950
f 274 2804 4753
f 2977 2976 4895
f 2565 4596 2566
f 2208 2299 2300
f 2251 4450 2250
f 3176 3177 5047
f 4962 3070 3069
f 3015 4917 3018
f 1507 1506 1527
f 1429 4034 4043
f 2448 2449 2156
f 2457 2164 2163
f 2531 2532 2274
f 1337 1353 1354
f 1711 1712 1695
f 1190 1189 1175
f 1003 1002 1420
f 3476 3474 498
f 5161 5022 1495
f 5017 3162 3163
f 5223 3180 3179
f 3180 3162 3179
f 2216 2215 2478
f 701 712 713
f 3511 529 530
f 757 1036 758
f 703 985 704
f 1780 4258 4259
f 812 789 790
f 66 3755 3741
f 4637 2610 2609
f 993 711 710
f 2932 4847 4845
f 286 5142 5140
f 3211 5224 3212
f 3211 3212 3158
f 2229 2234 2235
f 5282 5280 5298
f 1717 4200 160
f 1224 3916 3918
f 3970 3969 1325
f 4213 4196 4197
f 4229 1732 4227
f 4303 4313 4312
f 3220 5267 5265
f 1353 1337 1336
f 999 1424 1423
f 239 2517 2259
f 868 96 164
f 1139 164 96
f 3642 3641 3666
f 3481 492 493
f 492 4498 493
f 3349 3350 3413
f 3380 6 391
f 3644 3643 3668
f 3319 3311 3313
f 4316 1837 176
f 4291 176 1837
f 2101 2328 2329
f 210 218 2180
f 1095 4327 4328
f 1707 1690 1706
f 5058 216 240
f 2537 240 216
f 3163 3162 3181
f 2756 2446 2445
f 3204 3151 3150
f 1161 104 1202
f 3906 1200 3905
f 5236 3206 3205
f 3152 3205 3206
f 169 4269 1792
f 4360 776 4363
f 4292 169 824
f 52 630 5079
f 3384 3382 411
f 560 561 3539
f 340 343 5390
f 340 5389 343
f 2290 2289 3133
f 4537 4539 4497
f 362 3357 3356
f 3422 3432 3439
f 2057 2058 2082
f 2904 2888 2903
f 2037 2400 2401
f 5073 5177 5169
f 2449 2450 2157
f 5229 5214 5212
f 5223 5225 3180
f 4614 2612 2613
f 5020 132 1467
f 132 4055 1467
f 1432 4024 4029
f 3522 3520 391
f 3542 417 3544
f 1019 1335 1020
f 1691 1690 1707
f 4311 4298 4300
f 4327 1875 1874
f 630 3769 651
f 440 3443 439
f 2335 3027 3026
f 1798 1107 1106
f 1176 909 1175
f 1169 903 902
f 5106 5108 160
f 3150 5136 5170
f 1202 3904 3903
f 3740 3739 870
f 3759 920 921
f 128 5029 1411
f 128 1411 4024
f 5033 5034 127
f 1413 5032 5033
f 1413 4023 1412
f 1413 1412 5032
f 5111 274 2806
f 274 4753 2806
f 219 2302 2117
f 1368 1369 3988
f 2473 2179 2472
f 4064 1457 4065
f 4068 4066 4067
f 1339 1023 1338
f 1836 823 822
f 4216 1718 159
f 1718 4199 159
f 5392 343 342
f 342 343 5389
f 3309 337 344
f 337 5391 344
f 3531 547 3544
f 2441 2148 2440
f 3809 3829 3866
f 5050 5176 5188
f 2046 4816 2047
f 4341 1912 183
f 4943 299 3054
f 299 4963 3054
f 3043 3059 3060
f 1761 4242 4240
f 3992 3975 3991
f 3612 595 594
f 2830 4783 4760
f 2428 2429 2022
f 5172 5185 5030
f 1121 849 1120
f 5088 5086 5191
f 4875 4874 4878
f 1070 1069 1907
f 4355 4340 4356
f 949 655 654
f 2277 2278 4473
f 315 5324 3223
f 4488 513 4489
f 5063 2555 243
f 4579 243 2555
f 441 19 442
f 4485 442 19
f 2449 2157 2156
f 4837 4835 2924
f 4325 1878 4324
f 2122 2306 2307
f 4002 4003 1395
f 4122 4139 4138
f 4413 1621 2260
f 4830 4827 4829
f 3304 338 3301
f 5089 258 262
f 262 258 2701
f 2716 4698 2717
f 2293 3130 3129
f 2720 5091 2721
f 2720 2721 4676
f 2821 2822 4758
f 4720 4721 4719
f 1853 4297 1838
f 5215 3221 5217
f 352 376 377
f 352 353 3320
f 3318 3320 354
f 3878 3709 3890
f 3890 3849 3878
f 3868 3853 3891
f 3223 3224 5216
f 3211 3158 3157
f 546 3528 3544
f 3594 405 3592
f 3266 3265 5352
f 3027 3028 4931
f 4895 2992 2977
f 705 986 987
f 3659 3580 3637
f 2216 2247 2215
f 3906 3905 3908
f 1671 1672 4184
f 1461 4061 4059
f 1459 1460 1443
f 2516 198 2252
f 4107 1531 4108
f 5072 2621 5073
f 5093 5095 5192
f 3852 3878 3849
f 571 41 3796
f 571 3556 41
f 5015 5162 5163
f 4895 2991 2992
f 2991 4914 2992
f 4258 1758 4259
f 1983 1048 1047
f 1708 4211 4210
f 4211 1708 1707
f 1755 4234 4232
f 4832 2904 2903
f 2888 4803 4802
f 4803 2873 4802
f 4803 2874 2873
f 2547 2563 2564
f 1537 77 679
f 1537 925 77
f 1578 1589 1579
f 901 888 889
f 3825 3721 3826
f 1896 4337 1897
f 3528 3542 3544
f 353 352 377
f 185 4357 189
f 185 189 1929
f 1841 1840 4301
f 145 1572 4123
f 3591 3679 3666
f 480 3471 479
f 15 3470 24
f 3597 3604 3661
f 2176 2177 2140
f 1057 783 1056
f 943 1551 1552
f 1908 4335 1909
f 2427 2428 2021
f 4165 4160 4166
f 145 4123 1570
f 145 1570 4166
f 4165 144 4164
f 4124 1557 1556
f 3767 650 3769
f 2081 2058 2059
f 118 5041 5044
f 118 5044 1329
f 118 1329 3971
f 4800 4804 4797
f 742 743 764
f 3511 396 3515
f 479 3474 3476
f 5207 5205 3216
f 812 1086 1087
f 4039 4038 1424
f 1443 1442 1459
f 4136 1561 1560
f 1456 1440 1439
f 254 5083 5082
f 4324 1878 1879
f 305 4964 3087
f 305 3087 4976
f 2912 2913 4822
f 2270 2269 2527
f 1309 4415 1310
f 4743 4745 4756
f 2693 2678 2692
f 2693 2692 4690
f 2655 2671 2672
f 1793 1794 1101
f 880 1145 1146
f 4231 1766 1767
f 1702 4193 160
f 1702 160 5108
f 5262 3235 315
f 2887 4801 2886
f 1129 1780 1779
f 355 382 383
f 782 1056 783
f 1109 1800 1801
f 1037 1038 759
f 3903 1183 3901
f 5179 5141 211
f 1063 790 789
f 968 687 686
f 2362 2948 2363
f 2932 5143 2933
f 2932 2933 4847
f 1906 1069 1068
f 951 952 657
f 1528 1507 1527
f 1150 1149 1693
f 699 715 698
f 692 720 721
f 4035 1399 1398
f 3309 3304 337
f 2836 2422 2421
f 2411 2410 2846
f 4860 4859 4840
f 1620 2259 2260
f 4465 4520 4464
f 4487 4488 4531
f 4477 4476 685
f 874 3742 66
f 323 5377 330
f 315 3222 5262
f 257 4666 259
f 257 259 2676
f 4692 2688 2687
f 4670 2687 2688
f 4419 193 2024
f 4700 2688 4692
f 680 32 30
f 509 30 32
f 4920 2998 2997
f 4976 3089 3088
f 2226 2225 2488
f 2746 2432 4709
f 4074 4072 4069
f 135 1481 4071
f 135 1496 1481
f 4029 1431 1432
f 4029 4024 1411
f 4029 4025 1431
f 2156 2157 4435
f 816 785 786
f 807 795 806
f 461 3464 462
f 2857 2399 2398
f 1850 1835 1834
f 3489 27 505
f 505 27 4494
f 4066 4065 1456
f 2081 2059 2080
f 423 3442 3453
f 1281 1301 1280
f 57 1011 733
f 4724 4722 2772
f 1290 1312 115
f 115 1312 5138
f 1108 1800 1109
f 4914 2991 4912
f 1925 4335 4338
f 749 750 757
f 4893 4889 4890
f 4205 4204 4206
f 5112 3147 3148
f 4014 1383 4016
f 1876 1877 4326
f 3144 5071 3143
f 2914 4840 2915
f 3730 731 57
f 3760 3759 921
f 3859 3885 3835
f 3449 445 3448
f 4371 1944 189
f 4221 4214 4219
f 1063 1064 790
f 3611 3612 594
f 3397 3329 3360
f 1940 4385 1941
f 1940 1941 4363
f 3060 4952 3061
f 2228 2227 2490
f 3040 3041 2304
f 4620 2593 2592
f 4732 4734 2793
f 2255 4603 4605
f 4673 4690 2692
f 4423 4514 4548
f 3007 4912 4911
f 147 4147 1583
f 1078 1077 4332
f 801 1076 802
f 3920 3922 1225
f 440 439 457
f 3744 708 709
f 4926 3001 4924
f 637 638 665
f 1506 1526 1527
f 1581 4127 4131
f 4634 2612 4636
f 2698 4682 2699
f 2534 2276 2533
f 2164 2154 2163
f 2724 5093 263
f 2724 263 2719
f 4130 1565 4132
f 1145 1690 1146
f 1264 1265 3938
f 3905 3903 3901
f 3515 396 395
f 3893 3884 3706
f 3884 3893 3873
f 1621 1620 2260
f 4947 3056 301
f 5171 3170 5024
f 2046 4430 4431
f 4965 4966 3085
f 2883 2899 2900
f 4796 2868 2867
f 791 811 790
f 4968 4963 4967
f 4425 203 201
f 2538 4577 2517
f 4022 1376 124
f 1376 729 124
f 873 895 3748
f 2144 2143 2436
f 4645 2644 2643
f 1780 1129 1128
f 5339 5318 5340
f 5188 5175 5064
f 758 759 748
f 669 670 633
f 5307 3254 3253
f 5315 5317 5338
f 875 874 1140
f 3165 3184 3166
f 2535 2536 2278
f 3849 3796 3798
f 2467 2468 2174
f 884 1150 885
f 633 634 669
f 2900 2899 4824
f 2869 2853 2852
f 2929 2930 4826
f 2882 5137 5135
f 2173 2174 2143
f 3866 3829 3828
f 4912 3007 3008
f 2275 2276 1636
f 454 3455 449
f 4946 4961 4945
f 2197 2289 2198
f 2148 2169 2147
f 293 2969 291
f 293 291 4888
f 2868 2869 2852
f 2884 2883 2900
f 2883 2884 4800
f 1216 1217 3911
f 771 736 770
f 2998 4920 4922
f 3480 3475 3487
f 5285 5261 5262
f 3219 5267 3220
f 1919 4350 1920
f 4350 1935 4352
f 2810 2811 4740
f 2257 239 197
f 239 2259 197
f 1646 1635 1636
f 2140 2141 2176
f 858 834 835
f 181 4361 1910
f 181 1910 4337
f 4551 4518 4565
f 781 1054 1055
f 4315 1876 4326
f 498 499 3476
f 3618 3616 3651
f 3683 3672 3686
f 1160 1159 4188
f 5090 5018 71
f 846 1117 71
f 3403 3399 3366
f 3349 3413 3395
f 3808 584 3811
f 3808 585 584
f 585 3564 584
f 2739 2458 2457
f 1617 4171 4170
f 2240 2503 2504
f 2712 4684 2711
f 4800 281 2883
f 4810 281 2881
f 4800 2881 281
f 4842 225 2931
f 2931 225 5144
f 2325 3036 3035
f 3722 3721 824
f 3559 576 577
f 378 353 377
f 3152 3151 3205
f 593 592 3600
f 3519 3516 3513
f 4302 4299 1869
f 602 3627 3628
f 1987 1986 1044
f 4350 1919 4349
f 1566 1550 1549
f 2259 1620 152
f 4172 1618 4170
f 4546 4547 4549
f 1054 1894 4334
f 74 3746 706
f 824 823 4292
f 1766 4253 4248
f 2964 2963 4886
f 4083 4082 4078
f 4073 136 1480
f 136 4102 1480
f 4026 1377 4027
f 4074 4071 4070
f 5019 1450 132
f 1450 4048 132
f 3837 3763 3860
f 2213 2250 4450
f 1231 1230 1241
f 2771 2754 2770
f 788 814 787
f 3930 1230 1231
f 1733 1734 4218
f 3149 3150 5170
f 205 2387 226
f 205 226 2045
f 205 2045 4432
f 58 1053 88
f 1423 1422 1000
f 1384 1369 1368
f 2675 5089 5087
f 4039 1425 4040
f 58 88 775
f 4045 1434 988
f 1587 1586 4152
f 4643 2494 2493
f 1016 738 737
f 4385 4392 1979
f 4799 4801 2871
f 2869 2868 4797
f 1467 4056 134
f 1467 134 5022
f 4107 1510 1509
f 5339 5349 5338
f 5040 5187 5038
f 5235 5237 3186
f 1592 4141 4143
f 5194 5105 5107
f 5104 5105 3161
f 5130 3158 3159
f 1733 164 4250
f 1733 869 164
f 4161 4163 4162
f 4383 1951 4381
f 2417 2011 2010
f 2953 2954 2937
f 3952 3936 3953
f 2406 2043 2042
f 3035 2327 2326
f 388 357 387
f 2734 2710 2733
f 3729 846 71
f 1704 4195 4194
f 2090 4440 4439
f 930 1542 931
f 4385 4396 1941
f 3293 3303 3294
f 3293 3294 5365
f 341 3304 3309
f 2210 2189 4475
f 5028 167 5100
f 1115 845 844
f 3006 4911 4910
f 4931 4932 3006
f 2887 2886 2902
f 2868 4796 4797
f 4823 4824 4822
f 1917 1916 4346
f 4812 4811 2896
f 4244 1772 1773
f 1324 1323 1253
f 4348 1917 4346
f 4552 4523 4452
f 1909 1072 1908
f 3675 3660 3640
f 1888 4322 4323
f 5324 3235 5327
f 956 955 1527
f 2099 2327 2100
f 3669 3675 3661
f 2000 1999 4733
f 529 3510 528
f 1036 757 1035
f 5189 5056 5055
f 2298 2297 3125
f 1102 1794 1795
f 2248 2512 2249
f 5318 3226 5320
f 4677 262 2701
f 4710 2775 2776
f 4168 1640 155
f 5159 220 3039
f 3039 220 2322
f 2321 4939 2322
f 3119 3099 4978
f 2214 2248 2249
f 2271 2272 1632
f 110 3938 1265
f 3104 4975 3103
f 2708 4687 4689
f 2174 2173 2467
f 4628 2602 2601
f 3161 3179 3162
f 2460 2166 2459
f 730 3732 729
f 257 4652 2674
f 257 2674 4666
f 3986 1367 3987
f 1351 3985 3986
f 4090 4089 4088
f 1398 1399 4017
f 3821 3871 3822
f 3808 3811 3869
f 1622 1660 1621
f 467 3471 468
f 3522 391 6
f 3614 3616 596
f 466 3473 3472
f 2170 2464 2171
f 2336 2109 2108
f 5306 5308 3255
f 1796 1795 1812
f 5274 5272 3216
f 3382 3384 399
f 3613 3610 24
f 1689 4195 1705
f 257 2676 4652
f 3831 3739 3740
f 1277 1278 1304
f 4672 2703 2704
f 4998 3104 5012
f 5121 276 229
f 276 2409 229
f 1597 4145 1596
f 2422 2016 2015
f 2704 4675 4672
f 2429 2428 2830
f 2646 2645 2662
f 763 743 744
f 714 996 997
f 1385 1384 4013
f 1526 956 1527
f 52 652 630
f 4461 4460 2136
f 3315 358 3314
f 1763 1764 4224
f 4281 4280 4279
f 3892 3876 3895
f 729 3997 730
f 2592 2593 2578
f 701 983 702
f 4798 2869 4797
f 4839 4863 2916
f 2544 2561 2545
f 4383 4365 1952
f 1575 1574 4140
f 5331 5330 5346
f 560 3537 38
f 702 711 712
f 2766 2767 2750
f 2013 2034 2035
f 2316 2317 2132
f 1039 1991 1040
f 4019 4015 1388
f 1366 1367 3986
f 1902 1901 1918
f 4379 4378 1965
f 2445 2153 2152
f 5121 229 5123
f 195 5123 229
f 195 229 2409
f 2407 2043 2406
f 3200 3199 5248
f 3200 3146 3199
f 3159 3158 3213
f 507 506 3631
f 2831 4783 2830
f 806 1081 807
f 2667 4660 4661
f 424 12 3348
f 4524 4465 4466
f 2154 2446 2447
f 1413 5033 127
f 1413 127 1410
f 2981 4891 4892
f 2981 4921 4920
f 2981 2980 4921
f 2981 4892 2980
f 3444 3445 3442
f 4125 1555 144
f 4122 1557 4124
f 4081 1481 1496
f 5298 5257 5281
f 4641 2602 4628
f 2031 2030 2394
f 1003 720 1002
f 2355 2354 2942
f 4163 1618 1619
f 4172 1619 1618
f 4736 265 2001
f 5357 3287 5355
f 3519 3517 3521
f 2001 4423 2000
f 4764 4765 4766
f 5139 2910 5140
f 3675 3640 3661
f 1631 1630 2270
f 4578 242 2553
f 2525 2544 2545
f 1632 1650 1631
f 2131 2130 2315
f 2737 2460 2459
f 2593 2594 2579
f 2216 2217 2246
f 2164 2457 2458
f 4435 2161 2156
f 2157 4436 4435
f 5095 2723 5096
f 3706 3884 3897
f 4712 265 2760
f 4736 2760 265
f 2791 4735 4733
f 3266 3267 5316
f 2956 2940 2939
f 1097 826 93
f 4952 3076 4954
f 4224 4242 1762
f 5245 5204 5247
f 1323 1283 1322
f 1940 188 4392
f 1940 776 188
f 1279 1280 1302
f 4167 4164 1553
f 1617 4170 1618
f 1617 1618 4163
f 4742 2792 2807
f 2375 2376 2058
f 860 859 1131
f 2940 2353 2352
f 1890 1891 4320
f 4246 4244 1773
f 2515 2251 2514
f 3267 3266 5352
f 1840 1841 1826
f 1790 824 169
f 1790 169 4266
f 2313 3048 2314
f 2287 3135 2288
f 315 3235 5324
f 5203 3214 3215
f 340 3306 3299
f 3216 5272 3217
f 2171 2465 2172
f 1440 1456 1457
f 1458 1459 1442
f 3641 3642 3590
f 3425 3417 3430
f 3610 15 24
f 3338 3339 13
f 3432 3422 3416
f 4386 4406 1960
f 1960 4406 1961
f 1767 167 1747
f 5028 1747 167
f 4253 1766 1765
f 1747 4231 1767
f 311 5123 5125
f 732 3176 5047
f 750 1029 751
f 111 1313 3964
f 422 421 3443
f 1424 4038 1423
f 1756 4260 1757
f 3449 3444 3450
f 1197 1196 1168
f 4542 4543 4505
f 3609 3615 3650
f 3388 3355 3410
f 3681 3683 3686
f 3562 3574 3575
f 575 44 606
f 3444 3449 3445
f 2395 2853 2854
f 5127 228 5129
f 2285 2193 2284
f 1874 176 4328
f 3833 3874 3886
f 1625 1656 1657
f 133 4075 137
f 133 137 1468
f 4017 4005 4018
f 1337 1354 1338
f 4012 1385 4013
f 1476 1475 1490
f 1586 1587 1576
f 2064 2063 2381
f 601 602 3628
f 3663 3645 3644
f 3524 545 3525
f 2170 2171 2146
f 179 5078 5080
f 3059 3042 3058
f 848 849 3727
f 2594 2593 4619
f 3331 3332 432
f 4055 4056 1467
f 1629 1652 1653
f 4526 4535 4534
f 2492 2491 2655
f 5139 2911 2910
f 2910 2911 4826
f 2369 4858 4846
f 405 3370 404
f 5151 308 3100
f 308 4972 3100
f 5151 5150 5155
f 4982 4981 4983
f 3998 1374 3999
f 4239 4241 1743
f 4211 1723 4210
f 4207 1726 1727
f 1693 1709 1710
f 4098 4097 4099
f 3002 4928 3003
f 3907 1208 1209
f 4946 4945 3082
f 2217 2216 2479
f 4262 1754 4263
f 4336 4335 1926
f 2451 2158 2450
f 5068 1895 5066
f 5194 5115 5117
f 4989 4970 4988
f 4101 4102 4103
f 337 3301 336
f 4657 2678 2679
f 2361 2360 2947
f 2281 2280 3141
f 4719 2788 2789
f 4004 1374 1392
f 4073 1480 4071
f 1480 4102 4101
f 3699 616 3697
f 1931 4351 1930
f 1838 4297 1839
f 1838 1839 4293
f 1776 1777 4262
f 430 14 468
f 2998 4900 2997
f 3041 3057 3058
f 2999 4901 4900
f 3088 3089 3073
f 2067 2072 2066
f 5191 5086 5084
f 1070 796 1069
f 4525 4524 4466
f 5265 3221 3220
f 1655 1627 1654
f 2791 4771 272
f 2791 272 4735
f 879 910 878
f 2242 2222 2241
f 871 3741 3740
f 3079 3093 3094
f 4392 188 1979
f 684 4478 4477
f 3853 3880 3891
f 3712 3853 3868
f 3712 3801 3853
f 2420 2837 2421
f 4158 4155 4156
f 644 659 660
f 1354 1353 3988
f 660 955 661
f 1402 4012 4013
f 700 699 981
f 4848 2371 2370
f 242 4576 2553
f 2276 2277 1637
f 337 3304 3301
f 3269 5311 5312
f 1826 1825 1840
f 4349 1918 4348
f 1825 1826 4272
f 5089 262 2721
f 2721 262 4677
f 3155 5164 3154
f 1158 1699 1700
f 1788 1119 1789
f 1198 3909 1197
f 5221 5218 5223
f 2370 2369 4846
f 3179 5221 5223
f 185 1929 4347
f 1188 3912 1187
f 4266 1792 1098
f 4255 1735 1734
f 1734 1735 4218
f 3446 3447 447
f 4382 4383 4381
f 3944 3941 3940
f 1772 1771 1138
f 3743 914 3742
f 3270 5308 5311
f 5348 5305 5346
f 2226 2488 2489
f 8 3371 413
f 426 427 3342
f 4537 4522 4539
f 4964 303 3071
f 303 4953 3071
f 2355 2081 2080
f 3640 3595 3661
f 3689 578 577
f 2231 2230 2493
f 1668 4187 4169
f 3330 3389 3390
f 2894 226 2387
f 2894 2045 226
f 2385 2384 4861
f 181 4337 1896
f 2761 4710 4711
f 5107 5105 2761
f 1814 4285 4284
f 2229 2228 2491
f 3844 3846 3822
f 286 2930 2933
f 286 2933 5142
f 297 3018 5162
f 297 3015 3018
f 2609 4618 4619
f 1579 4133 1578
f 4134 1563 1562
f 1950 4380 4381
f 4721 4722 4723
f 2531 2274 2273
f 1820 1803 1819
f 2288 2197 2196
f 3295 3303 331
f 2473 2725 261
f 5274 5296 5294
f 1159 1700 4188
f 658 659 645
f 4061 1460 4062
f 3612 3645 3651
f 2363 2364 2089
f 5226 5217 5224
f 3470 480 24
f 4114 948 947
f 4824 2899 283
f 3944 108 1248
f 4484 922 921
f 3708 3862 3841
f 3577 3650 3662
f 595 3612 3614
f 3102 3103 4974
f 2181 4966 4963
f 2181 307 3084
f 307 4992 3084
f 267 2761 4711
f 267 5107 2761
f 2939 2955 2956
f 5234 5213 5232
f 3156 5166 3155
f 2479 2645 2646
f 722 723 690
f 4287 4286 1812
f 2215 2214 2477
f 4061 1475 1476
f 2055 2084 2085
f 1133 1134 862
f 3926 3925 1235
f 2960 4883 2961
f 2129 2313 2314
f 3227 3226 5318
f 5174 5029 5026
f 615 3696 616
f 994 1429 1428
f 817 785 816
f 693 719 720
f 4044 1395 1394
f 4118 1551 4121
f 2721 5091 5089
f 3609 3608 432
f 4594 4588 4587
f 4848 4853 4854
f 899 1166 900
f 2948 2362 2361
f 4688 4690 4689
f 364 3356 3354
f 2643 253 4645
f 1639 1642 1643
f 3168 5058 3167
f 4173 4175 1683
f 2550 2567 2551
f 2083 2082 2357
f 2359 2085 2084
f 4549 4430 4429
f 2628 2509 2508
f 4746 4741 4740
f 1028 749 1027
f 4015 4020 4006
f 128 4024 1432
f 649 648 942
f 774 57 733
f 3525 546 3526
f 4369 1957 1958
f 2167 2168 2150
f 2965 2966 4866
f 318 3255 5308
f 3308 5390 343
f 3308 343 5392
f 5392 342 3307
f 3307 342 5387
f 2149 2441 2442
f 2230 4457 2229
f 2165 2459 2166
f 2736 2460 2737
f 4824 283 2898
f 4810 2898 283
f 2466 2173 2172
f 5097 1769 1768
f 1769 4247 1768
f 3063 3047 3046
f 5289 5287 5265
f 2139 2138 2431
f 4153 1587 4152
f 4154 4155 1589
f 1606 4156 4155
f 1323 1284 1283
f 4978 4977 3117
f 3134 2288 3135
f 185 1927 4357
f 185 4347 1927
f 1958 4387 1959
f 4549 4547 4568
f 2428 2831 2830
f 4670 2688 4668
f 4668 4669 4665
f 5135 5013 5133
f 1776 4262 4263
f 2696 2695 4685
f 3000 4901 2999
f 2093 4893 4894
f 2245 2217 2218
f 2680 2694 2695
f 3116 3115 5011
f 5211 3219 5213
f 3116 4977 4971
f 1932 4348 4346
f 4378 4379 1948
f 4349 1919 1918
f 3164 3163 3182
f 4629 4642 4628
f 4487 4531 4530
f 1993 1038 1037
f 874 3743 3742
f 1105 1797 1106
f 1060 1061 787
f 1285 1296 1297
f 3597 3595 377
f 4745 4746 4740
f 4970 4972 3097
f 178 1850 4308
f 2028 2027 2391
f 3331 3330 3390
f 4561 4557 4545
f 1674 1652 1675
f 3168 3167 3186
f 2446 2756 2757
f 2655 2491 2490
f 2361 2087 2086
f 4634 2635 2636
f 2334 2106 2333
f 2142 2141 2434
f 1074 1073 4333
f 4025 1409 1408
f 5174 3174 3175
f 2947 2360 2946
f 2934 223 2095
f 4876 2955 4875
f 2453 2454 2160
f 1734 1733 4245
f 1124 1784 1125
f 4303 1865 1866
f 1988 1989 4400
f 1968 1967 4399
f 519 518 3702
f 524 525 3505
f 2380 4857 2381
f 2397 2855 2856
f 4801 2872 2871
f 4798 4799 2870
f 4840 4859 4839
f 2141 2140 2433
f 870 4219 4220
f 3567 584 3564
f 3671 3577 3683
f 589 3566 3565
f 423 3348 3351
f 4583 245 2572
f 2572 245 5067
f 5331 5329 3233
f 4368 1960 1961
f 1962 4368 1961
f 58 775 3717
f 1105 1106 835
f 682 3797 3799
f 510 518 519
f 2318 2317 3051
f 1820 4278 4277
f 1690 1145 1689
f 1137 1772 1138
f 4258 1780 1781
f 1405 1404 4041
f 5099 5017 3163
f 4260 4261 1778
f 3650 3608 3609
f 3683 3577 3662
f 3774 3862 3861
f 3632 599 600
f 3651 3645 3663
f 3542 3528 3530
f 525 3503 3505
f 5178 5090 94
f 846 845 1116
f 4990 3141 310
f 3773 3861 3772
f 5220 3213 5222
f 275 2805 2825
f 275 5114 2805
f 981 982 700
f 3599 438 437
f 4641 4642 2625
f 4192 4194 1701
f 165 4215 1732
f 165 1732 4229
f 2384 4860 4861
f 3421 3394 3438
f 594 595 3560
f 1031 1030 3971
f 2133 2100 2101
f 4961 3067 4960
f 4988 4970 3096
f 2289 3134 3133
f 4071 4074 4073
f 3953 3954 1253
f 4972 4970 4971
f 1298 1283 1284
f 455 4503 4505
f 4320 4321 1890
f 4275 1822 1821
f 1404 4010 4011
f 4391 4390 1974
f 5055 5056 191
f 810 792 809
f 3427 3395 3436
f 3333 3389 3330
f 615 616 611
f 3529 3530 3528
f 3284 5352 3283
f 3042 2307 2306
f 3005 4931 3006
f 1902 1918 1919
f 5289 5290 5255
f 5285 5287 5261
f 2197 1299 2196
f 3639 3585 3586
f 1970 4366 4384
f 1024 746 745
f 753 752 1031
f 2433 2432 2746
f 4846 4848 2370
f 4472 2181 4471
f 3643 3594 3592
f 3548 3549 3551
f 2254 4603 2255
f 4104 4105 1499
f 3429 3421 3438
f 1694 1693 1710
f 4258 1781 4257
f 1833 4280 4281
f 1610 4142 1609
f 4583 2583 245
f 275 2825 2828
f 275 2828 5115
f 3885 3836 3896
f 3377 3379 398
f 24 480 500
f 3397 3358 3351
f 2529 2530 2272
f 147 4166 1614
f 147 1614 4147
f 4667 2690 4666
f 5081 178 1852
f 178 4308 1852
f 1291 4475 1292
f 5330 5331 5332
f 3488 29 501
f 4078 1501 4086
f 4708 2745 2451
f 1780 1128 1781
f 4078 4082 1499
f 1556 1555 4124
f 345 3316 3314
f 3517 3523 3521
f 533 3523 532
f 533 532 3779
f 1142 1687 1688
f 4263 4264 1775
f 4317 1854 1853
f 3651 3616 3614
f 3388 3380 391
f 410 411 3382
f 3390 3389 3418
f 1437 1438 973
f 4837 2925 4819
f 5152 5166 5180
f 2655 2490 2654
f 2158 2157 2450
f 1088 1880 1089
f 2195 2287 2196
f 2210 211 2189
f 2210 5179 211
f 1189 1176 1175
f 2316 2132 2131
f 2494 2231 2493
f 5119 5116 3149
f 3496 513 3500
f 1926 4335 1925
f 5276 3252 5279
f 2079 2078 2353
f 2483 2484 2221
f 4942 3070 302
f 3327 3436 3431
f 293 2984 2969
f 4677 4676 2721
f 3736 3735 686
f 171 5084 5086
f 2749 2750 2438
f 3042 3043 2307
f 5216 5227 5225
f 2580 2594 2595
f 2609 2633 4637
f 1532 4109 4108
f 1445 983 982
f 661 662 642
f 5068 779 72
f 1593 1581 1592
f 1526 1506 1505
f 5187 5183 5038
f 3971 1329 1031
f 4029 1411 1412
f 1411 5029 1412
f 712 711 994
f 4086 1502 4088
f 2144 2173 2143
f 4854 2927 2926
f 1502 1503 4088
f 3705 3709 3878
f 3461 3465 3462
f 2999 4922 4938
f 415 416 3365
f 2036 2399 2400
f 2973 2972 2987
f 1862 1861 1882
f 5123 3160 5121
f 2200 1302 2199
f 319 3236 318
f 1083 1084 809
f 4427 4546 4429
f 2808 2807 4771
f 2746 265 4712
f 2010 2011 2037
f 345 360 361
f 5375 3290 328
f 3290 5381 328
f 1083 1885 1084
f 4243 1786 1787
f 4784 2863 278
f 3912 1189 3911
f 1187 1186 1178
f 1173 1174 907
f 4151 4149 4150
f 1624 2264 1625
f 460 3461 3462
f 2056 2055 2373
f 336 3301 322
f 5378 331 327
f 331 5380 327
f 2539 5061 5058
f 2225 2238 2239
f 1685 4189 1140
f 4941 300 3053
f 5015 5152 5153
f 727 1010 55
f 2855 2872 2856
f 1018 739 1017
f 3319 3313 3317
f 437 438 3337
f 3639 3660 3674
f 3662 3673 3683
f 4956 3079 4958
f 4954 3076 3077
f 3961 3960 918
f 3958 3960 3961
f 917 1204 3956
f 3899 1204 1184
f 341 3308 3307
f 341 3307 5388
f 4440 204 2049
f 3305 3307 5387
f 5270 5269 3218
f 3602 411 410
f 3342 3344 426
f 3246 5268 3245
f 2708 4705 2709
f 1253 1252 3970
f 2851 2392 2391
f 4579 4578 2570
f 3077 3076 3091
f 4947 3071 4949
f 4831 2903 2902
f 3856 3813 3812
f 3401 3363 3362
f 3805 3854 3802
f 3656 3627 3654
f 4443 4518 4551
f 3621 497 496
f 3783 523 34
f 523 3503 34
f 3721 3720 823
f 275 5115 5114
f 2877 4808 2878
f 2908 2892 2891
f 78 945 1538
f 78 1538 5024
f 75 651 945
f 223 2934 2345
f 1982 4406 4407
f 3652 3620 3663
f 3628 3630 601
f 2080 2079 2354
f 4407 4387 4408
f 1010 727 1009
f 3833 3750 3830
f 917 3756 916
f 4288 4286 4287
f 2687 4670 2185
f 3217 5272 5270
f 3093 4985 3094
f 3967 3968 1316
f 5043 146 148
f 146 1593 148
f 143 1569 4126
f 3395 3412 3343
f 472 471 4509
f 472 3463 471
f 3469 475 476
f 2872 2855 2871
f 794 1067 1068
f 5121 5118 276
f 1820 4270 1803
f 1570 4125 144
f 1570 144 4165
f 4067 4066 1455
f 1601 4149 1600
f 1930 1946 1931
f 4370 4368 4371
f 4343 1927 4347
f 2151 2150 2443
f 2075 2074 2349
f 4639 4641 2626
f 4963 2182 2181
f 2151 2443 2444
f 3126 5012 3125
f 2695 2694 4686
f 3817 542 3774
f 3774 3775 3840
f 3508 3520 3509
f 361 360 3359
f 3524 542 543
f 1697 1154 1153
f 1408 1409 4009
f 1413 1410 4023
f 2957 2958 2941
f 4881 4880 2974
f 201 203 4426
f 2517 2518 2260
f 2171 2145 2146
f 1859 1858 4318
f 787 814 815
f 1754 1753 4263
f 5306 5334 5311
f 1145 1144 1689
f 4808 4807 4792
f 4696 2718 4697
f 3452 3447 3446
f 4102 136 1517
f 1943 4369 4371
f 2863 4787 4786
f 4795 2882 279
f 279 2882 5135
f 5005 3109 5004
f 4958 3079 3080
f 3380 409 410
f 598 597 3701
f 4942 302 3055
f 3055 302 5157
f 4101 1496 135
f 4071 1480 135
f 4101 135 1480
f 2115 4456 2114
f 3588 403 402
f 1006 723 1005
f 1653 1652 1674
f 4054 1466 4053
f 2961 2944 2960
f 3362 3400 3401
f 2020 2021 4412
f 3487 3475 477
f 3071 4953 4949
f 4964 3071 4968
f 3076 4952 3075
f 547 548 3527
f 4219 4217 4220
f 3381 3379 3411
f 2800 2799 4751
f 2799 2800 2785
f 4860 2384 2383
f 4559 4516 4564
f 3955 3954 3937
f 1209 3909 3907
f 4412 2021 2026
f 2663 2646 2662
f 298 2323 221
f 298 221 5164
f 2595 2594 4618
f 4618 4617 2595
f 4226 1754 4232
f 3043 3044 2309
f 3912 1188 1189
f 4613 4614 2613
f 2281 3141 3140
f 3140 2282 2281
f 2286 2194 2285
f 1250 1251 3939
f 3558 564 3557
f 3142 3197 3143
f 3142 3196 3197
f 3196 5196 3197
f 3538 3543 544
f 3770 556 555
f 3532 555 556
f 3541 3542 3530
f 2219 2218 2481
f 3989 1354 3988
f 2986 2972 2971
f 4034 1408 1407
f 1391 4009 1390
f 1391 1390 5035
f 2418 2417 2840
f 2530 2531 2273
f 2530 2273 2272
f 141 4120 1539
f 4687 4688 4689
f 4339 4355 4354
f 1022 743 1021
f 321 5372 5371
f 4656 2677 2678
f 4015 1389 1388
f 5186 5034 5033
f 4076 1470 1485
f 2152 2166 2151
f 2037 2036 2400
f 2233 2234 4457
f 2995 4904 3015
f 2132 2133 2101
f 3073 305 3088
f 3073 303 305
f 305 303 4964
f 4967 4964 4968
f 3073 4953 303
f 5082 2642 254
f 2642 4643 254
f 441 3451 440
f 922 4484 4485
f 205 2069 2387
f 3041 3042 2306
f 1461 1462 1445
f 4143 1593 1592
f 567 3790 568
f 567 568 3548
f 2444 2445 2152
f 2504 2632 2505
f 491 4500 492
f 491 492 3480
f 393 3355 392
f 4574 4508 4510
f 1134 1775 1774
f 908 909 880
f 4220 4217 1701
f 397 3379 3381
f 3658 3633 3632
f 1253 1254 3953
f 2219 2220 2243
f 2064 2075 2063
f 2396 2397 2033
f 4181 1611 1610
f 4633 2638 4632
f 2632 2633 2609
f 4753 4757 4758
f 3389 3419 3418
f 3644 3668 3663
f 4579 2555 4578
f 1639 1638 4473
f 614 610 609
f 295 4918 2980
f 295 2980 2092
f 155 5054 154
f 155 154 4168
f 5236 5211 5234
f 2836 2837 4777
f 2145 2171 2172
f 4683 4684 2712
f 2542 2541 2558
f 3975 3992 3976
f 1401 4038 1402
f 3133 3134 5007
f 2219 2481 2482
f 5354 5358 5373
f 4618 2594 4619
f 3218 5269 3219
f 2475 2476 2213
f 3062 4954 4955
f 1467 5022 5020
f 652 946 947
f 300 3039 4939
f 1611 4181 4179
f 4144 1611 4159
f 911 912 877
f 2554 4605 4600
f 4747 4744 2823
f 4358 1943 4357
f 4360 4358 4362
f 1337 1022 1021
f 3126 4998 5012
f 4041 1427 4042
f 1405 4041 4042
f 4431 4516 4517
f 4839 2915 4840
f 4516 4559 4517
f 4431 4430 4516
f 2641 235 2188
f 1409 4023 1410
f 3513 3512 3517
f 3514 539 540
f 540 539 3776
f 1978 4390 1977
f 1978 1977 5053
f 1978 5053 5055
f 1978 5055 191
f 1978 191 1975
f 1978 1975 4390
f 2659 2657 255
f 2657 4669 255
f 2659 255 4651
f 2685 4664 2684
f 3632 3630 3657
f 603 3627 602
f 3673 3678 3683
f 1756 4234 1755
f 4325 1856 4326
f 691 722 690
f 2395 2032 2031
f 1416 1007 1006
f 1382 1367 1366
f 994 995 712
f 4025 1430 1431
f 2114 2119 2113
f 2995 3015 297
f 2995 297 5162
f 2863 2406 2862
f 5228 3210 3209
f 3209 3210 3156
f 5006 3110 5005
f 4856 2378 4855
f 2854 2853 2870
f 1689 1705 1706
f 1920 4350 4352
f 4399 1989 1990
f 3736 686 687
f 3228 3227 5317
f 5376 5371 5369
f 732 754 3726
f 4987 4986 3112
f 4795 4809 2882
f 930 637 636
f 1802 1110 1801
f 1762 1763 4224
f 2136 2137 4461
f 208 5164 221
f 208 221 2323
f 1589 1588 4154
f 1588 1589 1578
f 4133 4134 1578
f 1563 4133 1564
f 1606 4155 1605
f 3044 3043 3060
f 3944 1249 108
f 108 1249 3957
f 4988 3095 4986
f 4180 4182 1678
f 3981 3979 3980
f 3661 3646 3669
f 1331 3973 1347
f 410 409 3601
f 4356 1924 4355
f 3552 3554 563
f 3552 39 564
f 3246 3245 5350
f 4009 4015 4006
f 4201 4203 4205
f 1202 104 3904
f 3908 3910 3906
f 3934 3916 3933
f 1285 1323 1324
f 1163 1164 897
f 1786 4243 4251
f 3678 3672 3683
f 2465 2464 2732
f 915 67 3742
f 2174 2142 2143
f 4384 4366 4365
f 4338 1924 1925
f 2459 2738 2737
f 1633 1634 1648
f 702 983 984
f 5139 5137 2911
f 2308 3043 2309
f 3450 3444 3443
f 3921 3922 3920
f 5031 5079 3171
f 700 701 713
f 472 3464 3463
f 3387 401 3361
f 587 3565 3563
f 586 3805 587
f 586 587 3563
f 2713 4682 4683
f 2448 2156 2155
f 751 752 3804
f 106 3922 1237
f 4976 3087 4974
f 3920 1221 3921
f 3355 3388 392
f 3512 3513 527
f 3880 3879 3892
f 3601 42 3602
f 1319 1257 1320
f 660 643 644
f 1706 4212 1707
f 2022 2021 2428
f 2022 4418 2025
f 5075 1872 180
f 180 1872 1892
f 184 4342 1928
f 184 1928 5060
f 800 1074 72
f 1607 4156 1606
f 4080 4079 4077
f 4030 1396 1395
f 5234 5211 5213
f 2065 2073 2074
f 1775 1776 4263
f 2147 2170 2146
f 5302 5345 5343
f 1646 1681 1680
f 814 1089 815
f 3246 3247 5268
f 2855 2854 2871
f 896 3748 895
f 1038 760 759
f 2277 1638 1637
f 1052 1979 1053
f 304 3083 3098
f 304 308 5151
f 304 3098 308
f 3532 556 3533
f 1237 1248 106
f 3771 3772 3861
f 3534 3529 3543
f 701 702 712
f 4023 1409 4025
f 3000 3001 4899
f 4979 4982 4980
f 3396 3421 3400
f 1991 4397 4398
f 1950 1935 1949
f 2147 2146 2439
f 4380 1950 1949
f 1917 1901 1900
f 4403 1986 4402
f 3836 3877 3896
f 5130 5129 2849
f 5130 2849 278
f 2849 4784 278
f 3515 3518 3508
f 1624 2263 2264
f 682 4481 4480
f 4465 4553 4520
f 3622 3624 47
f 3678 3658 3657
f 2075 2349 2350
f 244 2571 4584
f 244 4600 2571
f 4056 4057 4058
f 925 4117 926
f 141 1553 4120
f 141 4167 1553
f 200 4448 198
f 5041 118 1345
f 3974 1345 118
f 2483 2221 2220
f 2216 2478 2479
f 5228 5226 3210
f 1050 1049 1981
f 2092 4452 4453
f 2416 2841 2417
f 2444 2152 2151
f 2622 2623 4627
f 2237 2226 2227
f 1818 1801 1817
f 3360 3329 3400
f 39 3552 563
f 2407 2863 4784
f 315 3223 5218
f 2031 2032 2016
f 2919 4856 4855
f 3942 1261 1262
f 588 3565 587
f 588 587 3805
f 590 3802 3800
f 590 3566 589
f 590 589 3802
f 3311 3310 3313
f 352 3320 3321
f 3315 3310 3312
f 3538 3536 3543
f 3627 3626 3654
f 491 3480 3478
f 3587 3660 3586
f 3958 1269 3960
f 3921 1221 1220
f 1313 1269 3966
f 2874 4803 4805
f 1535 4099 1534
f 1102 831 1101
f 504 29 3488
f 2090 2364 2365
f 5061 2555 5063
f 4885 4870 4886
f 2131 2315 2316
f 1458 4063 1459
f 955 954 1528
f 2250 2213 2249
f 2687 261 2725
f 2687 2185 261
f 1616 4476 152
f 2246 2217 2245
f 3855 3868 3891
f 3640 3660 3587
f 1220 1219 3921
f 3485 3484 495
f 76 4163 677
f 3468 3467 464
f 3468 481 482
f 482 481 4513
f 4302 1869 1870
f 3394 3344 3342
f 3400 3329 3396
f 3535 3537 3539
f 3351 3348 3397
f 1140 874 97
f 1220 3900 3913
f 1348 1331 1347
f 1016 1332 1333
f 955 956 661
f 3985 1365 1366
f 505 4494 4492
f 4562 4543 4542
f 419 9 3360
f 3633 599 3632
f 3526 529 528
f 2575 4606 2576
f 897 1164 898
f 4191 1715 1716
f 1744 4241 4223
f 2217 2479 2480
f 2257 4467 2256
f 2684 2700 2685
f 661 642 643
f 4025 4034 1430
f 1029 1343 1030
f 40 3819 3793
f 3936 3937 3954
f 4591 2562 2561
f 4044 4028 4032
f 2942 2959 2943
f 701 982 983
f 4348 1918 1917
f 3011 3010 4936
f 2698 4671 2683
f 2698 4683 4682
f 3198 5252 5250
f 568 3549 3548
f 4275 1821 4277
f 4241 4242 4223
f 1742 1727 1726
f 5091 2720 5092
f 2363 2089 2088
f 4127 1581 1582
f 2351 2350 2939
f 3958 3961 3962
f 1751 4246 1752
f 2764 2748 2747
f 451 3456 3454
f 498 497 3619
f 4567 4573 4562
f 449 3446 448
f 448 4501 18
f 448 18 449
f 4999 4996 4995
f 4996 4994 4995
f 3102 4994 4996
f 4855 2920 2919
f 3577 3671 3649
f 3346 12 425
f 3609 431 3610
f 1986 1987 4402
f 125 3993 1375
f 125 1375 4008
f 2917 4863 4857
f 4822 2897 2912
f 1392 1393 4004
f 1365 3985 3984
f 2552 2551 4581
f 4937 3033 3034
f 3034 4927 4937
f 495 26 3485
f 3338 3334 3332
f 2121 2305 2306
f 2080 2354 2355
f 1320 1280 1319
f 4989 3114 4971
f 4960 4945 4961
f 4550 4430 4549
f 4901 3000 4899
f 2971 2972 4877
f 3183 5231 3184
f 3183 3184 3165
f 2615 4631 2616
f 3493 3501 3502
f 476 3483 3487
f 341 3309 3308
f 3300 337 335
f 3712 680 3801
f 2581 4596 2580
f 3708 3710 3718
f 3321 351 1
f 3419 3433 3418
f 3592 405 404
f 1588 4153 4154
f 1575 1586 1576
f 4944 3068 3069
f 675 4074 4069
f 1442 979 978
f 2172 2465 2466
f 1493 138 134
f 138 5022 134
f 903 1169 1170
f 1073 1909 4333
f 4207 1712 1711
f 1233 1232 1243
f 1742 1743 1727
f 452 3456 3455
f 3964 1270 1268
f 4151 4147 4148
f 4103 1497 4101
f 767 766 1045
f 3514 3516 539
f 172 4265 1805
f 5076 5191 5078
f 1819 1802 1818
f 4161 4162 4160
f 4131 4129 4130
f 918 3757 917
f 5143 5013 5142
f 1631 2271 1632
f 2504 2505 2241
f 5279 5296 5276
f 4937 4927 3012
f 3034 3035 4927
f 4729 2767 2766
f 2318 2319 2134
f 3896 3875 3885
f 4057 1463 4058
f 3263 3262 3281
f 5231 5229 5212
f 716 999 717
f 4224 4230 4225
f 1391 4015 4009
f 2146 2145 2438
f 4651 4652 4653
f 2676 259 2691
f 1984 1983 1047
f 4559 4522 4521
f 1752 4246 4264
f 4212 4211 1707
f 693 720 692
f 3499 506 507
f 3635 3664 3655
f 5145 310 5141
f 3069 3068 4962
f 3191 3172 3190
f 3191 3190 5245
f 3191 3173 3172
f 136 4073 674
f 1843 4294 1842
f 1843 1842 4298
f 72 779 800
f 800 1073 1074
f 4645 2657 2659
f 4005 1381 4007
f 2752 2440 2751
f 4750 2818 4749
f 355 356 3318
f 4684 2697 2696
f 2011 2417 2418
f 1989 1041 1990
f 2752 2768 2769
f 4239 1743 1742
f 3671 3648 3649
f 4566 4562 4573
f 3224 5214 5216
f 4431 4517 4432
f 2249 2213 2214
f 2921 2920 4855
f 4802 4801 2887
f 2398 2399 2035
f 4849 2376 2375
f 465 466 461
f 419 3360 3362
f 3864 3842 3783
f 4018 4005 4007
f 4017 4016 4005
f 1384 1383 4014
f 2351 2939 2352
f 2147 2439 2440
f 936 937 643
f 1402 4013 1401
f 2786 4739 2787
f 2204 2295 2296
f 2283 2192 2191
f 2191 4469 2190
f 3097 3096 4970
f 1270 3964 1271
f 917 3956 918
f 4530 4416 4486
f 2172 2173 2144
f 4726 2784 2785
f 2314 3048 3049
f 111 1268 69
f 111 3964 1268
f 3756 3757 3835
f 4535 4526 4552
f 3847 3790 3792
f 2939 2940 2352
f 2030 2018 2029
f 3853 3801 3799
f 5313 5337 5335
f 2553 2535 2552
f 5345 5302 5304
f 2137 2136 2321
f 521 523 35
f 35 523 3782
f 933 1543 1544
f 4593 2563 4592
f 2016 2017 2031
f 3709 3895 3890
f 3247 3246 5350
f 2932 2931 5144
f 2932 4845 2931
f 141 1539 4117
f 365 347 3323
f 359 360 345
f 611 616 612
f 611 612 3689
f 3413 3350 3414
f 3604 3597 3599
f 743 1022 744
f 1507 1528 1508
f 2107 2335 2108
f 2626 4641 2625
f 2543 2542 2559
f 5376 5355 3288
f 5369 3285 3284
f 3536 3534 3543
f 3431 3413 3414
f 3838 3765 3766
f 4369 4370 4371
f 4377 1946 4375
f 4344 4345 1915
f 4238 4239 1742
f 1658 1624 1657
f 4707 4693 4694
f 4608 2588 247
f 4608 247 2587
f 4601 2587 247
f 148 1593 4143
f 3352 3398 3414
f 1089 1090 815
f 3960 69 918
f 1269 1265 3966
f 3036 2324 3037
f 3931 3932 3933
f 1230 3935 1241
f 3953 3936 3954
f 2864 4814 4813
f 666 637 665
f 186 5059 1928
f 186 1928 4340
f 5280 5300 5298
f 2534 2535 2277
f 2652 2651 2668
f 3677 3579 3652
f 3430 3417 3406
f 3813 620 3812
f 3643 3642 3667
f 3751 3752 674
f 2261 2260 2518
f 333 5382 3297
f 2246 2247 2216
f 2140 4428 2139
f 2267 2268 1628
f 2311 2312 2127
f 2580 2595 2581
f 4962 3072 4948
f 2594 2580 2579
f 2932 5144 5143
f 3646 3604 3605
f 61 3713 3803
f 2177 2178 4428
f 4426 2179 201
f 3222 5219 5217
f 2055 2372 2373
f 1318 1278 1317
f 2897 4815 4812
f 3950 3946 3945
f 3124 4999 4995
f 1821 4267 4270
f 1075 1076 801
f 3298 3297 332
f 1149 1150 884
f 5225 5227 3181
f 2268 2267 2525
f 4934 4933 3030
f 2697 4684 4683
f 2012 2013 2035
f 2529 2272 2271
f 3790 567 3792
f 956 1526 957
f 4532 4533 4565
f 1257 3949 1256
f 1302 1303 1279
f 1084 1885 1884
f 1816 1800 1799
f 2945 2944 2961
f 4944 3052 3051
f 5014 5148 5146
f 4586 2571 4590
f 2120 2119 2304
f 2903 2887 2902
f 3976 3992 1372
f 4428 2178 2179
f 3281 5364 3282
f 1552 1551 4118
f 4932 4933 3007
f 4518 4519 4410
f 675 3751 674
f 3710 3708 3841
f 1184 1181 1180
f 1933 4348 1932
f 1965 1964 4402
f 4619 4620 2608
f 2556 4584 4586
f 1019 1018 1334
f 2982 4891 294
f 2982 294 2997
f 2982 4900 2983
f 2982 2983 4889
f 3710 3842 3889
f 3704 3877 3887
f 1029 750 1028
f 1427 995 1428
f 1802 1112 1111
f 853 840 841
f 2124 2123 2308
f 174 177 1825
f 174 4290 177
f 1734 4245 4255
f 1830 1829 1844
f 4284 1829 1830
f 174 1823 4290
f 174 4272 1823
f 1268 1267 69
f 1706 1690 1689
f 1603 4153 4152
f 1318 1319 1279
f 2987 2986 4908
f 1363 1364 3980
f 2377 2059 2376
f 2977 4870 4884
f 3361 360 359
f 1545 934 1544
f 5122 101 1183
f 1183 101 3901
f 1397 4018 4002
f 1062 1901 1063
f 1755 4262 4261
f 4192 1703 4194
f 3406 3422 3430
f 2460 2461 2167
f 3332 431 432
f 11 451 3454
f 4551 4514 4515
f 1806 4289 170
f 1806 170 1808
f 1806 1808 4269
f 199 237 2495
f 199 5077 237
f 4631 2615 4632
f 2500 2237 2236
f 402 403 3366
f 3419 3434 3433
f 4993 4997 4991
f 5228 3209 5230
f 75 945 78
f 75 78 5024
f 1182 5120 1183
f 1182 1183 3903
f 4161 4165 4164
f 2278 2279 4474
f 243 5065 5063
f 1613 1594 4159
f 5046 1594 150
f 1613 150 1594
f 4424 4425 4515
f 1969 1968 4398
f 2268 2525 2526
f 2923 4834 2922
f 3699 622 623
f 623 622 3820
f 3699 3697 622
f 3820 622 3813
f 3045 3062 3046
f 5002 3129 5003
f 2079 2353 2354
f 3815 607 3816
f 3867 3819 3794
f 517 4481 30
f 517 30 509
f 3543 545 544
f 4418 2023 4419
f 2796 4745 4743
f 5141 5179 3151
f 4469 4475 2190
f 5181 5166 5015
f 4182 1607 1606
f 742 1020 1021
f 956 662 661
f 1922 1906 1905
f 2556 2557 4580
f 3493 3498 3492
f 1025 746 1024
f 4592 2563 2562
f 2559 4588 2560
f 2229 2491 2492
f 58 57 774
f 5140 5013 5139
f 2044 2407 2408
f 1760 4239 1759
f 1050 771 1049
f 1317 1259 1318
f 4397 4395 1970
f 4211 4213 1722
f 1470 4076 1471
f 1470 1471 4066
f 4395 1971 1970
f 1923 4354 4355
f 1430 991 1431
f 3744 705 3745
f 5026 83 5025
f 4521 4451 4449
f 4875 4878 4882
f 4397 1970 1969
f 5059 5060 1928
f 309 5148 5149
f 5146 3121 5145
f 3311 3321 3320
f 3661 3595 3597
f 283 2899 2883
f 283 281 4810
f 283 2883 281
f 4560 4543 4562
f 2432 2433 2140
f 4423 2001 4424
f 1673 4183 1672
f 832 833 860
f 834 858 859
f 3911 1190 1216
f 3928 1232 1233
f 567 3548 3553
f 4264 4246 1774
f 3793 566 40
f 40 566 565
f 3554 3548 3551
f 2477 2644 2478
f 2507 2508 2244
f 4859 4860 2383
f 1815 1798 1814
f 1817 1816 4282
f 2786 2787 4724
f 3081 4945 4959
f 1160 1686 98
f 5101 98 1686
f 68 1161 895
f 2749 2748 2765
f 3357 3398 3356
f 366 365 3352
f 963 669 668
f 4486 516 515
f 515 516 3502
f 1293 4469 2191
f 4384 4382 1969
f 2941 2958 2942
f 4899 3001 3002
f 2125 2124 2309
f 3501 3493 3492
f 1478 134 4056
f 1478 1493 134
f 4061 1476 4060
f 1228 1238 1239
f 2207 1309 2206
f 1756 1755 4261
f 1317 3968 1260
f 388 3580 3582
f 564 565 3553
f 567 566 3792
f 2144 2436 2437
f 2891 2892 4792
f 798 804 797
f 5385 336 322
f 4624 4623 4625
f 2521 2520 2541
f 2693 4690 4688
f 4492 4494 4555
f 2917 2916 4863
f 433 3331 432
f 4779 4780 2834
f 2780 4731 4715
f 739 768 738
f 64 71 5018
f 64 3729 71
f 28 4492 4490
f 3070 4962 4948
f 3139 5001 3138
f 1997 4388 4389
f 545 3528 546
f 958 1524 959
f 3057 3056 4949
f 4996 4999 5012
f 1458 1442 1441
f 1441 1457 1458
f 3103 4975 4974
f 2227 2236 2237
f 2136 2135 2320
f 4793 2882 4809
f 5147 5180 3156
f 2090 213 4440
f 3156 3210 3157
f 662 956 957
f 1244 1233 1243
f 4880 2958 4879
f 2351 2352 2077
f 2560 2544 2543
f 1368 3988 3987
f 750 749 1028
f 903 886 887
f 2847 2409 276
f 5242 3203 3202
f 3202 3203 3148
f 2218 2217 2480
f 5085 5192 5083
f 882 883 906
f 3052 4944 4941
f 4948 302 3070
f 302 5155 5157
f 3826 3721 3722
f 2941 2353 2940
f 4689 4690 4674
f 2623 4626 4627
f 993 1429 994
f 5167 3164 5083
f 1470 4068 1469
f 1871 179 1851
f 179 5080 1851
f 4207 1727 4206
f 1043 765 764
f 1711 4208 4207
f 3076 3075 3090
f 1140 97 1685
f 1685 97 872
f 3476 480 479
f 3457 3465 3466
f 3006 4910 3005
f 2077 2062 2076
f 2937 2936 4868
f 4627 4635 2585
f 2415 2842 2416
f 1995 1036 1035
f 1994 1995 4394
f 4276 4275 4277
f 2758 4710 2759
f 2265 2264 2522
f 2438 2437 2749
f 3797 683 3795
f 4531 4553 4530
f 2263 2262 2520
f 4356 1926 1925
f 4312 4308 1849
f 5389 339 342
f 5387 342 339
f 4648 258 2675
f 5089 2675 258
f 2701 258 2686
f 519 3703 520
f 1601 4183 1602
f 4377 4378 1947
f 4378 4377 4376
f 4341 1927 4343
f 4382 4381 1968
f 1964 4403 4402
f 4378 4376 1964
f 1963 1964 4376
f 1402 4038 4039
f 5092 263 5093
f 2719 263 2720
f 5092 2720 263
f 4351 4345 4344
f 3214 5203 5200
f 3498 3493 3499
f 2517 2260 2259
f 870 3739 869
f 2764 4714 2765
f 2215 2477 2478
f 827 826 1097
f 2717 4678 2716
f 3430 3422 3439
f 174 1825 4272
f 521 3503 523
f 110 1265 1269
f 110 1269 3958
f 2136 2320 2321
f 558 559 3535
f 558 3766 559
f 3535 3533 558
f 3863 3842 3710
f 2185 2186 4443
f 3509 3520 3522
f 1832 4281 4282
f 1884 1085 1084
f 858 857 1129
f 1886 1885 1083
f 5368 3273 5370
f 2332 2331 3030
f 1365 1381 1366
f 1918 1901 1917
f 1300 1282 1299
f 1399 4036 1400
f 4041 1404 4040
f 1335 1351 1352
f 4374 4377 4375
f 4546 4420 4421
f 4707 2727 2728
f 4443 4442 2185
f 453 3456 452
f 3274 5365 3275
f 3137 5010 3136
f 3701 599 598
f 620 3697 3694
f 4441 4425 201
f 494 27 3489
f 4555 4494 4536
f 4494 27 4496
f 4548 4514 4563
f 1444 981 980
f 2943 2944 2356
f 1435 4049 1436
f 2004 2411 2005
f 4808 4793 4809
f 2808 4771 4762
f 2620 2621 4631
f 2620 5073 2621
f 4113 1520 1519
f 3986 3985 1366
f 1888 4323 1887
f 4252 1763 1762
f 3360 3400 3362
f 4534 4535 4493
f 4409 4529 4534
f 559 3537 3535
f 3766 3765 559
f 4696 2723 2724
f 2724 2723 5095
f 2229 2235 2228
f 4713 4710 2758
f 1260 1259 1317
f 4639 4638 2604
f 4639 2627 4638
f 4592 2562 4591
f 2290 2291 2199
f 2218 2480 2481
f 4563 4514 4551
f 2125 2309 2310
f 2455 2454 2741
f 1634 1647 1648
f 2784 2799 2785
f 4551 4565 4563
f 5271 5273 3244
f 1970 4384 1969
f 4355 4339 4340
f 1403 1404 4011
f 4040 1404 1403
f 5026 5025 3174
f 995 1427 996
f 2722 2723 4695
f 2722 5096 2723
f 4795 2880 4809
f 3877 3837 3887
f 5 3555 524
f 525 570 34
f 4765 2828 2825
f 4769 4768 2844
f 398 3379 397
f 3379 3377 3409
f 5288 5271 5268
f 4448 4450 2252
f 2534 2277 2276
f 4926 4928 3002
f 3780 3863 3841
f 4401 1987 1988
f 836 857 835
f 1400 4014 4016
f 1401 4014 1400
f 2583 2598 245
f 1895 1074 4333
f 5348 5346 5328
f 5365 3276 3275
f 4536 4560 4566
f 3048 3064 3065
f 5010 5009 3136
f 1034 1995 1035
f 5050 3177 5176
f 3783 3842 3782
f 2927 4819 2926
f 2656 2493 2492
f 2655 2656 2492
f 708 707 990
f 1300 2197 2198
f 4657 4655 4656
f 4688 4687 4686
f 4485 19 923
f 767 1046 768
f 2484 2222 2221
f 1113 1114 843
f 1887 4323 1886
f 4240 1760 1761
f 3639 3674 3665
f 356 355 383
f 4836 2907 2906
f 2906 2907 4817
f 2908 2891 2907
f 4818 2908 2907
f 4280 1834 4276
f 3061 4954 3062
f 5204 3229 3230
f 4685 2711 4684
f 4792 4807 4806
f 2559 2560 2543
f 2968 4871 292
f 2968 292 5156
f 4532 4488 4489
f 3841 3862 3840
f 4442 4443 4551
f 3840 3777 3778
f 15 3471 3470
f 2184 4441 201
f 12 453 3466
f 5145 5168 5146
f 5147 204 213
f 4440 213 204
f 2406 2863 2407
f 1901 1062 1900
f 2726 4691 4692
f 2121 2112 2120
f 2387 2069 2386
f 1 351 374
f 2607 4620 4621
f 3958 3962 3957
f 426 3461 427
f 2698 2699 4671
f 1554 143 5040
f 1554 4119 143
f 1108 838 837
f 566 567 3553
f 3554 3551 17
f 4086 4089 4087
f 3398 3428 3414
f 1193 1171 1194
f 2265 2522 2523
f 4337 1912 1913
f 2894 2387 4838
f 1733 4250 4245
f 896 1162 1163
f 2109 2123 2124
f 5000 4998 3127
f 1314 1313 3966
f 2516 249 238
f 249 2253 238
f 2109 2110 2123
f 4439 2050 4438
f 5224 5217 5219
f 5101 70 98
f 98 70 1160
f 1865 1885 1886
f 5250 5252 5203
f 2651 2485 2650
f 2489 2490 2227
f 4696 4695 2723
f 2426 2832 2831
f 323 325 5377
f 323 5361 325
f 4174 4175 4173
f 156 1684 1641
f 173 4276 1835
f 3110 5006 3111
f 5007 5006 3133
f 2988 2974 2973
f 2974 4880 2973
f 2988 2989 2974
f 4030 1395 4044
f 1205 1206 3901
f 2357 2944 2945
f 3688 580 579
f 5045 5046 5187
f 2694 2693 4688
f 4438 2089 4439
f 224 5180 5147
f 2233 2496 2497
f 2743 2452 264
f 5096 264 5099
f 252 5177 2619
f 252 2619 4630
f 252 4630 2640
f 4371 189 1943
f 4357 1943 189
f 5116 68 873
f 68 895 873
f 1163 1200 1164
f 558 3533 557
f 558 557 3768
f 532 3523 3507
f 3846 3790 3847
f 3788 569 568
f 569 3549 568
f 1213 1193 1194
f 3133 5006 3132
f 1638 1644 1637
f 129 675 4069
f 668 635 667
f 4481 4414 4480
f 4229 4227 4228
f 3658 3632 3657
f 3491 3494 3502
f 3666 3665 3591
f 3957 106 108
f 106 1248 108
f 3957 1225 106
f 1225 3922 106
f 2683 2682 2697
f 2810 4761 4781
f 3359 3357 361
f 3502 516 3491
f 1364 1365 3984
f 4842 2931 4845
f 5215 5217 5228
f 813 812 1087
f 3303 3295 330
f 181 777 4361
f 1054 781 780
f 1591 4141 1592
f 55 728 3734
f 3854 3800 3802
f 1700 4191 4190
f 2686 258 4648
f 1228 3916 1227
f 3265 3283 5352
f 5138 3150 3151
f 3572 579 580
f 3572 3567 3573
f 3096 4969 3095
f 3096 3095 4988
f 4969 3096 3081
f 1789 1768 4247
f 4234 4235 4232
f 4237 1741 1740
f 1266 3939 3937
f 4768 2843 2844
f 907 881 882
f 1231 1242 1232
f 4986 3095 3094
f 632 926 633
f 4110 4111 966
f 972 1436 1437
f 129 4049 1435
f 2456 2455 2741
f 5227 5229 3182
f 2424 2423 2834
f 2002 2744 231
f 2744 2431 231
f 3176 5044 3175
f 5201 316 5198
f 746 761 745
f 4264 1753 1752
f 5136 116 1327
f 3969 1327 116
f 5171 5183 3169
f 3139 2284 2283
f 4959 4945 4960
f 3139 2283 2282
f 2919 4829 2918
f 2825 2824 4765
f 973 972 1437
f 899 898 1165
f 3861 3862 3839
f 3947 1257 1258
f 4955 3077 3078
f 1971 4366 1970
f 4342 1926 4356
f 750 751 756
f 1372 3992 1371
f 3783 3782 523
f 3704 3897 3877
f 574 3603 3602
f 34 570 3784
f 3896 3877 3897
f 4209 4208 1710
f 4234 1756 4236
f 4371 4368 4375
f 2539 4576 242
f 2539 242 5061
f 2062 2077 2061
f 2296 2295 3127
f 2367 2366 4842
f 1077 803 802
f 340 3298 332
f 4725 4726 2785
f 4774 2818 2817
f 3452 451 3453
f 29 504 3497
f 2731 2466 2465
f 1532 950 4115
f 2596 2595 4617
f 4453 4454 2091
f 3038 299 4940
f 1183 5120 5122
f 5240 5209 5238
f 1673 1653 1674
f 4861 4860 4840
f 2092 4892 2093
f 3137 2286 2285
f 764 765 742
f 3966 3965 1314
f 3091 4982 4983
f 3863 3710 3841
f 2023 4418 2022
f 2733 2464 2463
f 4785 2848 277
f 2047 277 2848
f 3754 632 633
f 1998 1999 4421
f 3846 3844 3788
f 152 1662 151
f 152 151 1616
f 2162 2155 2156
f 2727 4691 2726
f 4416 4530 4524
f 3044 3061 3045
f 1257 1319 1258
f 3238 5280 5282
f 2270 2527 2528
f 2792 4734 4735
f 2262 1623 1622
f 4761 4762 4782
f 4781 4761 4782
f 2381 4857 4863
f 1576 4136 1575
f 1586 4150 4152
f 1585 4151 4150
f 4629 2601 2600
f 381 3589 3587
f 4034 1429 1430
f 5373 5361 323
f 4825 2928 4826
f 1975 1974 4390
f 2659 4651 2660
f 4670 2186 2185
f 5134 109 5132
f 1862 4307 1861
f 5207 5209 5242
f 4762 4771 4760
f 1642 1639 1640
f 2605 4624 2604
f 2554 2556 4580
f 2554 4600 244
f 2554 244 2556
f 1358 1359 1342
f 4284 1815 1814
f 1798 1815 1799
f 703 702 984
f 1922 1921 4353
f 2426 2831 2427
f 3626 3624 3654
f 1431 991 990
f 2714 2713 4702
f 2736 2712 2735
f 2712 2736 4702
f 2950 4890 290
f 2950 290 2952
f 4847 2930 2929
f 5013 5140 5142
f 2909 2908 4820
f 4852 4847 2929
f 553 3772 3771
f 4751 2799 4752
f 2784 4726 4727
f 1016 1333 1017
f 563 3554 17
f 3626 3627 603
f 733 1011 1012
f 752 3726 3804
f 751 3804 756
f 4760 2829 2830
f 2218 2219 2244
f 4717 268 2777
f 4737 2777 268
f 3972 1328 117
f 1328 731 117
f 1455 4066 1456
f 4100 1501 4106
f 2047 2848 2048
f 958 664 663
f 2210 1291 114
f 2210 114 5179
f 1291 115 114
f 5179 114 115
f 3007 4933 3008
f 840 1110 1111
f 897 3747 896
f 4960 3067 3066
f 4913 4912 3008
f 823 824 3721
f 3386 3353 10
f 2966 4867 4866
f 2141 2433 2434
f 3711 3807 799
f 1154 1697 1155
f 3907 3909 1198
f 1529 1508 1528
f 995 994 1428
f 2177 4428 2140
f 3978 3977 1362
f 3253 5279 3252
f 5356 5360 5359
f 4220 871 870
f 767 740 766
f 2856 2873 2857
f 4894 4890 2950
f 4868 2950 2952
f 1350 3983 3985
f 719 1001 1002
f 1421 1420 1002
f 3569 41 573
f 3569 591 41
f 591 3798 41
f 3867 3794 3849
f 3652 3676 3654
f 2757 4713 2758
f 4224 1764 4230
f 3845 3879 3850
f 2707 4689 4674
f 4148 4146 1599
f 2259 152 197
f 2603 4639 2604
f 4970 4989 4971
f 4971 3114 3115
f 2185 2184 261
f 3622 3620 3652
f 685 684 4477
f 715 997 998
f 3979 3981 1347
f 2694 2679 2693
f 3654 3622 3652
f 3699 624 617
f 47 605 3622
f 4537 4535 4552
f 3086 4967 4965
f 3101 306 4994
f 1957 4396 1958
f 1226 3920 1225
f 1226 1225 3962
f 583 3811 584
f 583 584 3567
f 581 580 43
f 581 43 3814
f 581 3572 580
f 5045 1595 1594
f 1595 4159 1594
f 5042 143 1571
f 1571 143 4126
f 5102 1516 1515
f 1516 4099 1515
f 4126 4127 1571
f 2261 4413 2260
f 4685 2695 4686
f 2381 2063 2380
f 4553 4465 4524
f 577 578 3575
f 3696 3700 3698
f 5014 5155 5150
f 3492 3495 3500
f 2201 2200 2292
f 1319 1318 1258
f 2352 2353 2078
f 2960 2944 2943
f 5096 5099 3163
f 2677 4652 2676
f 5179 115 5138
f 1265 1264 3966
f 2279 2536 2537
f 2137 2321 2322
f 3446 450 3452
f 450 451 3452
f 4499 4539 4541
f 3857 3752 3834
f 141 678 4167
f 3422 3402 3416
f 4810 4813 4815
f 4930 3004 4929
f 4841 4844 4861
f 2382 4859 2383
f 112 1268 1270
f 112 1267 1268
f 112 113 1267
f 112 1270 113
f 4213 4211 4212
f 712 995 713
f 2554 4580 241
f 2554 241 4605
f 2378 4856 2379
f 3949 1257 3947
f 1214 3919 3928
f 176 1836 4328
f 4040 1403 4039
f 2934 4865 2345
f 2692 2677 2676
f 2432 2140 2139
f 3928 1215 1214
f 2741 2454 2742
f 4176 4181 4177
f 4135 1561 4136
f 2476 2477 2214
f 2311 2127 2126
f 1215 1192 1214
f 2072 2071 2346
f 971 972 690
f 2210 4475 1291
f 2212 2474 2475
f 2847 276 4763
f 5165 5117 5118
f 2584 2254 249
f 2584 249 2622
f 4410 4532 4518
f 4640 4638 2628
f 997 1425 998
f 388 358 357
f 5077 5177 252
f 2155 2154 2447
f 974 692 973
f 3857 3834 3845
f 4577 2538 241
f 2256 241 2538
f 2072 2346 2347
f 1064 1065 791
f 314 5197 3196
f 314 3196 3142
f 1436 970 1435
f 1242 3949 1243
f 1303 2201 1304
f 357 358 3315
f 3778 533 3779
f 3523 533 3521
f 4693 4707 4706
f 3491 509 510
f 4779 2813 2812
f 2962 2945 2961
f 4087 4083 4078
f 370 3347 3345
f 4111 4110 1517
f 4762 4783 4782
f 2831 2832 4782
f 3565 3566 3561
f 3854 3869 3870
f 3560 595 596
f 192 4388 1997
f 4491 4534 4493
f 1750 1751 4227
f 2375 2057 2374
f 2658 4646 2673
f 4162 1619 149
f 1619 1596 149
f 926 927 633
f 1965 4378 1964
f 5281 5296 5279
f 4308 4302 1852
f 347 365 366
f 3428 3398 3415
f 2258 3168 155
f 2907 2891 4817
f 451 11 3453
f 2487 2652 2653
f 674 3752 673
f 4535 4495 4493
f 3448 3445 3449
f 920 4483 921
f 4483 4484 921
f 3442 3445 3453
f 1390 1410 127
f 1390 127 5034
f 2682 2683 4661
f 2824 2823 4766
f 4708 2451 2450
f 2535 2278 2277
f 831 832 861
f 1703 1704 4194
f 2363 2949 2364
f 2370 2371 2053
f 2476 2214 2213
f 2096 2324 2097
f 2053 2087 2052
f 5001 3139 4993
f 1284 1297 1298
f 3505 3503 521
f 3704 3706 3897
f 3602 3603 411
f 517 509 3491
f 608 3814 43
f 608 43 580
f 1468 1469 4052
f 3659 3637 3665
f 831 830 1101
f 4858 2367 4842
f 2369 2370 2052
f 4195 1704 1705
f 400 3555 5
f 2967 4890 4888
f 2972 2986 2987
f 1774 4246 1773
f 3486 3485 496
f 473 4511 474
f 473 474 3464
f 5092 5093 5192
f 4696 2724 2719
f 2743 4695 2742
f 5093 2724 5095
f 1022 1337 1338
f 1034 1996 1995
f 1772 1137 1773
f 4228 4227 1751
f 3905 3901 3908
f 460 467 459
f 5100 5098 5193
f 1803 1113 1112
f 1117 846 1116
f 3898 91 1075
f 5071 91 62
f 3898 62 91
f 250 2598 4612
f 1664 4174 4173
f 156 154 5054
f 156 1641 154
f 924 19 21
f 441 21 19
f 2303 4940 3040
f 3563 3565 3561
f 3869 3854 3805
f 5097 1768 168
f 1789 168 1768
f 1689 1144 1688
f 3293 5365 5368
f 811 1086 812
f 4060 1477 4056
f 1391 5035 5036
f 1388 1387 4019
f 1388 1371 1387
f 1388 1372 1371
f 3513 3516 3514
f 5031 5172 5030
f 5286 5259 5287
f 5247 5202 5249
f 674 4074 675
f 3991 1356 3990
f 3148 3149 5116
f 3748 896 3747
f 1158 1700 1159
f 690 689 971
f 1390 4009 1410
f 1390 5034 5035
f 5209 5207 3217
f 1179 912 1178
f 879 878 1144
f 2130 2131 2103
f 1227 1238 1228
f 3955 3937 3939
f 3901 1206 3908
f 5192 5085 5087
f 165 4229 1736
f 125 4008 1379
f 5137 285 2911
f 4820 2911 285
f 4891 4893 4892
f 4810 4815 2898
f 2656 2655 4646
f 2201 1303 2200
f 3743 875 876
f 3742 914 915
f 184 5062 1911
f 184 1911 4336
f 4928 3025 4929
f 2110 2338 2111
f 3828 3872 3848
f 736 735 1014
f 5072 5073 5190
f 5065 2572 5067
f 5043 148 1595
f 148 4143 1595
f 4625 2589 4608
f 4594 4587 4590
f 2574 4594 4590
f 5111 5113 5109
f 5111 2778 270
f 4719 270 2778
f 4719 2789 270
f 836 837 857
f 2789 2788 2803
f 2414 2843 2415
f 3821 3825 3871
f 1944 1929 189
f 565 566 3553
f 3566 3562 3561
f 1616 153 76
f 4226 4229 4228
f 2074 2075 2064
f 1252 3954 3955
f 2629 2606 4640
f 1424 1425 4039
f 780 781 821
f 596 575 3560
f 799 3807 798
f 1912 4337 1910
f 652 947 653
f 5024 3171 5079
f 4309 4298 4310
f 3699 623 624
f 623 3820 624
f 624 49 617
f 624 3820 49
f 3977 3978 1360
f 657 656 951
f 748 749 758
f 4866 288 2949
f 266 5104 2745
f 266 2745 4708
f 5217 5226 5228
f 2037 2011 2036
f 1095 821 820
f 821 1096 61
f 4697 4695 4696
f 3803 780 821
f 790 1064 791
f 957 1526 1525
f 3731 3730 3824
f 1038 1993 1992
f 1172 1193 1192
f 1378 4000 1377
f 1378 1377 4026
f 692 974 693
f 2327 3035 3034
f 3880 3709 3891
f 3879 3880 3851
f 4530 4553 4524
f 1298 1297 2195
f 4985 3110 3111
f 1463 4057 1464
f 4178 1680 4177
f 5366 5355 5367
f 1509 1508 1529
f 1151 1150 1694
f 1121 1787 1122
f 517 4414 4481
f 3716 776 3715
f 3375 3417 3409
f 3131 3130 2292
f 3090 4982 3091
f 2087 2088 2052
f 1325 1286 1324
f 3251 3250 3278
f 4539 4522 4559
f 3844 3786 3788
f 3453 3445 3452
f 817 1092 818
f 3047 3048 2313
f 2145 2144 2437
f 2755 2443 2754
f 4721 4723 4719
f 3063 3062 4955
f 5205 3215 3216
f 4776 2838 4775
f 2941 2940 2957
f 244 4584 2556
f 2589 2574 2588
f 4587 4586 4590
f 1181 1184 103
f 3093 3092 4984
f 4118 4121 1568
f 2475 2213 2212
f 1893 1075 91
f 1893 91 5071
f 3060 3059 4951
f 3711 799 800
f 1457 1441 1440
f 1562 4135 4134
f 1602 1603 4152
f 2424 2018 2017
f 1059 1899 1060
f 664 639 663
f 2145 2437 2438
f 2266 2265 2523
f 4475 2189 2190
f 5009 3135 3136
f 4475 4469 1292
f 1284 1323 1285
f 1250 3939 109
f 3095 3080 3094
f 5179 5138 3151
f 5381 332 328
f 5383 328 332
f 5383 3289 328
f 328 3289 5375
f 1306 1276 1305
f 4820 285 2909
f 3078 3077 3092
f 3969 116 1326
f 2244 2245 2218
f 2261 2518 2519
f 3062 3045 3061
f 5045 1594 5046
f 4616 4615 4614
f 5242 5240 3203
f 1715 1714 4203
f 3768 3766 558
f 3784 3818 34
f 2253 249 2254
f 2121 2122 2111
f 4055 1464 4057
f 4108 1511 1510
f 660 661 643
f 4084 4080 1511
f 4251 1764 1763
f 1511 4080 1510
f 698 715 716
f 3778 534 533
f 533 534 3521
f 4011 4012 1403
f 1406 1407 4020
f 157 1701 4194
f 157 4220 1701
f 157 4194 1687
f 157 871 4220
f 2336 3025 2337
f 927 1539 1540
f 3227 3228 5208
f 2290 2198 2289
f 5290 5301 5255
f 5199 5222 5219
f 3803 3713 60
f 3786 570 569
f 3550 569 570
f 3550 3549 569
f 3739 3831 3827
f 4769 2823 2822
f 4730 4714 4731
f 1186 1179 1178
f 3252 5309 3253
f 3361 359 3387
f 5315 3228 5317
f 553 3534 3536
f 2120 2304 2305
f 1667 4169 4170
f 963 4113 964
f 51 679 77
f 51 77 631
f 3651 3663 3618
f 4561 4560 4538
f 596 44 575
f 5233 3184 5231
f 2539 240 2537
f 2539 5058 240
f 3185 5235 3186
f 3185 3186 3167
f 320 317 3251
f 4251 1763 4252
f 672 967 53
f 3605 3604 436
f 438 374 3337
f 3888 50 629
f 50 627 629
f 3888 618 50
f 50 618 627
f 47 609 605
f 417 3542 418
f 413 548 8
f 4463 4520 4446
f 3775 3776 3840
f 541 3774 542
f 541 542 3524
f 166 1746 4225
f 5103 166 1748
f 166 4225 1748
f 271 4732 2793
f 271 2793 4746
f 2816 4776 4775
f 553 3536 552
f 553 552 3772
f 2099 2100 2134
f 2256 4467 4466
f 4601 4602 2587
f 111 1269 1313
f 111 3960 1269
f 111 69 3960
f 232 2451 2745
f 232 2745 5104
f 232 5104 5017
f 2537 216 2279
f 2646 2663 2647
f 2731 4705 4703
f 693 974 975
f 4260 1756 4261
f 130 1434 4045
f 130 5023 1434
f 4395 1993 4393
f 3439 3326 3430
f 907 908 881
f 4505 4506 20
f 2228 2490 2491
f 2903 2888 2887
f 4834 4835 4836
f 2887 2888 4802
f 755 3804 3726
f 3572 3573 579
f 4450 2251 2252
f 3286 3299 3287
f 3286 3287 5357
f 3251 317 5260
f 1573 1583 1584
f 4087 4078 4086
f 4137 4139 1574
f 64 5018 5094
f 4898 4904 2996
f 4445 2188 4446
f 4518 4532 4565
f 912 1179 913
f 4543 4506 4505
f 3285 3269 3284
f 4353 1921 4352
f 1991 1039 1992
f 2628 2629 4640
f 2605 2604 4638
f 5360 324 5362
f 2347 2348 2073
f 5186 5032 5174
f 798 797 1071
f 4039 1403 1402
f 1784 1785 4252
f 1027 749 748
f 5385 322 321
f 5372 321 322
f 819 1094 820
f 4324 1879 4318
f 4292 823 4291
f 1880 1088 1881
f 4468 4523 4470
f 2264 2263 2521
f 2178 2177 2471
f 4426 4428 2179
f 5193 5184 5110
f 2139 2431 2432
f 4772 2842 4770
f 3415 3357 3359
f 484 3483 475
f 483 475 3469
f 484 4510 4508
f 3746 74 56
f 74 5025 56
f 3746 56 707
f 708 3744 3745
f 706 705 987
f 2801 2802 4739
f 2801 4759 2802
f 1497 4081 1496
f 2206 2297 2298
f 3463 470 471
f 470 4509 471
f 1586 1585 4150
f 1307 1308 1274
f 3399 3359 3361
f 358 389 390
f 1752 1753 4226
f 1102 1795 1103
f 4233 4229 4226
f 3091 3076 3090
f 2311 3045 3046
f 2294 2295 2203
f 3839 3768 3770
f 4963 4966 4965
f 4995 3123 3124
f 5301 5290 5291
f 339 3305 5387
f 4445 4520 4519
f 3665 3637 3639
f 1023 744 1022
f 3458 470 3463
f 496 3485 26
f 3489 505 502
f 4563 4554 4570
f 2269 1630 1629
f 743 763 764
f 3136 2286 3137
f 1884 1885 1864
f 4557 4509 4545
f 1567 1550 1566
f 4179 4181 4176
f 4307 4306 1845
f 1551 943 942
f 1213 1214 1193
f 1590 4155 4158
f 1072 798 1071
f 3791 3789 3845
f 3791 684 685
f 5070 251 5072
f 2616 251 2617
f 5070 2617 251
f 3999 3994 3997
f 1113 843 842
f 1153 1154 888
f 5205 5203 3215
f 2184 234 261
f 234 2473 261
f 2142 2434 2435
f 3203 3149 3148
f 4480 683 682
f 4642 4626 2624
f 2540 4577 241
f 2540 241 4580
f 2256 4605 241
f 4108 1531 1532
f 5385 321 335
f 4493 445 444
f 445 3449 444
f 641 642 662
f 2155 2447 2448
f 4478 4525 4477
f 967 966 4111
f 1517 4110 1518
f 537 3516 3519
f 2557 2541 4580
f 73 3176 732
f 744 1023 745
f 3183 3182 5229
f 3183 3164 3182
f 2618 4612 4611
f 2618 5069 5067
f 2618 5067 250
f 2618 250 4612
f 2618 4611 2617
f 2618 2617 5069
f 3080 3079 3094
f 4047 130 1448
f 3977 1360 1359
f 647 656 657
f 4016 1399 1400
f 80 1479 673
f 80 967 1479
f 1348 3981 3982
f 1421 1422 4036
f 1420 1421 4035
f 1048 770 769
f 4673 4675 4674
f 4675 2704 2705
f 2704 4693 2705
f 2820 4772 4770
f 4768 4770 2843
f 2785 2800 2786
f 2318 2134 2133
f 5129 5130 3159
f 5321 5319 5341
f 5047 3177 5050
f 312 5175 5176
f 5207 3216 3217
f 2995 5162 5160
f 2995 5160 2996
f 2995 2996 4904
f 4763 4764 2847
f 212 2137 2322
f 3820 3813 3816
f 1802 1819 1803
f 1415 4032 4027
f 738 769 737
f 1923 4355 1924
f 1049 1982 1981
f 4844 2896 2895
f 2896 4811 2895
f 2895 4811 2046
f 162 4201 1730
f 4153 1604 4154
f 1629 2268 2269
f 1320 1257 1256
f 36 3775 541
f 36 541 526
f 1988 1987 1043
f 3479 487 488
f 488 487 4504
f 1061 1899 1900
f 4558 481 22
f 22 481 463
f 4511 4557 4513
f 988 74 706
f 1894 778 777
f 892 893 3747
f 897 892 3747
f 5074 180 1893
f 4331 1893 180
f 1645 1644 1682
f 3673 3653 3678
f 2753 2770 2754
f 3047 2312 3046
f 5144 3158 5182
f 4820 2908 4818
f 4836 4835 4837
f 2713 4683 2712
f 2667 4661 2668
f 4661 4660 2682
f 1706 1705 4196
f 4228 1752 4226
f 2611 4615 4617
f 2705 4674 4675
f 4309 1860 1861
f 2266 2523 2524
f 2481 2646 2647
f 2713 2712 4702
f 2487 2488 2225
f 4643 2493 2656
f 5095 5096 5167
f 4646 254 2656
f 2740 2456 2741
f 3163 3181 3182
f 3181 5227 3182
f 2345 2346 2071
f 2832 2833 4781
f 3748 3747 893
f 1585 1586 4140
f 4138 4139 4137
f 4519 4518 4444
f 2548 2565 2549
f 1657 1669 1658
f 2601 4610 4607
f 4180 1678 1679
f 3185 5233 5235
f 2590 4623 2591
f 2590 2591 4606
f 2591 4623 4621
f 4642 4641 4628
f 961 1521 962
f 3011 4936 4937
f 5244 3202 3201
f 3201 3202 3148
f 5238 5209 5211
f 1525 1526 1505
f 640 934 641
f 1525 1505 1504
f 1844 4307 1845
f 2634 4636 4637
f 3911 1189 1190
f 3490 504 3488
f 5038 142 1554
f 1554 142 4118
f 1552 142 4116
f 4118 142 1552
f 5038 5171 142
f 5177 5077 3166
f 2566 2550 2549
f 2501 2237 2500
f 4637 2633 2634
f 5004 3108 5003
f 854 1126 855
f 1751 1752 4228
f 4227 1749 1750
f 2979 292 4871
f 4946 3083 304
f 1922 4353 4354
f 2668 2669 2652
f 2012 2011 2418
f 2150 2149 2442
f 2083 2357 2358
f 960 961 666
f 2258 155 1640
f 2263 2520 2521
f 4706 4707 2728
f 3002 3001 4926
f 3066 4959 4960
f 2371 2372 2054
f 4876 4882 4877
f 4715 4714 4716
f 2519 2541 2520
f 2762 2760 268
f 2760 4737 268
f 974 973 1438
f 1378 3998 4000
f 884 883 1149
f 906 905 1172
f 8 548 3531
f 1726 4207 4208
f 5312 5334 5347
f 4363 1941 4359
f 2086 2087 2053
f 1051 1980 1052
f 1007 725 724
f 1331 1015 1014
f 340 339 5389
f 732 753 73
f 755 754 1033
f 3996 3997 3995
f 4870 2977 2978
f 2994 296 292
f 296 5156 292
f 2994 292 2979
f 271 4746 2794
f 3004 4930 3005
f 3986 3987 1352
f 2379 2062 2061
f 2034 2013 2014
f 1230 3930 3931
f 2942 2958 2959
f 1332 1016 1015
f 51 3753 53
f 1417 1416 1006
f 1937 1936 1951
f 4340 4339 1938
f 49 3816 48
f 49 48 613
f 3763 3764 3860
f 3763 3762 924
f 425 12 3466
f 3477 3484 3486
f 4331 1076 1075
f 4673 2691 259
f 1597 1596 4172
f 2575 2576 4589
f 2261 2262 1622
f 2019 2029 2018
f 1949 1935 1934
f 4398 4397 1969
f 1920 1904 1903
f 4558 4513 481
f 4690 4673 4674
f 2901 4828 4830
f 5388 3307 3305
f 2015 2032 2033
f 2729 4704 4706
f 1098 1792 1099
f 4316 1875 4315
f 4741 2810 4740
f 4482 4527 4483
f 1625 2265 1626
f 2124 2308 2309
f 1586 1575 4140
f 184 5060 5062
f 1630 1652 1629
f 2505 2632 2631
f 4035 1421 4036
f 4013 4014 1401
f 772 771 1050
f 692 691 973
f 4194 4195 1687
f 1771 1772 4245
f 1688 4195 1689
f 314 3142 312
f 5197 5196 3196
f 314 312 3177
f 87 59 5047
f 87 1032 59
f 4512 4510 483
f 3468 463 481
f 3468 464 463
f 1976 5050 5052
f 2367 4858 2368
f 473 3464 472
f 473 472 4511
f 3464 474 462
f 3473 466 465
f 1716 4202 4200
f 4533 4563 4565
f 2236 2235 2499
f 2496 2233 2232
f 5357 5364 5362
f 1598 4186 1599
f 3265 5316 5319
f 5312 5347 5336
f 5369 5355 5376
f 5336 5319 5316
f 1525 958 957
f 2188 4445 2187
f 4445 4444 2187
f 5392 3307 3308
f 2921 4833 4832
f 2606 4621 4622
f 536 3777 537
f 536 537 3519
f 535 3778 3777
f 4824 2898 4822
f 4828 4824 4821
f 4167 4161 4164
f 494 3482 27
f 4532 4410 4531
f 4554 4492 4555
f 3489 502 503
f 4791 2867 2868
f 3489 503 3490
f 2696 2697 2682
f 4315 1875 1876
f 1135 1134 1774
f 855 1126 1127
f 1406 4043 1407
f 2886 2885 2901
f 4233 4226 4232
f 49 613 617
f 264 5096 2722
f 264 2722 4695
f 264 4695 2743
f 1290 115 1291
f 4627 2585 2584
f 2585 4603 2584
f 3157 204 5147
f 1805 4267 172
f 2258 5058 3168
f 5200 316 3214
f 2053 2371 2054
f 1055 1054 4334
f 1449 129 4069
f 1449 4049 129
f 3997 3996 730
f 4641 4639 2603
f 2765 2766 2749
f 2838 2837 2420
f 4209 1724 1725
f 2016 2422 2423
f 1530 1531 4107
f 2487 2225 2224
f 2936 287 4868
f 1657 1656 1670
f 4642 2624 2625
f 3701 3691 3698
f 3703 604 520
f 2711 2734 2735
f 3 374 438
f 3395 3413 3436
f 1112 1802 1803
f 888 1154 889
f 3296 339 332
f 885 1150 1151
f 2348 2349 2074
f 2541 2542 2521
f 103 1204 917
f 103 1184 1204
f 1681 1645 1682
f 3031 4934 3030
f 3010 3009 4935
f 3866 3828 3848
f 152 1620 1662
f 977 1441 978
f 1333 1332 1349
f 2147 2169 2170
f 4705 2731 2732
f 4799 2885 2886
f 2853 2869 2870
f 2348 2074 2073
f 964 4113 4112
f 2732 2464 2733
f 2728 2729 4706
f 4393 1993 1994
f 5039 120 5037
f 4746 4745 2795
f 4715 4731 4714
f 3496 512 513
f 513 512 4489
f 4554 4533 4490
f 4367 1953 4365
f 1159 1160 894
f 3318 354 355
f 4673 259 2690
f 4666 2690 259
f 166 162 1746
f 166 5103 162
f 2660 4651 4653
f 2705 4693 4706
f 831 1102 832
f 830 1100 1101
f 1102 1103 832
f 694 719 693
f 1666 4171 153
f 1396 1397 4002
f 707 989 990
f 943 1552 944
f 4165 4166 1570
f 2699 2700 2684
f 4366 1971 1972
f 837 838 856
f 1064 1903 1065
f 5303 5349 5341
f 320 3256 317
f 3125 2297 3126
f 4527 4472 4471
f 4881 2975 4883
f 859 858 1130
f 2593 2579 2578
f 2578 2579 4593
f 4595 2564 4593
f 2572 4599 4583
f 4585 4599 2572
f 2565 2566 2549
f 2565 2564 4595
f 2402 2860 2403
f 2329 2328 3033
f 4990 310 3120
f 5145 3120 310
f 4304 4305 1864
f 4156 1607 4157
f 1679 4178 4180
f 1612 1611 4179
f 1678 4182 1677
f 4231 1748 4225
f 1065 1904 1066
f 2680 4659 4658
f 2846 4764 4766
f 2412 2411 2845
f 4396 4387 1958
f 2683 2697 2698
f 4744 4758 2822
f 4757 4753 2803
f 5094 5097 168
f 1833 4281 1832
f 4312 1848 4314
f 1333 1018 1017
f 766 740 741
f 2763 2747 4712
f 1874 1875 4316
f 1790 1097 93
f 1790 93 825
f 2788 4723 2787
f 3430 3326 3440
f 348 347 366
f 1168 902 901
f 4864 2365 2364
f 5159 212 220
f 212 2322 220
f 4604 2585 248
f 2585 4635 248
f 4604 4603 2585
f 2599 248 4635
f 4604 248 2586
f 2586 248 2599
f 2489 2227 2226
f 2794 4746 2795
f 882 906 907
f 881 880 1146
f 1130 1779 1778
f 1707 1708 1691
f 1779 4260 1778
f 5312 5311 5334
f 5346 5330 5328
f 3282 3263 3281
f 2327 2328 2100
f 2086 2085 2360
f 3226 3227 5210
f 140 1535 4114
f 3086 3087 4967
f 3086 4974 3087
f 3086 4965 306
f 3086 306 3101
f 3872 3824 3823
f 3232 5331 3233
f 3259 3280 5353
f 4159 1611 1612
f 5048 5046 150
f 293 4888 2983
f 293 2983 4902
f 4250 164 1771
f 2798 2783 2797
f 989 707 56
f 5025 83 56
f 989 56 83
f 2264 2265 1625
f 2661 4654 2662
f 5060 5189 5062
f 4319 1870 4320
f 1993 4395 1992
f 4395 4397 1992
f 4004 1394 4003
f 1375 3993 3999
f 1380 1365 1364
f 385 3324 384
f 2804 270 2789
f 4719 2778 4718
f 4560 4562 4566
f 4536 4494 4496
f 5099 202 5017
f 1283 1299 1282
f 3573 3563 3561
f 597 3691 3701
f 602 601 3695
f 1205 3901 101
f 4422 4547 4546
f 4548 4422 4423
f 5380 3290 327
f 5374 327 3290
f 2651 2652 2486
f 4458 2230 2231
f 4457 4458 2233
f 2638 2637 2499
f 293 4902 2984
f 2498 2638 2499
f 460 3462 461
f 3810 3868 3855
f 626 3702 627
f 4536 4538 4560
f 305 4976 3088
f 5013 5143 5182
f 2275 2274 2532
f 2275 2532 2533
f 3321 3311 3319
f 2351 2077 2076
f 4859 4863 4839
f 371 370 3345
f 3322 370 371
f 4710 266 2759
f 2620 5177 5073
f 256 4650 2675
f 256 2675 5087
f 2495 252 2640
f 2495 237 252
f 252 237 5077
f 13 459 468
f 459 13 429
f 14 13 468
f 2061 2378 2379
f 655 949 950
f 5321 5341 5343
f 4985 3093 4984
f 3110 4985 4984
f 4661 4662 2668
f 4797 4804 4798
f 2902 2886 2901
f 4830 2902 2901
f 2579 4595 4593
f 2579 2580 4595
f 3584 3634 390
f 390 389 3584
f 387 357 3324
f 1788 1787 1120
f 317 3256 5332
f 4489 4533 4532
f 2028 2392 2029
f 1497 1496 4101
f 3446 447 448
f 4499 448 447
f 1260 3968 1261
f 4455 2117 4456
f 269 4715 2777
f 269 2777 4732
f 1923 1906 1922
f 3495 503 3496
f 3581 3580 387
f 1722 4222 1723
f 5347 5341 5336
f 333 3298 334
f 1261 3943 1260
f 1318 1259 1258
f 3106 4979 4973
f 1292 4469 1293
f 2281 2189 2280
f 2282 2191 2190
f 659 954 660
f 2124 2125 2108
f 2845 2411 2846
f 2008 2414 2415
f 981 699 980
f 1100 830 829
f 1810 1794 1793
f 2086 2360 2361
f 2088 2089 4438
f 4611 2616 2617
f 5070 5069 2617
f 3185 3167 3166
f 3185 3166 3184
f 3185 3184 5233
f 1300 1299 2197
f 2504 2633 2632
f 1448 986 1447
f 130 5021 5023
f 945 4116 1538
f 2345 2071 2070
f 2317 2318 2133
f 2317 2133 2132
f 219 2117 209
f 3985 1351 1350
f 2644 2645 2478
f 3292 322 3301
f 3292 5370 322
f 3292 5368 5370
f 3292 3301 3302
f 3128 3129 5002
f 2224 2223 2486
f 3066 3065 4959
f 1240 1228 1239
f 4496 4498 4538
f 4571 4568 4573
f 4221 4219 4218
f 1753 1754 4226
f 1530 4107 1529
f 5147 213 224
f 2365 224 213
f 2553 4576 2536
f 463 464 462
f 23 474 4511
f 23 462 474
f 2700 2701 2686
f 4301 4295 4300
f 4196 4213 4212
f 3947 3946 1244
f 1234 3925 3927
f 1244 3946 1245
f 4983 3109 4984
f 2366 204 225
f 1131 1130 1778
f 901 902 888
f 2287 2286 3136
f 1894 181 4334
f 385 384 3583
f 2435 2436 2143
f 4831 2919 2920
f 2871 2854 2870
f 4878 2970 4882
f 3593 3595 3640
f 3587 3586 382
f 58 3717 57
f 2027 2390 2391
f 4657 2663 4655
f 4786 4789 2865
f 5195 5120 5170
f 2194 2286 2195
f 279 5135 5133
f 3553 3554 3552
f 3731 3824 3828
f 418 419 3362
f 3625 29 508
f 3648 3671 3670
f 4597 4596 4582
f 2593 4620 4619
f 4174 4179 4175
f 1665 1613 4174
f 1665 150 1613
f 1665 5048 150
f 3437 3414 3428
f 3414 3437 3431
f 3366 403 3368
f 5058 5061 3167
f 870 869 4218
f 605 3687 606
f 4474 4473 2278
f 1433 676 675
f 3052 2319 2318
f 2319 3052 2320
f 4815 4813 4816
f 2403 2860 2861
f 3870 3869 3815
f 5168 5014 5146
f 5148 5014 5149
f 3119 309 3099
f 3099 309 5149
f 2701 2700 4677
f 4677 4681 4679
f 3505 522 3504
f 3504 6 399
f 4685 2710 2711
f 4004 1375 1374
f 1374 1375 3999
f 2672 2673 4646
f 3975 3977 1358
f 3110 3109 5005
f 3044 3045 2310
f 2103 2331 2104
f 1365 1380 1381
f 3995 1344 3996
f 2043 2044 4417
f 2405 2406 2042
f 4786 4787 2879
f 2005 2006 2042
f 5165 5105 5194
f 2509 2510 2246
f 4466 2255 2256
f 5163 3017 5181
f 4917 4923 3017
f 392 3388 391
f 975 1438 1439
f 974 1438 975
f 4394 4393 1994
f 1575 4137 1574
f 1245 1234 1244
f 4260 4259 1757
f 3946 3947 1258
f 5358 5356 5359
f 2416 2417 2010
f 2368 4858 2369
f 5199 5219 315
f 5219 3222 315
f 4507 4509 470
f 2365 213 2090
f 999 1423 1000
f 5058 2258 216
f 2258 2279 216
f 172 5088 5178
f 806 1080 1081
f 1081 1080 1888
f 4812 284 2897
f 2897 284 2912
f 4824 4823 4821
f 4115 948 4114
f 5147 3156 3157
f 3273 5368 3274
f 3239 5351 3240
f 5260 317 3232
f 3914 3899 1185
f 918 3956 3961
f 2449 2448 2758
f 5017 214 232
f 2451 232 214
f 5051 5049 1664
f 1639 4473 4474
f 1636 2276 1637
f 1644 1645 1637
f 2573 247 2588
f 4528 4480 4416
f 4607 2586 2599
f 2473 234 201
f 2184 201 234
f 2232 2495 2496
f 1230 1229 3935
f 2310 2309 3044
f 1307 2204 2205
f 3767 649 650
f 4678 4676 4677
f 4331 1075 1893
f 4245 1772 4244
f 3612 3651 3614
f 3763 3837 3762
f 501 29 3625
f 3631 506 33
f 649 943 650
f 650 943 944
f 3281 3280 5362
f 3493 3494 3499
f 3789 3787 3845
f 4278 4280 4276
f 1824 171 4275
f 1824 5084 171
f 4480 4414 4416
f 1239 3936 1240
f 2735 2461 2736
f 4587 2559 2558
f 4580 2541 2540
f 2435 2143 2142
f 3978 120 1360
f 3882 3718 3887
f 3525 528 527
f 528 3512 527
f 3840 3779 3841
f 653 3767 3769
f 5043 5042 1571
f 4662 4664 4663
f 1552 4116 944
f 3172 5172 3171
f 554 3771 555
f 554 555 3534
f 554 3534 553
f 554 553 3771
f 300 5158 3039
f 1627 2267 1628
f 4648 4664 2685
f 2684 4671 2699
f 2224 2486 2487
f 5316 3267 5314
f 5364 5366 3282
f 5353 3260 3259
f 3259 3260 5326
f 4750 4749 4759
f 2785 2786 4725
f 2786 4724 4725
f 2770 2769 4726
f 1862 1882 1883
f 3918 1206 1205
f 1346 3973 1344
f 4751 2816 2817
f 2800 4751 4750
f 171 4268 1822
f 2494 4643 2642
f 2494 2642 236
f 236 2642 5082
f 2451 214 2158
f 2264 2521 2522
f 1083 1082 1886
f 4476 4467 197
f 3504 5 524
f 1179 1180 913
f 3240 5278 3239
f 4559 4541 4539
f 2630 2506 2631
f 1759 4257 1760
f 3086 3101 4974
f 2654 2489 2653
f 4596 2581 4582
f 2637 4633 4634
f 4630 4631 4632
f 3538 549 550
f 3773 550 549
f 551 3772 552
f 551 552 3536
f 5007 5008 3112
f 3653 3623 3655
f 3396 3346 3344
f 496 26 3623
f 2014 2033 2034
f 3494 3493 3502
f 5008 3113 3112
f 4855 2378 2377
f 2314 2315 2130
f 3448 3447 3445
f 4499 4497 4539
f 1026 1025 1340
f 4021 4012 4011
f 4011 4010 4021
f 1186 3914 1185
f 85 1328 1011
f 85 731 1328
f 4113 1519 4112
f 3964 1313 1271
f 3298 3299 3286
f 3283 5366 5367
f 1297 2194 2195
f 4556 4501 4541
f 1241 1242 1231
f 1912 4341 4343
f 2543 2523 2522
f 2423 2422 2835
f 2835 2836 4778
f 2643 2476 2475
f 1321 1281 1320
f 5255 5293 5299
f 3275 3276 3244
f 3250 3251 5260
f 1774 1773 1135
f 1221 3920 1222
f 5012 3104 3103
f 3540 9 419
f 8 3531 414
f 3509 3523 3517
f 561 560 3546
f 4605 2256 2255
f 3170 3188 3171
f 656 655 950
f 655 656 648
f 4502 4501 4556
f 3238 3237 3272
f 329 325 3294
f 5363 3294 325
f 1673 1672 1654
f 3547 420 9
f 1963 4403 1964
f 2112 2113 2120
f 5039 1345 120
f 1345 1360 120
f 1343 3971 1030
f 3974 1360 1345
f 5039 5041 1345
f 89 780 60
f 3065 4958 4959
f 4985 4986 3094
f 562 3764 3763
f 923 19 924
f 906 1173 907
f 367 3350 3349
f 3578 3665 3666
f 3049 3048 3065
f 53 967 80
f 2000 4733 4738
f 2808 2809 4742
f 2850 2389 4785
f 2314 2130 2129
f 4612 4616 4614
f 2582 2581 2596
f 2582 4582 2581
f 2582 2596 2597
f 5355 5366 5357
f 3272 3237 3236
f 3069 3070 4941
f 4099 4097 1534
f 5161 1495 1494
f 1495 4085 1494
f 1514 1513 4098
f 4098 1516 139
f 5102 139 1516
f 4098 4099 1516
f 5388 3305 338
f 3306 5390 5391
f 2762 4712 2760
f 1171 1170 1194
f 2223 2222 2485
f 2335 2336 2108
f 648 656 647
f 653 3769 652
f 1954 190 186
f 190 5059 186
f 1938 4339 1937
f 4815 2897 2898
f 4822 2898 2897
f 5049 5048 1665
f 25 475 483
f 25 483 4510
f 25 4510 484
f 25 484 475
f 2350 2351 2076
f 4995 4994 3085
f 4966 3084 3085
f 4995 3085 3084
f 5071 5074 1893
f 1244 1234 1233
f 2748 2764 2765
f 3019 4918 295
f 3022 3021 2340
f 570 525 3550
f 3718 3710 3889
f 2008 2007 2414
f 1528 1527 955
f 130 4045 1448
f 1112 1113 842
f 3145 5090 5178
f 2090 2089 2364
f 2927 2928 4825
f 2958 2957 4879
f 2880 2879 4809
f 4255 1749 1735
f 1735 4221 4218
f 5151 3072 304
f 4946 304 3072
f 5154 5156 5160
f 4887 4871 2968
f 3942 3943 1261
f 794 807 808
f 576 3690 577
f 611 3689 3690
f 2586 4602 4604
f 2589 2588 4608
f 1118 95 168
f 95 5094 168
f 4417 2004 4411
f 1666 153 1662
f 3159 5127 5129
f 1719 162 5103
f 1719 4201 162
f 1717 4193 4190
f 555 3771 3770
f 4088 4089 4086
f 1486 4076 1485
f 1486 1485 4089
f 1717 4190 1716
f 4850 2925 2924
f 3637 3583 3585
f 1828 4286 1827
f 3586 3585 383
f 357 356 3324
f 4421 4420 1998
f 2430 230 4575
f 356 357 3315
f 5218 5221 5199
f 841 1112 842
f 852 841 842
f 1123 852 851
f 2786 2800 2801
f 294 4891 2981
f 294 2981 4920
f 294 4920 2997
f 4286 4288 1827
f 1827 4294 1828
f 5136 5134 5195
f 2581 2595 2596
f 2564 2563 4593
f 4986 3111 3112
f 3132 2290 3133
f 401 402 3361
f 3288 321 5376
f 1691 1708 1692
f 2227 2228 2236
f 4487 4530 4486
f 5391 3308 344
f 344 3308 3309
f 4525 4528 4524
f 4519 4553 4531
f 28 512 502
f 28 4490 512
f 28 505 4492
f 28 502 505
f 123 1392 1374
f 123 1374 3998
f 4727 2768 4728
f 2425 2832 2426
f 2379 4856 4857
f 2146 2438 2439
f 582 3572 581
f 582 581 3814
f 582 3811 583
f 582 583 3567
f 4733 4735 4738
f 4738 4735 4734
f 4854 4853 2927
f 3436 3413 3431
f 367 349 348
f 3350 367 366
f 348 349 3317
f 4305 1846 4306
f 2352 2078 2077
f 2223 2485 2486
f 4776 2837 2838
f 1417 1418 4030
f 902 903 887
f 1667 4170 1666
f 1550 1567 4121
f 3082 3083 4946
f 3564 585 586
f 3808 586 585
f 4460 2097 2098
f 4943 3040 299
f 4994 3102 3101
f 2943 2959 2960
f 3816 49 3820
f 458 3546 3545
f 3882 3765 3838
f 439 421 16
f 3835 3885 3832
f 5205 5246 5248
f 2017 2016 2423
f 2334 2335 2107
f 2424 2017 2423
f 4838 2895 2894
f 2895 2046 2894
f 4838 4844 2895
f 2924 4835 2923
f 2923 2922 4849
f 2890 2906 4817
f 1169 1195 1170
f 535 3777 536
f 535 536 3519
f 1831 1846 1832
f 1831 1832 4282
f 1083 808 1082
f 1831 4283 1830
f 489 4504 4500
f 489 490 3478
f 489 4500 490
f 4283 1816 1815
f 1863 1884 1864
f 489 3479 488
f 489 488 4504
f 5326 5348 5328
f 5345 5348 5326
f 1845 1831 1830
f 4736 4737 2760
f 814 788 813
f 2150 2442 2443
f 1903 1919 1920
f 2517 239 2538
f 239 2257 2538
f 3147 3201 3148
f 5244 5242 3202
f 828 827 1098
f 3384 5 399
f 47 3624 46
f 5070 5072 5190
f 1137 866 865
f 4349 4348 1933
f 3278 5358 320
f 3245 5271 3244
f 330 5377 329
f 1524 1525 1504
f 4065 1457 1456
f 4520 4445 4446
f 738 768 769
f 4017 4018 1398
f 3839 3771 3861
f 2870 4799 2871
f 737 769 770
f 4566 4572 4555
f 131 1451 1449
f 131 1449 4072
f 131 4054 1451
f 131 4072 1466
f 131 1466 4054
f 3718 3889 3704
f 3775 3774 541
f 460 461 466
f 3344 3346 425
f 2476 2644 2477
f 402 401 3584
f 2726 2472 2471
f 2471 2472 2178
f 2470 2177 2176
f 4974 4975 4976
f 4447 4432 4517
f 5195 5170 5136
f 1325 3969 1326
f 1642 1683 1643
f 5286 5264 5263
f 1664 5049 1665
f 1664 1665 4174
f 3104 4998 3105
f 2498 2234 2497
f 2233 4458 2232
f 2856 2872 2873
f 1882 1086 1883
f 1934 4350 4349
f 1683 1642 1684
f 788 787 1061
f 4941 4944 3069
f 3118 4993 4991
f 3068 4961 4962
f 324 334 3298
f 5362 3286 5357
f 5362 324 3286
f 3286 324 3298
f 5364 3281 5362
f 485 3483 484
f 485 484 4508
f 960 666 665
f 3074 4953 3073
f 4338 4335 1908
f 996 714 713
f 3073 3089 3074
f 2959 4880 4881
f 1103 1795 1104
f 3585 3639 3637
f 5167 5096 3163
f 3837 3860 3887
f 2671 2655 2654
f 3842 3864 3889
f 3887 3718 3704
f 4617 4615 4616
f 4617 4616 2596
f 3107 5002 5003
f 2638 4633 2637
f 4384 4383 4382
f 2568 2567 4598
f 980 1443 1444
f 1581 1593 1582
f 4127 4129 4131
f 4791 2868 2852
f 2393 2030 2029
f 4729 4731 2781
f 1191 1174 1173
f 4357 1927 4362
f 4358 4357 4362
f 4371 1945 1944
f 4730 4729 2766
f 4347 4351 4344
f 1945 1930 1944
f 3058 3057 4949
f 3109 3110 4984
f 359 345 2
f 923 3762 3761
f 1250 3969 1251
f 3204 5240 5238
f 1647 1635 1646
f 2403 2861 2404
f 2005 2412 2006
f 2610 4618 2609
f 4 390 3634
f 2 390 4
f 2 345 3314
f 2686 4648 2685
f 938 644 937
f 2580 4596 4595
f 4618 2610 4617
f 4379 4380 1949
f 4379 1949 1948
f 1381 1380 4007
f 3564 3563 3573
f 1593 146 1582
f 2803 2788 2787
f 4719 4718 4720
f 366 367 348
f 4777 2837 4776
f 2797 2783 2782
f 1036 1994 1037
f 1005 722 1004
f 1662 1620 1661
f 5112 5184 3147
f 5193 5110 5108
f 5106 1719 5103
f 555 3532 3534
f 619 618 3810
f 619 3693 618
f 957 958 663
f 977 978 696
f 2114 2341 2342
f 2633 2503 2634
f 3165 5077 199
f 629 628 3806
f 629 3702 628
f 4189 1685 157
f 1685 871 157
f 4189 157 1687
f 1141 1142 876
f 2835 4779 2834
f 2385 2068 2067
f 4447 4449 2095
f 4449 2094 2095
f 3940 1264 3938
f 1236 1237 3922
f 246 247 2573
f 246 4601 247
f 289 2968 5154
f 289 4873 2968
f 4769 2844 2845
f 3108 4981 3107
f 4952 4951 4957
f 326 5382 333
f 326 5356 5354
f 3604 3599 437
f 2853 2395 2394
f 4271 1811 1810
f 4300 1841 4301
f 1827 4288 1826
f 175 4317 1853
f 4288 4271 4272
f 3408 3426 3407
f 2034 2397 2398
f 1241 3935 1240
f 3288 3300 335
f 4439 2089 2090
f 1429 4043 1428
f 141 4117 1537
f 141 1537 678
f 725 1007 1008
f 3583 3637 3581
f 2892 4793 4792
f 4792 4793 4808
f 4787 2878 2879
f 1435 970 969
f 1005 1004 1418
f 1047 769 768
f 1984 1046 1985
f 4098 1513 4097
f 3271 3285 319
f 3787 679 3785
f 2893 2892 2908
f 2791 2790 4760
f 2791 4733 2790
f 2791 4760 4771
f 2863 4786 278
f 5131 5130 278
f 5131 278 2865
f 2865 278 4786
f 5131 2865 5133
f 1628 1653 1654
f 4793 2892 2893
f 2893 2908 2909
f 4103 4104 1498
f 1118 847 64
f 1118 64 95
f 64 5094 95
f 1340 1356 1357
f 1406 1405 4042
f 807 1081 1082
f 605 609 3687
f 3695 3696 615
f 4391 1973 4394
f 4399 1967 4400
f 5037 5186 5039
f 3759 3859 3835
f 4414 516 4486
f 4416 4414 4486
f 3799 3851 3853
f 1185 3899 1184
f 2199 2198 2290
f 4716 4714 2764
f 2130 2103 2104
f 1811 4287 1812
f 4528 4416 4524
f 4489 512 4490
f 2184 2185 4442
f 3494 511 3499
f 1004 1419 1418
f 3977 1359 1358
f 10 456 16
f 5275 5297 5277
f 507 3498 3499
f 4963 299 2182
f 4302 1871 1851
f 5080 1852 1851
f 1852 4302 1851
f 3519 3513 3517
f 935 934 1545
f 1797 1813 1814
f 3738 3739 3827
f 3827 3831 3873
f 3505 3504 524
f 4180 4178 1608
f 1143 877 1142
f 1142 877 876
f 3873 3893 3883
f 1845 1830 1844
f 1535 1515 4099
f 5030 1515 140
f 140 1515 1535
f 5030 5102 1515
f 5038 5183 5171
f 1613 4159 1612
f 4607 2587 2586
f 2587 4602 2586
f 4607 4608 2587
f 2905 2904 4833
f 173 1835 1850
f 1852 5080 5081
f 3900 1220 1221
f 4312 4313 4308
f 681 3801 680
f 2295 2204 2203
f 421 439 3443
f 1773 1136 1135
f 1241 1240 3952
f 4432 206 205
f 4894 2950 287
f 287 2950 4868
f 2731 2465 2732
f 2479 2646 2480
f 3865 3818 3784
f 1123 1122 1786
f 1728 4206 1727
f 3201 5246 5244
f 5094 5018 3146
f 4190 4191 1716
f 2418 2839 2419
f 82 3173 74
f 1015 1016 737
f 3457 3459 3458
f 4008 4003 4002
f 4274 1823 4273
f 1826 4288 4272
f 4272 4271 4273
f 4921 4922 4920
f 4853 2928 2927
f 4826 2911 4820
f 3343 372 371
f 561 3547 9
f 5125 5123 195
f 3715 3823 3716
f 3892 3709 3880
f 4481 682 681
f 3879 3851 3850
f 256 5087 5085
f 4762 4761 2809
f 2023 2429 2430
f 3799 681 682
f 3799 3797 3851
f 574 42 3557
f 4737 4734 4732
f 3264 3265 5319
f 2457 2456 2740
f 399 5 3504
f 3531 415 414
f 805 797 804
f 3527 548 413
f 3520 3518 392
f 461 462 464
f 3932 3934 3933
f 3970 1325 1324
f 2638 2497 2639
f 2535 2553 2536
f 2569 2570 4578
f 1692 1693 1149
f 2640 2639 2496
f 1444 1443 1460
f 391 3520 392
f 3529 3533 3535
f 541 3524 526
f 3817 549 37
f 37 549 543
f 3616 44 596
f 3538 550 551
f 3773 551 550
f 5194 5117 5165
f 4664 4662 2684
f 2639 2497 2496
f 1800 1816 1817
f 1799 1815 1816
f 1680 1681 4177
f 1447 4047 1448
f 1448 4045 987
f 3127 4998 3126
f 2297 2205 2296
f 4258 4257 1759
f 3250 5260 5263
f 1263 1264 3940
f 3277 3276 5363
f 1122 1123 851
f 4256 1760 4257
f 4558 4511 4513
f 4558 22 23
f 22 463 23
f 4558 23 4511
f 463 462 23
f 4254 4256 1783
f 904 903 1170
f 887 1153 888
f 223 2070 206
f 5391 5390 3308
f 2940 2956 2957
f 5128 1266 107
f 107 1266 3937
f 107 1238 1227
f 3916 105 1227
f 1227 105 107
f 5128 107 105
f 5126 1224 1223
f 1224 3918 1223
f 5126 1223 5124
f 132 5020 5019
f 2705 4706 2706
f 2644 2660 2661
f 5251 5249 5202
f 1617 153 4171
f 1617 76 153
f 3815 3869 3814
f 3917 1208 1207
f 2744 4709 2431
f 627 3693 626
f 1440 976 1439
f 4663 4664 4647
f 2447 2446 2757
f 5222 5199 5220
f 2490 2489 2654
f 4849 2375 2374
f 4364 1946 1947
f 1946 4377 1947
f 514 515 3501
f 514 4487 515
f 502 512 3496
f 4622 4624 2605
f 3433 3432 3429
f 1745 4223 4225
f 3273 5351 3239
f 2906 4834 4836
f 3237 5284 3236
f 5370 5372 322
f 5370 3273 3272
f 5370 3272 5372
f 128 1432 989
f 128 83 5026
f 128 989 83
f 2968 5156 5154
f 4989 4988 4987
f 3792 566 3793
f 3793 3866 3848
f 840 853 854
f 4611 2615 2616
f 4732 2777 4737
f 2206 2298 2207
f 1178 912 911
f 911 1177 1178
f 1187 1178 1177
f 2754 2442 2753
f 2751 2767 2768
f 2377 2378 2060
f 2469 2470 2176
f 4914 4912 4913
f 4935 3009 4934
f 4897 4896 4915
f 4915 3009 3010
f 2725 2473 2472
f 178 173 1850
f 178 5081 173
f 2337 3024 2338
f 4765 2824 4766
f 3784 570 3786
f 1335 1336 1020
f 2700 2686 2685
f 2597 4612 2598
f 4677 2700 4681
f 5089 5091 5087
f 2670 4663 4647
f 2703 2702 4700
f 3787 3857 3845
f 3823 3824 3716
f 2730 2729 2467
f 1881 1087 1882
f 1861 1860 1881
f 5145 3121 3120
f 4997 3120 3121
f 79 5031 1536
f 79 1536 946
f 3812 619 3810
f 3693 619 3694
f 3812 620 619
f 619 620 3694
f 1487 1488 1473
f 4091 1488 1487
f 1487 1473 1472
f 3496 503 502
f 4533 4489 4490
f 3500 513 514
f 513 4488 514
f 535 534 3778
f 535 3521 534
f 4136 1576 4135
f 3501 515 3502
f 2187 4665 253
f 2175 2469 2176
f 3356 363 362
f 362 363 3323
f 3357 362 361
f 361 362 346
f 3433 3434 3441
f 408 3378 3376
f 3972 1012 1011
f 3945 1260 3943
f 3946 1259 3945
f 1722 1723 4211
f 952 1531 1530
f 5367 5369 3284
f 3410 3378 3388
f 4196 4212 1706
f 1738 1739 4222
f 1738 4235 1739
f 3378 3410 3376
f 3383 396 3381
f 2084 2055 2056
f 1021 1020 1336
f 5218 5199 315
f 326 333 5384
f 326 3289 5382
f 326 5354 3289
f 326 5384 324
f 326 324 5356
f 1378 4026 1392
f 1378 1392 123
f 1378 123 3998
f 4800 4796 2881
f 4861 4844 4838
f 4796 4800 4797
f 287 2936 4865
f 2094 4894 287
f 2094 287 2934
f 287 4865 2934
f 5124 5122 5195
f 5232 3208 3207
f 3154 3207 3208
f 2010 2037 2038
f 2041 2006 2007
f 2003 4417 195
f 2003 195 2409
f 2003 2004 4417
f 892 891 1157
f 3547 456 420
f 2040 2039 2403
f 2752 2441 2440
f 3568 3566 590
f 3568 590 591
f 590 3800 591
f 3291 3295 5378
f 3291 5379 3295
f 843 850 851
f 842 843 851
f 850 1122 851
f 299 3038 2182
f 782 781 1055
f 122 1373 1389
f 1356 3991 1357
f 1362 3977 3976
f 1824 4275 4276
f 1824 173 5081
f 1824 4276 173
f 1781 1127 1782
f 3788 3786 569
f 5194 5114 5115
f 4748 4758 4757
f 5109 2778 5111
f 2823 4769 4766
f 2400 2399 2858
f 5115 2828 5117
f 5187 5046 5048
f 146 4127 1582
f 4608 4609 4625
f 2889 2888 2904
f 460 459 3461
f 1460 1461 1444
f 782 1055 1056
f 457 3547 3546
f 4085 4084 1512
f 1514 4085 1513
f 1494 4085 1514
f 4035 4036 1399
f 1 374 3
f 2582 2597 2598
f 2312 3047 2313
f 4814 2864 277
f 277 2864 4790
f 3337 374 373
f 3698 3691 3692
f 3700 3696 3695
f 3322 371 350
f 3350 3352 3414
f 2026 2021 2022
f 373 372 3341
f 351 372 373
f 4407 4406 4386
f 4647 2671 2670
f 4370 4369 1959
f 4347 1929 1930
f 385 386 3324
f 151 153 1616
f 151 1662 153
f 4359 4360 4363
f 1959 1960 4370
f 3780 532 531
f 3507 531 532
f 2768 4727 2769
f 4386 1960 1959
f 3066 3067 3050
f 5008 5009 3113
f 1952 1951 4383
f 1967 1968 4381
f 1907 1906 1923
f 4380 1967 4381
f 2062 2380 2063
f 1299 1283 1298
f 5232 3207 5234
f 5075 180 5074
f 5027 5076 5075
f 1079 1078 4332
f 3066 3050 3049
f 3155 3209 3156
f 3508 3510 3515
f 1296 1286 1295
f 2196 1299 1298
f 2285 3138 3137
f 5246 5205 5207
f 486 487 3483
f 486 4508 487
f 486 3483 485
f 486 485 4508
f 2697 4683 2698
f 2668 2651 2667
f 5145 5141 3152
f 2285 2284 3138
f 1810 4273 4271
f 1810 1809 4273
f 2235 2236 2228
f 4885 2963 2962
f 4934 3009 3008
f 2494 215 2231
f 4006 4020 1407
f 4742 2793 2792
f 2793 4734 2792
f 2809 2810 4741
f 1208 3910 1207
f 2 358 390
f 4 359 2
f 3323 347 346
f 317 5332 3232
f 4173 1663 1664
f 5051 1664 1663
f 646 645 939
f 3698 3692 3694
f 4090 1503 1504
f 2893 282 4793
f 2893 2909 282
f 4942 3055 4941
f 1314 1315 1274
f 1272 1314 1273
f 1219 3912 1218
f 1272 1313 1314
f 1098 1099 828
f 1274 1273 1314
f 3020 2343 2342
f 2341 3021 2342
f 2078 2061 2077
f 3019 2344 2343
f 3019 2343 3020
f 2337 2338 2110
f 5106 160 1719
f 160 4200 1719
f 5103 1748 5028
f 4200 4201 1719
f 1713 1697 1696
f 418 3541 419
f 4863 4859 2382
f 5375 5374 3290
f 5195 5132 5126
f 3937 1238 107
f 5128 105 1224
f 105 3916 1224
f 2183 3038 219
f 2302 219 3038
f 2424 2833 2425
f 1845 1846 1831
f 3541 3540 419
f 527 526 3524
f 2065 2074 2064
f 3518 393 392
f 3851 3797 3850
f 2522 2542 2543
f 3023 2339 2338
f 2114 2113 2341
f 4389 4388 1976
f 5052 1977 1976
f 4389 1976 1977
f 122 1389 126
f 122 126 5036
f 122 3976 1373
f 122 1362 3976
f 122 5036 1362
f 3817 37 542
f 542 37 543
f 1346 3979 1347
f 2033 2397 2034
f 1319 1280 1279
f 4250 1771 4245
f 196 5125 195
f 196 195 4417
f 196 4417 2044
f 4119 1554 4118
f 117 1330 3972
f 1354 3989 1355
f 639 932 933
f 3153 3206 3207
f 3207 3206 5234
f 2323 2324 2096
f 440 457 458
f 3762 923 924
f 441 442 3451
f 4865 2346 2345
f 1127 1128 856
f 3766 3768 3839
f 3863 3780 3781
f 3781 3780 531
f 3782 3842 3863
f 443 442 4485
f 443 3451 442
f 2159 2452 2453
f 2726 4692 2725
f 3113 4987 3112
f 1766 4231 1765
f 4231 4230 1765
f 1746 1730 1729
f 3050 2315 3049
f 370 3322 369
f 3631 3629 507
f 4488 4532 4531
f 4597 2566 4596
f 491 3478 490
f 491 490 4500
f 440 458 441
f 3837 3836 3761
f 2862 2406 2405
f 4529 4484 4483
f 1705 1704 4198
f 4217 4219 4216
f 4198 4196 1705
f 1720 165 1736
f 1167 1168 901
f 1321 1320 1256
f 1194 1195 1212
f 1242 1241 3951
f 1601 4184 4183
f 1110 840 839
f 3191 5245 5247
f 931 1542 932
f 4331 1891 4332
f 3637 3580 3581
f 1416 4032 1415
f 2409 2410 2003
f 4764 2846 2847
f 2757 2758 2447
f 2747 2763 2764
f 4373 1956 4367
f 2783 4728 2782
f 2311 3046 2312
f 2482 2648 2483
f 2769 2770 2753
f 4739 2786 2801
f 4727 4726 2769
f 2752 2769 2753
f 5239 3187 5237
f 5239 5241 3188
f 5239 3188 3187
f 3187 3188 3170
f 3169 3187 3170
f 4278 4276 4277
f 5081 5084 1824
f 1805 1115 1804
f 3276 3245 3244
f 5271 3245 5268
f 792 1065 1066
f 1991 1990 1040
f 3370 405 3372
f 2798 2797 4754
f 4754 4743 4755
f 999 1000 717
f 1483 1468 137
f 4283 4284 1830
f 3688 3689 612
f 4872 2967 4874
f 4902 2983 4900
f 3425 3430 3440
f 51 3707 3785
f 53 3707 51
f 3401 3421 3429
f 4541 4559 4564
f 4578 4581 2569
f 5063 5065 5190
f 5171 3169 3170
f 1157 1699 1158
f 2779 2794 2795
f 222 2344 295
f 222 295 2091
f 3559 594 3560
f 3687 576 575
f 575 576 3560
f 576 3559 3560
f 599 3700 600
f 2413 2006 2412
f 2039 2402 2403
f 5119 104 99
f 99 104 1161
f 5116 99 68
f 99 1161 68
f 4775 2817 2816
f 4779 2835 4778
f 1580 4132 1579
f 1549 940 939
f 633 670 3754
f 4754 2797 4743
f 4516 4550 4564
f 4564 4571 4567
f 4567 4562 4542
f 450 449 3455
f 359 4 3387
f 401 3634 3584
f 3316 345 346
f 738 1016 1017
f 1004 1003 1419
f 1114 1115 844
f 1116 1115 1805
f 46 609 47
f 1298 2195 2196
f 2506 2242 2505
f 1675 1651 1676
f 2535 2534 2552
f 4956 3064 3063
f 4954 3077 4955
f 3983 3984 3985
f 772 1051 773
f 3259 5326 5328
f 3974 1342 1359
f 1342 1028 1027
f 4333 182 1895
f 1895 182 5066
f 1907 1069 1906
f 935 1545 1546
f 223 206 2095
f 3434 3420 3436
f 3369 414 3367
f 3672 3678 3657
f 3672 3676 3684
f 3056 4947 4949
f 3815 3814 608
f 580 3688 608
f 719 718 1001
f 1297 1296 2194
f 5220 313 3213
f 3213 313 3159
f 313 311 3159
f 3688 607 608
f 3815 608 607
f 35 3782 3781
f 3529 3535 3530
f 3882 3764 3765
f 3889 3864 3706
f 521 35 531
f 531 35 3781
f 521 531 3507
f 3460 3465 3457
f 5002 5000 3128
f 2506 2505 2631
f 4545 4509 4507
f 3460 3458 3463
f 4544 4561 4545
f 4544 4545 4507
f 3461 429 428
f 450 3456 451
f 4570 4572 4569
f 1248 1237 1236
f 1930 1929 1944
f 4351 4347 1930
f 4344 1915 1914
f 1946 1945 4375
f 5358 5354 5356
f 5080 5191 5084
f 4803 2888 2889
f 3867 3890 3895
f 3851 3880 3853
f 2592 2577 2591
f 4622 4621 4623
f 2576 4606 2591
f 4589 4594 2575
f 2577 2576 2591
f 2193 1296 1295
f 1151 886 885
f 3291 5378 327
f 3291 327 5374
f 3291 5373 323
f 3291 323 5379
f 3291 5374 5373
f 489 3478 3479
f 1168 1167 1197
f 1256 1255 1321
f 1004 721 1003
f 5066 5175 3142
f 4254 1784 4252
f 1697 1153 1696
f 1125 1126 854
f 4257 1781 1782
f 886 903 904
f 2364 2949 4864
f 2331 2332 2104
f 2331 2103 2330
f 5175 5066 5064
f 878 877 1143
f 4514 4423 4424
f 1775 4264 1774
f 3739 3738 869
f 5186 5174 5041
f 4445 4519 4444
f 880 881 908
f 4463 198 2253
f 2643 2475 4644
f 4515 4514 4424
f 2627 4639 2626
f 2629 2508 2507
f 2526 2525 2545
f 1897 1056 1896
f 662 957 663
f 1981 1982 4407
f 2914 4823 4822
f 2382 2381 4863
f 2382 2383 2065
f 2103 2131 2102
f 1922 4354 1923
f 5165 3160 3161
f 2003 2410 2004
f 2007 2040 2041
f 986 1448 987
f 4575 230 194
f 1998 194 230
f 4521 4517 4559
f 2380 2379 4857
f 2062 2063 2076
f 494 3489 3490
f 347 3316 346
f 1447 986 985
f 3479 3483 487
f 3467 3473 465
f 3021 2341 2340
f 2728 2727 2469
f 289 2951 4867
f 289 5153 2951
f 3283 3265 3264
f 1902 1063 1901
f 4664 4648 4647
f 1249 3958 3957
f 1959 4369 1958
f 998 999 716
f 517 516 4414
f 517 3491 516
f 2727 2470 2469
f 88 1053 188
f 5082 215 236
f 2494 236 215
f 2707 4674 2706
f 2588 2574 2573
f 2962 4884 4885
f 916 100 103
f 100 1181 103
f 2756 2755 2772
f 3041 3040 4943
f 4686 2710 4685
f 2694 2680 2679
f 2665 4659 2666
f 4291 175 4293
f 3974 1359 1360
f 900 1166 1167
f 5366 3283 3282
f 3282 3283 3264
f 5343 5323 5321
f 1965 4401 1966
f 1935 4350 1934
f 2658 5085 5083
f 2658 254 4646
f 2658 5083 254
f 2620 2619 5177
f 2620 4630 2619
f 4459 2231 215
f 1624 1625 1657
f 634 927 928
f 2562 2563 2546
f 979 1443 980
f 2647 2663 2664
f 1301 2198 2199
f 885 886 904
f 4660 4659 2681
f 2660 2644 4645
f 4655 2662 4654
f 2679 2680 4658
f 4255 4244 1750
f 1737 4229 4233
f 1027 1026 1341
f 1341 1026 1340
f 4997 4990 3120
f 3137 3138 5011
f 4997 3141 4990
f 5014 5168 5158
f 3279 3257 3256
f 4908 2986 4906
f 3060 4951 4952
f 2953 2937 4868
f 4877 4882 2971
f 2854 2855 2396
f 2164 2165 2153
f 2165 2152 2153
f 2028 2029 2019
f 386 385 3583
f 3245 3276 5350
f 3108 3109 4983
f 2461 2735 2462
f 1205 101 1223
f 1223 101 5124
f 1205 1223 3918
f 1434 5023 82
f 1908 1072 1071
f 3374 3408 3407
f 852 842 851
f 3663 3620 3618
f 5246 5207 5244
f 256 2673 4650
f 256 5085 2658
f 256 2658 2673
f 4633 2614 2613
f 2640 4630 2639
f 2639 4630 4632
f 4128 4127 4126
f 4174 1613 1612
f 4179 4174 1612
f 4129 4127 4128
f 2323 3037 2324
f 3280 3259 3258
f 3230 5313 5333
f 2762 268 4717
f 187 1957 1942
f 187 1942 4359
f 187 4396 1957
f 187 4359 1941
f 187 1941 4396
f 2183 219 209
f 1445 981 1444
f 3220 5213 3219
f 4292 4291 4293
f 1119 848 847
f 1152 1696 1153
f 5207 5242 5244
f 3455 454 455
f 454 4503 455
f 3455 20 452
f 4505 20 455
f 3455 455 20
f 854 855 839
f 3278 3250 3249
f 5265 5287 5285
f 320 5358 5359
f 5305 5348 5304
f 3412 3341 3343
f 374 351 373
f 368 3322 349
f 351 3321 3319
f 372 351 350
f 350 351 3319
f 4556 4503 4502
f 4571 4573 4567
f 1491 1492 1477
f 4343 4344 1914
f 412 3373 3375
f 1928 4342 4356
f 529 3526 3527
f 1218 1217 3924
f 5047 5050 87
f 1938 1937 1952
f 1243 3947 1244
f 2797 2796 4743
f 2811 4780 2812
f 3341 372 3343
f 3938 1249 3944
f 773 1051 1052
f 1913 1912 4343
f 921 922 3760
f 922 923 3761
f 3762 3837 3761
f 5217 3221 3222
f 3220 3221 5215
f 2935 288 5180
f 2935 4864 288
f 2935 224 2365
f 2935 5180 224
f 2935 2365 4864
f 3058 4949 4950
f 3817 3774 3861
f 4461 2096 2097
f 3119 3122 309
f 3122 5148 309
f 1203 3956 1204
f 1203 1204 3899
f 1203 3899 3902
f 3902 1222 102
f 5148 3122 5146
f 4991 4997 3121
f 4991 3121 3122
f 3122 3121 5146
f 688 687 969
f 5116 5119 99
f 1686 1160 4188
f 5101 1686 5112
f 2320 2135 2319
f 3092 3093 3078
f 1588 1587 4153
f 4644 253 2643
f 4644 2641 253
f 253 2641 2187
f 4682 2714 4680
f 2716 2715 4699
f 4702 2736 2737
f 2715 2716 4679
f 1599 1600 4148
f 2714 2715 4680
f 591 3800 3798
f 3575 3573 3561
f 3569 3568 591
f 4047 1465 4048
f 5195 5122 5120
f 4408 1981 4407
f 5203 5205 5248
f 3588 402 3584
f 1247 1248 1236
f 1503 1524 1504
f 1471 4076 1486
f 1472 1486 1487
f 996 1427 1426
f 1428 4043 4042
f 1737 4233 1738
f 2652 2487 2486
f 2486 2485 2651
f 3263 5321 5323
f 2620 4631 4630
f 4876 4875 4882
f 3023 2338 3024
f 370 369 3347
f 5204 5202 5247
f 1033 754 1032
f 2529 2548 2549
f 2547 2527 2546
f 1433 129 4046
f 3054 3056 4943
f 3054 301 3056
f 3054 4968 301
f 3054 4963 4968
f 3469 482 483
f 4512 483 482
f 476 3467 3469
f 3468 482 3469
f 4512 482 4513
f 129 1433 675
f 5341 5349 5343
f 3119 4991 3122
f 3117 4993 3118
f 2019 2018 2425
f 4829 2919 4831
f 1939 186 4340
f 1939 1954 186
f 4356 4340 1928
f 3484 3482 494
f 4695 4697 2742
f 2410 2409 2847
f 2042 2006 2041
f 5129 228 2849
f 2408 2849 228
f 2408 4784 2849
f 916 67 100
f 915 100 67
f 915 1181 100
f 4925 4921 3020
f 1513 4085 1512
f 4333 1909 182
f 1465 1464 4055
f 954 953 1529
f 2515 2622 2516
f 394 3515 395
f 1638 2277 4473
f 3940 3938 3944
f 1896 1055 4334
f 4103 1498 1497
f 74 3173 5025
f 1055 1896 1056
f 2681 2680 2695
f 4659 2680 2681
f 4659 4660 2666
f 716 715 998
f 1425 997 1426
f 4181 1610 4177
f 1610 1609 4177
f 4144 4142 1610
f 4132 4133 1579
f 5116 5101 3148
f 894 893 1159
f 3748 893 894
f 5333 5310 3231
f 5276 5274 3215
f 3252 5310 5309
f 431 3609 432
f 5309 5310 5333
f 5333 5335 5309
f 2163 2154 2155
f 3745 705 706
f 1938 1953 1954
f 1462 1446 1445
f 4366 4367 4365
f 1939 1938 1954
f 5057 5056 5189
f 4340 1938 1939
f 2426 2020 2019
f 5353 3280 3281
f 1807 5088 172
f 1807 172 4267
f 4905 4907 4908
f 2956 4877 2957
f 4837 4818 4836
f 3195 5253 5197
f 3195 5197 314
f 3195 314 3177
f 1583 4147 1584
f 4147 4151 1584
f 4114 1534 4115
f 655 648 649
f 3169 5016 3168
f 949 948 4115
f 2591 4621 2592
f 2015 2033 2014
f 2421 2015 2014
f 2398 2397 2856
f 2527 2526 2546
f 2648 2647 2664
f 2681 2695 2696
f 4686 4687 2709
f 1966 4379 1965
f 1934 4349 1933
f 1948 1934 1933
f 2848 4785 2388
f 1948 1949 1934
f 2048 2848 227
f 227 2848 2388
f 384 356 383
f 3638 3588 3584
f 3782 3863 3781
f 3545 3546 560
f 4674 2705 2706
f 889 1154 1155
f 4252 1785 4251
f 1695 1696 1152
f 4380 4379 1966
f 4687 2708 2709
f 1196 1195 1169
f 5311 3269 3270
f 3269 3285 3270
f 3270 3285 3271
f 179 1873 5078
f 179 1871 1873
f 3292 3293 5368
f 3292 3302 3293
f 2481 2647 2482
f 4658 4657 2679
f 4686 2694 4688
f 2666 2649 2665
f 3478 3480 3487
f 2039 2040 2008
f 2038 2037 2401
f 5131 5013 5182
f 3160 5165 5121
f 4077 1492 1491
f 1506 4093 4092
f 1477 1476 1491
f 1491 1490 4095
f 1489 1488 4092
f 1459 4063 4062
f 535 3519 3521
f 1289 1290 1292
f 1789 1118 168
f 2827 2828 4765
f 2827 5117 2828
f 2827 4765 4764
f 3808 3805 586
f 3563 3564 586
f 1805 4265 1116
f 88 188 775
f 969 4046 1435
f 164 1139 1771
f 164 869 868
f 3125 4999 3124
f 3818 3864 3783
f 1739 1723 4222
f 1723 1739 1724
f 4210 1723 1724
f 1724 1739 1740
f 1740 1739 4236
f 1709 4209 1710
f 119 3979 1346
f 119 3994 1361
f 119 1361 3979
f 119 1346 1344
f 119 1344 3995
f 119 3995 3994
f 89 778 1894
f 89 1894 1054
f 2716 4678 4679
f 5030 140 5031
f 808 807 1082
f 1801 1110 1109
f 1997 1996 1033
f 192 5050 1976
f 192 1976 4388
f 2758 2448 2447
f 1989 1988 1042
f 3127 3126 2296
f 3449 3450 444
f 4491 4493 444
f 4491 444 443
f 443 444 3450
f 3153 3152 3206
f 3126 2297 2296
f 3153 3207 3154
f 285 5137 282
f 285 282 2909
f 4940 2303 2302
f 2809 4741 4742
f 2808 4762 2809
f 4737 4738 4734
f 4327 1874 4328
f 822 92 1836
f 92 1096 1836
f 4839 2916 2915
f 4633 2613 4634
f 4599 4598 4583
f 2573 2574 4590
f 2342 3021 3020
f 4506 4543 4544
f 3817 3861 3773
f 1195 3915 1212
f 496 3623 3621
f 3623 3653 3621
f 1427 1428 4042
f 4041 4040 1426
f 3052 2318 3051
f 3138 2284 3139
f 5168 3152 3153
f 898 891 892
f 1514 139 1494
f 1494 139 5161
f 1476 1490 1491
f 1463 1464 4050
f 4096 4077 4095
f 4060 1476 1477
f 4077 4079 1492
f 3080 3095 4969
f 1709 1693 1692
f 1148 1691 1692
f 1966 1967 4380
f 90 5068 72
f 90 72 1074
f 156 5054 5016
f 156 5016 5051
f 3191 3192 3173
f 3343 371 3345
f 1349 3983 1350
f 710 709 992
f 1558 1557 4122
f 3327 3434 3436
f 437 3336 436
f 2330 3032 3031
f 3031 4935 4934
f 2083 2084 2056
f 5243 3189 5241
f 1551 1550 4121
f 968 81 1433
f 676 1433 81
f 2105 2104 2332
f 969 968 4046
f 1738 4233 4235
f 3128 5000 3127
f 3899 3914 3902
f 3959 1203 102
f 1203 3902 102
f 3959 3956 1203
f 2988 4910 2989
f 4905 4908 4906
f 968 1433 4046
f 4910 4909 3005
f 2890 4817 2891
f 2890 2891 4806
f 3271 5308 3270
f 5284 3255 318
f 1844 1829 1843
f 1829 4285 1828
f 2675 4650 4649
f 3961 3956 3959
f 1226 1222 3920
f 1226 102 1222
f 1226 3959 102
f 908 1175 909
f 2221 2242 2220
f 3028 3027 2334
f 1103 833 832
f 1897 1898 1058
f 274 270 2804
f 274 5111 270
f 1877 4325 4326
f 1854 4317 4315
f 2607 4621 2606
f 3424 3423 3404
f 4667 2689 2690
f 4672 2690 2689
f 4672 4673 2690
f 2145 2172 2144
f 4738 4736 2000
f 4783 2831 4782
f 2186 4665 2187
f 3736 725 726
f 1351 1335 1334
f 2747 2433 2746
f 654 655 649
f 1796 1812 1813
f 3374 3376 3408
f 3429 3438 3433
f 3418 3433 3438
f 3663 3668 3677
f 3423 3424 3435
f 4467 4476 4477
f 2869 4798 2870
f 926 4117 1539
f 1573 4123 1572
f 2600 2601 4607
f 1826 1842 1827
f 1866 1865 1886
f 965 964 4112
f 3884 3875 3897
f 233 202 5099
f 233 2452 202
f 233 5099 264
f 233 264 2452
f 2425 2426 2019
f 65 1139 96
f 65 96 868
f 4804 4799 4798
f 740 1018 1019
f 1980 1051 1981
f 1528 954 1529
f 3021 4925 3020
f 3019 4921 4918
f 3325 381 354
f 3020 4921 3019
f 3264 5319 5321
f 5021 130 1450
f 4047 1450 130
f 4331 180 1892
f 5061 242 2555
f 4578 2555 242
f 5105 266 2761
f 4710 2761 266
f 5152 288 2951
f 4866 2951 288
f 5158 300 3055
f 4941 3055 300
f 337 3306 5391
f 3264 3263 3282
f 5323 3262 3263
f 1730 4201 1729
f 1123 1785 1124
f 3075 4952 4957
f 4980 4982 3090
f 3075 3089 3090
f 3089 4980 3090
f 1398 4018 1397
f 510 3494 3491
f 1218 3912 3911
f 3923 3924 3926
f 2310 3045 2311
f 5028 5193 5106
f 3030 2331 3031
f 2959 4881 2960
f 4911 2989 4910
f 3684 3685 3686
f 3686 3672 3684
f 3576 3685 3684
f 3686 3685 3681
f 3229 3228 5315
f 5329 5305 5344
f 5346 5305 5329
f 951 656 950
f 856 855 1127
f 5330 5332 3257
f 5327 3234 5329
f 2333 2105 2332
f 2845 2844 2413
f 2014 2013 2420
f 2086 2054 2085
f 767 768 739
f 4531 4410 4519
f 4442 4441 2184
f 504 503 3495
f 3492 3497 3495
f 3498 3497 3492
f 3215 3214 5276
f 3214 316 5276
f 5315 5313 3229
f 3231 3230 5333
f 1349 1348 3982
f 3973 1346 1347
f 1417 4044 1416
f 1414 1415 4027
f 4448 200 2211
f 5268 3247 5266
f 3276 5365 5363
f 713 995 996
f 4387 4396 4385
f 1059 1058 1898
f 770 736 737
f 785 1058 1059
f 1843 1829 1828
f 3355 3385 3410
f 1104 833 1103
f 2564 2548 2547
f 2222 2223 2241
f 2072 4434 2071
f 1161 1202 1162
f 866 1137 1138
f 1135 864 863
f 703 710 711
f 1139 65 867
f 863 1134 1135
f 2647 2648 2482
f 4659 2665 4658
f 5261 3235 5262
f 3233 5329 3234
f 5313 5335 5333
f 5340 5342 5304
f 1010 1009 1414
f 4091 1487 4090
f 4030 4044 1417
f 1416 1415 1008
f 3641 3578 3666
f 849 848 1120
f 9 3540 561
f 1785 1123 1786
f 3751 3750 3833
f 54 81 686
f 726 725 1008
f 3734 3733 3830
f 828 829 864
f 4245 4244 4255
f 1332 1348 1349
f 1333 1349 1350
f 4033 4035 1398
f 1334 1333 1350
f 2753 2441 2752
f 4662 2669 2668
f 2714 4701 2715
f 2653 2669 2670
f 2670 2671 2654
f 2670 2654 2653
f 2738 4701 2737
f 2541 2557 2558
f 2263 1623 2262
f 1622 1623 1659
f 1570 4123 4124
f 1573 4139 4123
f 1599 4186 4185
f 1695 1712 1696
f 887 886 1152
f 886 1151 1152
f 1074 1895 90
f 1895 5068 90
f 3749 3734 3830
f 81 54 676
f 686 81 968
f 696 697 717
f 1680 1647 1646
f 2009 2010 2038
f 1856 1855 4326
f 784 785 817
f 817 816 1091
f 2859 2860 2401
f 2925 4862 2926
f 4837 4819 4818
f 2874 2858 2857
f 2752 2751 2768
f 2767 2751 2750
f 4730 2766 2765
f 1761 1760 4256
f 1785 1784 1124
f 4252 1762 4254
f 1696 1712 1713
f 2488 2487 2653
f 2737 4701 4702
f 3679 3667 3666
f 3405 3370 3372
f 3374 3407 3372
f 2275 1635 2274
f 4055 132 1465
f 4794 2881 4796
f 5161 139 5102
f 2775 4718 2776
f 2419 2839 2838
f 2803 2802 4757
f 3799 3801 681
f 2179 2473 201
f 380 3589 381
f 3325 380 381
f 382 381 3587
f 354 381 382
f 355 354 382
f 2567 2566 4597
f 4637 4636 2611
f 4595 4596 2565
f 2607 2631 2608
f 1898 1899 1059
f 1047 768 1046
f 316 5310 3252
f 3229 5313 3230
f 1985 1986 4403
f 3231 5202 3230
f 1127 1126 1782
f 3219 5211 3218
f 1425 1424 998
f 839 840 854
f 1112 841 1111
f 4694 4691 4707
f 3507 3506 521
f 3523 3509 3507
f 2976 2991 4895
f 3032 4935 3031
f 4881 4883 2960
f 1199 1166 1165
f 1297 1284 1285
f 346 362 3323
f 3606 435 434
f 1 352 3321
f 3608 3607 433
f 432 3608 433
f 832 860 861
f 2305 3041 2306
f 3482 3484 3481
f 1427 4041 1426
f 1355 1356 1339
f 3975 1358 1357
f 2175 2174 2468
f 2645 2644 2661
f 2627 2509 2628
f 1147 881 1146
f 4219 4214 4216
f 1603 1602 4183
f 4136 1560 4137
f 1575 4136 4137
f 4780 4779 2812
f 2811 2812 4740
f 2973 4880 4879
f 4909 4910 2988
f 3456 450 3455
f 2426 2427 2020
f 4429 4546 4549
f 1802 1801 1818
f 1819 4278 1820
f 4972 4978 3100
f 2450 2759 4708
f 2166 2152 2165
f 2449 2759 2450
f 2505 2242 2241
f 2223 2224 2240
f 435 3333 434
f 3647 3648 3670
f 4365 4383 4384
f 5055 5053 5189
f 962 963 668
f 673 1479 674
f 964 670 669
f 673 3752 3707
f 82 74 988
f 3857 3787 3785
f 3834 3751 3833
f 336 5385 335
f 5308 3271 318
f 2258 1640 4474
f 319 3272 3236
f 5372 3272 319
f 5360 3280 3279
f 3250 5263 3249
f 4568 4547 4569
f 4422 4546 4421
f 46 603 614
f 614 609 46
f 2678 4657 4656
f 4655 4654 4656
f 4533 4554 4563
f 3500 3495 3496
f 2670 2669 4663
f 4680 4679 4681
f 4650 2673 4649
f 3236 5284 318
f 636 929 930
f 1626 1656 1625
f 3316 347 3317
f 1045 1046 767
f 3497 504 3495
f 3825 3843 3871
f 3306 340 5390
f 3363 3401 3416
f 3929 3930 1231
f 3107 5003 3108
f 3059 3058 4950
f 3107 4981 4979
f 3074 3089 3075
f 1048 769 1047
f 1058 1057 1897
f 1089 814 1088
f 834 833 1104
f 1104 1796 1105
f 1105 1796 1797
f 3440 3326 3435
f 1009 726 1008
f 3828 3824 3872
f 3735 54 686
f 5363 5361 3277
f 3132 3131 2291
f 2334 2107 2106
f 129 1435 4046
f 2239 2240 2224
f 2031 2394 2395
f 2393 2853 2394
f 4838 2387 2386
f 3937 1239 1238
f 5132 1266 5128
f 3969 3970 1251
f 3933 3916 1228
f 741 740 1019
f 2095 206 4447
f 4957 3074 3075
f 4951 3059 4950
f 210 2301 218
f 3123 2301 2300
f 4346 4345 4351
f 4996 5012 3103
f 3123 2300 3124
f 888 902 887
f 5201 5251 5202
f 5201 5202 3231
f 1666 4170 4171
f 1691 1147 1690
f 1775 1134 1133
f 1023 1022 1338
f 3687 575 606
f 3868 3810 3888
f 2390 2851 2391
f 4841 4840 2914
f 1860 4309 4310
f 3097 3083 3082
f 4962 4961 4946
f 3082 4945 3081
f 3097 3098 3083
f 3067 4961 3068
f 3373 3371 3406
f 3406 3371 3369
f 3402 3406 3369
f 3381 396 397
f 5015 5160 5162
f 1136 864 1135
f 3737 3738 3827
f 3713 61 3719
f 1100 829 1099
f 1139 867 1138
f 1484 4087 1485
f 3234 5259 3233
f 5329 5344 5327
f 5339 5340 5302
f 4093 1489 4092
f 1474 4063 1473
f 1473 1488 1474
f 4925 3021 4938
f 1151 1694 1695
f 4256 4257 1782
f 4470 2182 2183
f 408 3376 407
f 3279 3280 3258
f 3257 3279 3258
f 3258 5330 3257
f 5332 3256 3257
f 2303 3040 2304
f 4470 4526 4471
f 1181 914 1180
f 1221 1222 3902
f 3848 3792 3793
f 4031 1397 1396
f 4033 1419 1420
f 818 783 784
f 816 1090 1091
f 2390 2027 2026
f 2019 2020 2028
f 2393 2392 2852
f 2425 2833 2832
f 3457 452 3459
f 3460 3457 3458
f 4540 4498 4500
f 700 713 714
f 982 981 1445
f 4439 4440 2049
f 4438 2050 2051
f 2051 2050 2368
f 2051 2088 4438
f 4848 4846 4853
f 593 3559 3574
f 4229 1737 1736
f 4197 1720 1721
f 1687 4195 1688
f 1137 1136 1773
f 4244 4246 1751
f 1750 4244 1751
f 1720 1736 1721
f 1736 1737 1721
f 890 899 900
f 5119 3149 5170
f 3903 3905 1201
f 5119 5170 5120
f 5334 5307 5335
f 3253 5281 5279
f 335 337 336
f 5314 3267 3268
f 33 506 31
f 822 61 92
f 1096 92 61
f 3819 3867 3894
f 3558 565 564
f 3867 3895 3886
f 3894 3867 3886
f 3553 3552 564
f 3809 3866 3819
f 865 1136 1137
f 3822 3846 3823
f 3827 3826 3722
f 5065 5067 5069
f 5069 5070 5190
f 349 3322 350
f 1897 1057 1056
f 1060 1899 1061
f 420 456 10
f 3984 3983 3982
f 2404 2405 2041
f 1741 1726 1725
f 1758 4238 4237
f 1725 1726 4208
f 1742 1726 1741
f 1741 4238 1742
f 1274 1308 1273
f 3759 3835 3758
f 3835 3757 3758
f 3858 3756 3835
f 3756 3755 916
f 920 3759 3758
f 927 634 633
f 4550 4549 4568
f 2512 2511 2625
f 2625 2511 2626
f 2525 2524 2544
f 5321 3263 3264
f 511 510 519
f 4243 4253 1765
f 3355 394 3385
f 3364 416 417
f 3506 3509 3522
f 521 522 3505
f 3506 522 521
f 3518 3520 3508
f 1743 1744 1728
f 1743 4241 1744
f 4512 4557 4540
f 3468 3469 3467
f 4936 3010 4935
f 2082 2083 2057
f 5213 5230 5232
f 1281 1300 1301
f 1212 3929 1213
f 208 212 3154
f 4932 3007 3006
f 1322 1283 1282
f 3907 1198 1199
f 889 890 900
f 5211 5209 3218
f 933 932 1543
f 959 1524 1523
f 3959 3962 3961
f 3862 3774 3840
f 3504 522 6
f 208 4462 212
f 3319 349 350
f 3435 3326 3437
f 3590 403 3588
f 3588 3641 3590
f 3423 3403 3404
f 4115 950 949
f 985 984 1447
f 3065 3066 3049
f 4959 4958 3080
f 3115 3114 5010
f 5009 3114 3113
f 1247 3948 3944
f 937 1547 1548
f 640 641 662
f 1609 4178 4177
f 3361 402 3366
f 371 372 350
f 2646 2481 2480
f 2509 2627 2510
f 1673 1654 1653
f 3936 1239 3937
f 887 1152 1153
f 1417 1006 1005
f 683 684 3795
f 3791 685 677
f 152 4476 197
f 685 76 677
f 4550 4568 4571
f 4548 4547 4422
f 2816 4751 4752
f 2796 2797 2782
f 1208 3907 3910
f 1202 3903 1201
f 3905 1200 1201
f 1418 1417 1005
f 1753 4264 4263
f 1188 1187 1177
f 2630 2629 2507
f 638 637 931
f 2607 2606 2630
f 2544 2524 2543
f 2521 2542 2522
f 2524 2523 2543
f 3412 3395 3427
f 3392 3336 3412
f 3420 3392 3427
f 3345 3395 3343
f 3395 3347 3349
f 3427 3392 3412
f 4449 4447 4517
f 3327 3328 3441
f 3404 3403 3368
f 3404 3370 3405
f 3682 3675 3680
f 1089 1879 1090
f 1092 1093 818
f 3077 3091 3092
f 2395 2854 2396
f 1903 1064 1902
f 1067 1066 1905
f 1066 1904 1905
f 809 808 1083
f 4095 4093 4094
f 1573 1574 4139
f 1585 1574 1573
f 1574 1585 4140
f 4151 1585 1584
f 1585 1573 1584
f 1798 1797 1814
f 3119 3118 4991
f 2467 2729 2468
f 2707 4704 4703
f 4986 4985 3111
f 3064 4958 3065
f 2924 2923 4851
f 2924 4851 4850
f 2889 2904 2905
f 4851 2923 4849
f 1660 1667 1661
f 1661 1667 1666
f 2929 2928 4852
f 3138 5001 5011
f 3140 3139 2282
f 5168 5145 3152
f 3140 3141 4997
f 4939 2321 3053
f 3052 3053 2320
f 2468 2469 2175
f 2728 2469 2468
f 3490 503 504
f 4506 4544 4507
f 1995 4391 4394
f 1997 1032 192
f 192 87 5050
f 755 1034 756
f 1033 1034 755
f 2626 2511 2510
f 1091 1092 817
f 2181 2182 4471
f 3451 3450 3443
f 4409 4534 4491
f 456 439 16
f 3443 440 3451
f 2875 2876 2859
f 4189 1141 1140
f 3832 3858 3835
f 1687 1141 4189
f 3844 3822 3871
f 345 361 346
f 1434 82 988
f 2413 2412 2845
f 2758 2759 2449
f 1913 1914 1897
f 4343 1914 1913
f 3466 3465 425
f 3875 3896 3897
f 3488 26 495
f 1923 1924 1907
f 1904 1921 1905
f 2548 2528 2547
f 2550 2531 2530
f 2631 2632 2608
f 2563 2547 2546
f 3779 3780 3841
f 522 3506 3522
f 1544 1543 1560
f 3025 2336 3026
f 5208 5206 5241
f 646 658 645
f 841 840 1111
f 1169 902 1168
f 1887 1886 1082
f 2163 2155 2162
f 4426 2138 4428
f 4697 2741 2742
f 2453 2743 2742
f 3653 3673 3621
f 3621 3673 3662
f 497 3621 3619
f 798 1072 799
f 1067 794 793
f 1072 1073 799
f 1067 793 1066
f 808 809 793
f 3872 3823 3847
f 3847 3792 3848
f 3555 400 17
f 4236 1756 1757
f 859 833 834
f 816 815 1090
f 1149 883 1148
f 883 882 1148
f 1259 1260 3945
f 1539 927 926
f 4820 4818 4819
f 3284 3283 5367
f 1046 1984 1047
f 1900 1062 1061
f 2842 2843 4770
f 4772 2841 2842
f 2443 2442 2754
f 2008 2415 2009
f 4701 2714 4702
f 2669 4662 4663
f 1125 853 1124
f 794 808 793
f 1670 1669 1657
f 1902 1064 1063
f 788 1062 789
f 2802 2803 2787
f 2804 2789 2803
f 3012 4897 3011
f 4871 4870 2978
f 4870 4871 4886
f 4896 4897 4898
f 3806 3868 3888
f 3692 3691 625
f 519 520 511
f 3703 45 604
f 760 1039 761
f 2207 2208 4415
f 2205 2204 2296
f 2301 210 2209
f 1572 1583 1573
f 4122 4123 4139
f 3680 3675 3669
f 3680 3669 3670
f 2515 2514 2623
f 4726 4725 2770
f 2800 4750 2801
f 1761 4256 4254
f 1695 1694 1711
f 3267 5352 3268
f 582 3814 3811
f 2748 2436 2435
f 225 4842 2366
f 2530 2529 2549
f 2503 2633 2504
f 5144 5182 5143
f 2022 2025 2026
f 3859 3759 3760
f 3843 3844 3871
f 1130 1131 859
f 2208 2300 2209
f 4479 210 4472
f 2300 2301 2209
f 3881 3878 3852
f 243 4579 2570
f 209 4468 2183
f 4470 2183 4468
f 4470 4523 4526
f 4534 4529 4526
f 898 892 897
f 3347 3395 3345
f 2046 2045 2894
f 4176 1681 1682
f 1682 4175 4176
f 1683 4175 1682
f 652 3769 630
f 42 572 3557
f 4157 1607 1608
f 4142 4144 4143
f 2007 2006 2413
f 3394 3342 3393
f 3476 499 500
f 500 480 3476
f 4338 1908 1907
f 1488 1489 1474
f 1461 1445 1444
f 4095 4077 1491
f 4059 4061 4060
f 2915 4823 2914
f 5177 3166 5169
f 5158 3055 5157
f 2405 2042 2041
f 2404 2040 2403
f 2001 2744 2002
f 3218 3217 5270
f 2370 2053 2052
f 720 719 1002
f 1823 4289 4290
f 1823 4272 4273
f 4296 1855 1856
f 1843 1828 4294
f 1811 4271 4287
f 667 666 961
f 4872 4874 2952
f 970 688 969
f 691 972 973
f 4356 1925 1924
f 4393 1971 4395
f 637 666 636
f 635 929 636
f 636 666 667
f 929 635 928
f 635 634 928
f 1144 1143 1688
f 1972 4393 4394
f 1777 1131 1778
f 1777 1778 4261
f 1364 3984 3980
f 4007 1380 4008
f 3980 3984 3982
f 2297 2206 2205
f 1308 1309 1273
f 3726 754 755
f 1341 1340 1357
f 892 1157 1158
f 3948 3941 3944
f 4902 4899 4906
f 4527 4529 4483
f 2861 2860 2877
f 4833 4834 2905
f 4852 2928 4853
f 4862 4848 4854
f 3974 1343 1342
f 2962 2963 2946
f 2947 2948 2361
f 914 1181 915
f 3740 3741 3832
f 2528 2527 2547
f 2270 1630 2269
f 1692 1149 1148
f 904 1170 1171
f 1158 1159 893
f 1339 1338 1355
f 946 652 52
f 4040 1425 1426
f 1350 1351 1334
f 4033 1397 4031
f 1397 4033 1398
f 410 3601 3602
f 497 498 3474
f 3342 427 3340
f 728 3733 3734
f 1009 727 726
f 54 3749 676
f 3750 3749 3830
f 3734 3749 55
f 5351 3273 3274
f 321 5371 5376
f 1543 1559 1560
f 1040 1990 1041
f 2851 2390 2850
f 4828 4827 4830
f 3702 629 627
f 629 3806 3888
f 3317 347 348
f 366 3352 3350
f 850 1121 1122
f 4680 2715 4679
f 2683 4662 4661
f 860 1131 1132
f 2388 2025 2024
f 882 881 1147
f 2925 4850 4862
f 1673 1603 4183
f 919 920 3758
f 1273 1309 1272
f 3551 3555 17
f 2131 2132 2102
f 2945 2962 2946
f 4919 3036 4923
f 890 1155 1156
f 873 3748 894
f 803 1078 804
f 873 5101 5116
f 4526 4523 4552
f 1921 1922 1905
f 3461 426 3465
f 2466 2730 2467
f 3834 3879 3845
f 369 3322 368
f 3771 3839 3770
f 5299 5286 5287
f 3645 3596 3644
f 3372 406 3374
f 5274 3216 3215
f 748 747 1026
f 746 1025 747
f 759 760 747
f 4849 2374 4851
f 3760 3761 3836
f 2353 2941 2354
f 143 5042 5040
f 3562 3566 3568
f 3694 3696 3698
f 3691 45 625
f 776 1940 4363
f 4479 113 210
f 4529 4409 4484
f 2775 2774 4720
f 4723 2788 4719
f 2803 4753 2804
f 1176 1188 1177
f 1661 1620 1621
f 1162 1202 1201
f 1201 1163 1162
f 1201 1200 1163
f 70 894 1160
f 2127 2128 2106
f 2942 2943 2355
f 4385 1940 4392
f 2128 2129 2105
f 2105 2106 2128
f 2518 2517 4577
f 2540 2519 2518
f 4247 1788 1789
f 889 1155 890
f 2316 2315 3050
f 3050 2317 2316
f 3053 2321 2320
f 1972 1971 4393
f 4367 4366 4372
f 800 799 1073
f 855 838 839
f 1779 1130 1129
f 3003 4928 4929
f 1216 3925 1217
f 2506 2630 2507
f 4464 4520 4463
f 2834 2833 2424
f 4464 2253 2254
f 5027 5074 3144
f 4459 4458 2231
f 2232 4458 4459
f 1659 1660 1622
f 51 631 3753
f 672 966 967
f 3785 679 51
f 1025 1024 1340
f 1340 1024 1339
f 2470 2727 2471
f 2727 2726 2471
f 4750 4751 2817
f 2818 4750 2817
f 1358 1342 1341
f 53 673 3707
f 670 964 965
f 3707 3857 3785
f 46 3626 603
f 3624 3626 46
f 3613 3609 3610
f 2290 3132 2291
f 1358 1341 1357
f 4020 4010 1405
f 4020 1405 1406
f 3991 3975 1357
f 3663 3677 3652
f 3424 3404 3405
f 3642 3592 3590
f 1271 1313 1272
f 1308 2206 1309
f 1310 1271 1272
f 7 412 3375
f 3649 3648 3607
f 3662 3650 3619
f 3619 3621 3662
f 3606 3648 3647
f 4862 4854 2926
f 3813 3856 3816
f 3522 6 522
f 3571 592 3574
f 630 5024 5079
f 626 3703 3702
f 612 617 613
f 613 3688 612
f 4102 1517 1518
f 4110 965 4112
f 1485 1469 1484
f 1469 1468 1483
f 2173 2466 2467
f 2416 2009 2415
f 3436 3420 3427
f 2456 2163 2162
f 4372 4366 1972
f 1972 4394 1973
f 5189 5188 5064
f 1629 1653 1628
f 1414 1009 1415
f 5317 3227 5318
f 4320 1869 4321
f 1869 4299 1868
f 4975 3104 4973
f 4973 3104 3105
f 5311 5308 5306
f 4742 2807 2808
f 2389 2388 4785
f 3719 3821 3713
f 3803 821 61
f 4110 966 965
f 823 3720 822
f 5043 1595 5045
f 3228 5206 5208
f 1608 1607 4180
f 4240 4239 1760
f 4254 1783 1784
f 1446 983 1445
f 1447 1446 4050
f 2358 2357 2945
f 2749 2766 2750
f 4902 4906 2985
f 2537 4576 2539
f 2463 2169 2462
f 1415 1009 1008
f 2442 2441 2753
f 1643 1683 1682
f 1644 1643 1682
f 3169 5183 5016
f 5237 5208 5239
f 465 461 464
f 2018 2424 2425
f 1600 1599 4185
f 1660 1659 1668
f 1542 1541 1558
f 1541 1557 1558
f 3338 3332 3393
f 3332 3331 3390
f 3340 427 428
f 3393 3342 3340
f 1423 4038 4037
f 1522 960 1523
f 1521 961 1522
f 972 691 690
f 1051 1050 1981
f 58 774 1053
f 1370 1386 4001
f 3852 3854 3870
f 3571 572 42
f 3720 3719 822
f 3821 3714 3713
f 5153 5154 5015
f 4903 4904 4898
f 3101 3102 4974
f 1818 4281 4279
f 1524 958 1525
f 695 976 977
f 5157 5155 5014
f 871 1685 872
f 697 978 979
f 2109 2336 2337
f 4929 3004 3003
f 4905 3002 3003
f 967 4111 1479
f 3276 3277 5350
f 3248 3247 5350
f 3573 578 579
f 3575 3559 577
f 3700 3695 600
f 594 3559 593
f 3598 3645 3611
f 42 592 3571
f 3153 5159 5158
f 2317 3050 3051
f 1036 1995 1994
f 369 368 3347
f 1322 1282 1321
f 1339 1356 1340
f 4743 4756 4755
f 2781 2796 2782
f 4728 4729 2782
f 2812 4756 4740
f 3900 1221 3902
f 3902 3914 3900
f 3760 922 3761
f 3836 3859 3760
f 2108 2109 2124
f 3127 2295 3128
f 4632 2615 2614
f 4760 4783 4762
f 1924 4338 1907
f 5176 3177 312
f 1972 1973 4372
f 5175 5188 5176
f 5335 5337 5347
f 5337 5303 5347
f 5347 5334 5335
f 85 57 731
f 1014 1013 1331
f 1332 1015 1331
f 1424 999 998
f 4444 4443 2186
f 2645 2479 2478
f 3925 1216 3927
f 1217 3925 3924
f 1172 1192 1173
f 1172 1173 906
f 2856 2857 2398
f 3237 3238 5282
f 5278 5280 3239
f 5277 3241 3242
f 3241 5351 3242
f 5278 3241 5277
f 5277 5297 5278
f 1104 1105 834
f 1331 1013 1330
f 4044 4032 1416
f 772 1050 1051
f 735 1013 1014
f 2853 2393 2852
f 2918 2917 4857
f 352 1 375
f 3336 437 3337
f 793 809 792
f 5248 5250 5203
f 3631 604 3636
f 3290 5380 5381
f 3574 3562 3570
f 3695 614 603
f 425 3465 426
f 2023 194 4419
f 4115 1534 1533
f 1125 1783 1126
f 1126 1783 1782
f 4716 2764 2763
f 4632 2638 2639
f 2634 2635 4636
f 1144 1145 879
f 1146 1690 1147
f 4277 1821 1820
f 5173 5088 5191
f 4536 4496 4538
f 4555 4572 4570
f 4554 4555 4570
f 4555 4536 4566
f 748 759 747
f 746 760 761
f 4146 1598 1599
f 646 940 647
f 985 703 984
f 1131 1777 1132
f 2038 2402 2039
f 3061 3044 3060
f 1300 2198 1301
f 997 715 714
f 734 1013 735
f 1012 1013 734
f 734 773 733
f 1277 1316 1317
f 1305 1276 1277
f 2203 1305 2202
f 2010 2009 2416
f 4094 4096 4095
f 4094 1508 4096
f 3695 603 602
f 4198 1704 1703
f 1703 4199 4198
f 3013 3012 4927
f 3013 4903 3012
f 2648 2649 2483
f 2267 1627 2266
f 1309 1310 1272
f 3893 3818 3883
f 3375 3377 7
f 3363 3364 417
f 752 751 1030
f 751 1029 1030
f 5186 5041 5039
f 1341 1342 1027
f 3174 5174 5026
f 4665 2186 4670
f 4694 2703 4700
f 3604 437 436
f 3441 3434 3327
f 3643 3667 3668
f 5135 5137 5139
f 316 5201 3231
f 3590 3592 404
f 403 404 3368
f 404 403 3590
f 3353 3358 420
f 10 3353 420
f 3358 3353 3351
f 4043 1406 4042
f 2946 2359 2358
f 864 1136 865
f 2024 193 227
f 193 2048 227
f 1658 1669 1668
f 1623 1624 1658
f 1144 878 1143
f 2024 227 2388
f 1133 1776 1775
f 5005 3131 3132
f 5228 5230 5215
f 2166 2167 2151
f 1859 4311 1858
f 1419 4031 1418
f 5258 5259 5286
f 3850 3797 3795
f 3298 340 3299
f 1062 788 1061
f 1046 1045 1985
f 1843 4309 1844
f 4298 4311 4310
f 2816 4752 2815
f 4681 4682 4680
f 4317 4316 4315
f 1855 4315 4326
f 1793 1809 1810
f 3297 3298 333
f 3606 3605 435
f 5263 5258 5286
f 2691 2692 2676
f 1355 3989 3990
f 3990 1356 1355
f 4313 4299 4308
f 4302 1870 1871
f 5080 5084 5081
f 1081 1888 1887
f 4031 1396 4030
f 5289 5255 5299
f 5290 5267 5269
f 5269 5267 3219
f 1338 1354 1355
f 4825 4826 4820
f 2878 4808 4809
f 2878 2861 2877
f 2860 2402 2401
f 3618 44 3616
f 4981 3108 4983
f 5003 3130 5004
f 3154 5159 3153
f 4922 4921 4925
f 2993 2978 2977
f 2993 2977 2992
f 2992 4896 2993
f 3829 3733 3732
f 3114 4989 3113
f 3113 4989 4987
f 4658 2665 2664
f 2709 4705 2732
f 1945 4371 4375
f 4513 4557 4512
f 3026 2336 2335
f 3003 4907 4905
f 961 962 667
f 667 962 668
f 793 792 1066
f 923 922 4485
f 458 457 3546
f 4054 4053 1451
f 4072 4074 4070
f 4053 1453 1452
f 1484 4083 4087
f 4669 4668 4667
f 2661 2660 4653
f 4564 4567 4556
f 4556 4541 4564
f 547 546 3544
f 3507 3509 3506
f 545 3524 544
f 3529 3528 3543
f 2550 2530 2549
f 2226 2238 2225
f 2634 2503 2502
f 4971 4977 4972
f 2008 2040 2007
f 3962 3959 1226
f 2733 2710 2709
f 2664 4657 4658
f 5259 5258 3233
f 1171 1172 905
f 3752 3857 3707
f 2672 2671 4649
f 2199 2291 2200
f 2692 2691 4673
f 3751 3834 3752
f 951 1531 952
f 2891 4792 4806
f 2879 2878 4809
f 2158 4436 2157
f 3105 5000 3106
f 3106 4973 3105
f 1798 1799 1107
f 3393 3390 3418
f 3340 3339 3393
f 3339 428 429
f 4208 4209 1725
f 4236 1739 4235
f 2795 2780 2779
f 2780 4715 2779
f 4756 4745 4740
f 4697 4698 2741
f 3163 3164 5167
f 1122 1787 1786
f 2874 2875 2858
f 4031 1419 4033
f 3993 3994 3999
f 1003 1420 1419
f 3599 376 375
f 376 352 375
f 4521 4449 4517
f 1191 1215 1216
f 2622 2515 2623
f 4464 2254 4465
f 2624 4626 2623
f 1549 1565 1566
f 757 750 756
f 1994 1993 1037
f 1485 1470 1469
f 5009 5008 3135
f 3135 2287 3136
f 1218 3911 1217
f 3923 3921 1219
f 5191 5027 5173
f 4270 4267 1804
f 1032 87 192
f 1997 1033 1032
f 5004 3130 3131
f 698 979 980
f 762 744 745
f 5216 5214 5227
f 2458 2459 2165
f 2164 2458 2165
f 2234 2498 2235
f 5083 3164 5082
f 500 3615 3613
f 1522 961 960
f 977 976 1440
f 1878 1877 1091
f 2047 2048 4429
f 4243 1765 1764
f 3173 3174 5025
f 639 638 932
f 694 976 695
f 695 977 696
f 2858 2875 2859
f 4230 4231 4225
f 4249 4248 4253
f 3218 5209 3217
f 4478 683 4480
f 4641 2603 2602
f 4577 2540 2518
f 3106 5002 3107
f 3255 3254 5306
f 318 3271 319
f 803 804 798
f 2337 2110 2109
f 2340 2341 2113
f 2339 3022 2340
f 1147 1148 882
f 2129 2104 2105
f 852 853 841
f 225 3157 5144
f 4575 2023 2430
f 2389 2390 2026
f 966 672 671
f 2507 2243 2506
f 2599 2600 4607
f 2245 2509 2246
f 2266 1627 1626
f 1627 1655 1626
f 664 638 639
f 466 3472 467
f 2396 2032 2395
f 45 3691 597
f 3273 3238 3272
f 5280 3238 3239
f 568 3790 3788
f 3843 3784 3786
f 3818 3865 3883
f 3550 525 524
f 524 3555 3550
f 143 4119 1569
f 466 467 460
f 1724 4209 4210
f 1740 4236 4237
f 1692 1708 1709
f 1859 1860 4310
f 2985 2984 4902
f 2937 2954 2938
f 663 639 640
f 4586 4587 2558
f 2239 2238 2502
f 2239 2502 2503
f 610 611 3690
f 1548 1565 1549
f 938 937 1548
f 1166 1198 1167
f 1197 3909 1196
f 1168 1196 1169
f 4050 1464 4047
f 1446 1447 984
f 914 3743 913
f 958 959 664
f 4109 1511 4108
f 1432 990 989
f 3664 3653 3655
f 3741 3858 3832
f 2159 4436 4437
f 678 679 3787
f 3889 3706 3704
f 4856 2919 2918
f 4821 2916 2917
f 4857 4856 2918
f 2094 2093 4894
f 3103 3102 4996
f 804 1078 1079
f 2056 2057 2083
f 1079 805 804
f 1079 1080 805
f 4931 4930 3027
f 2242 2506 2243
f 797 796 1070
f 1071 797 1070
f 3571 3574 3570
f 1547 1563 1564
f 938 1548 1549
f 1677 4182 1606
f 1563 1546 1562
f 3990 3989 1370
f 5366 5364 5357
f 3284 3269 3268
f 3254 5307 5306
f 3701 3698 3700
f 2936 2346 4865
f 4173 1683 1684
f 3315 3318 356
f 2979 4871 2978
f 2993 2979 2978
f 2994 2979 2993
f 4898 2994 2993
f 2993 4896 4898
f 1549 939 938
f 1564 1565 1548
f 1180 914 913
f 2508 2245 2244
f 5342 5305 5304
f 5348 5345 5304
f 2035 2034 2398
f 2012 2419 2013
f 4684 2696 4685
f 2681 2696 2682
f 2682 4660 2681
f 418 3542 3541
f 960 959 1523
f 2368 2050 2367
f 2439 2751 2440
f 1697 1714 1698
f 1277 1276 1316
f 4411 2005 2042
f 2801 4750 4759
f 2838 2839 4775
f 2149 2169 2148
f 3629 508 507
f 3655 3623 3625
f 2457 2740 2739
f 4064 4065 1472
f 1487 1486 4090
f 4279 1819 1818
f 1868 4322 4321
f 5265 5267 5289
f 5267 5290 5289
f 4515 4442 4551
f 1321 1255 1322
f 1229 1228 1240
f 2557 4586 2558
f 4635 4629 2600
f 896 895 1162
f 5281 5283 5298
f 3285 5371 319
f 4084 1511 1512
f 1675 1604 1674
f 696 978 697
f 1442 1443 979
f 2307 3043 2308
f 3695 601 600
f 1621 1660 1661
f 665 638 664
f 959 960 665
f 1698 1714 1715
f 4033 1420 4035
f 497 3486 496
f 3329 3346 3396
f 4929 3025 3026
f 564 39 3557
f 520 604 33
f 31 520 33
f 2340 2112 2339
f 2068 2385 2386
f 2240 2504 2241
f 2241 2223 2240
f 3696 3697 616
f 4411 2004 2005
f 1878 1091 1090
f 3238 3273 3239
f 5278 5300 5280
f 5300 5256 5257
f 920 4482 4483
f 84 124 728
f 2382 2065 2064
f 10 16 3386
f 3831 3884 3873
f 3623 26 3625
f 26 501 3625
f 3895 3876 3886
f 3886 3876 3833
f 3365 3364 3416
f 3373 3417 3375
f 412 530 3527
f 413 412 3527
f 4490 4492 4554
f 1156 1699 1157
f 702 703 711
f 188 776 775
f 4519 4520 4553
f 3870 3881 3852
f 3852 3849 3798
f 443 4485 4409
f 2376 2921 2377
f 2611 2610 4637
f 4598 4582 4583
f 2498 2499 2235
f 1836 1096 4328
f 1033 1996 1034
f 4082 1498 1499
f 1862 1863 4306
f 932 638 931
f 2954 2953 4874
f 4875 2954 4874
f 857 856 1128
f 530 412 7
f 398 530 7
f 4556 4567 4542
f 4806 4805 2890
f 4818 2907 4836
f 788 789 813
f 4242 4241 4240
f 3391 3419 3389
f 2251 2515 2252
f 1000 1422 1001
f 694 693 975
f 975 976 694
f 1209 1208 3934
f 975 1439 976
f 79 5079 5031
f 4358 4360 4359
f 4526 4529 4527
f 3850 3795 3845
f 677 3789 3791
f 825 3723 3722
f 2273 1634 1633
f 2338 2339 2111
f 3053 300 4939
f 1484 1469 1483
f 1483 4083 1484
f 5343 5349 5302
f 3254 3255 5283
f 1172 1171 1193
f 3041 4943 3057
f 1640 1639 4474
f 1645 1636 1637
f 1674 1603 1673
f 2963 2947 2946
f 2837 2836 2421
f 2014 2420 2421
f 2454 2453 2742
f 188 1053 1979
f 2339 2112 2111
f 3845 3795 3791
f 3795 684 3791
f 3629 3636 3655
f 1694 1150 1693
f 1383 1384 1368
f 3987 1367 1368
f 1367 1383 1368
f 718 719 694
f 5213 5215 5230
f 911 877 878
f 861 1132 1133
f 4591 2561 4589
f 3332 3390 3393
f 3665 3674 3591
f 2590 4606 2575
f 4625 4623 2590
f 329 3294 3303
f 2605 2606 4622
f 965 966 671
f 3719 61 822
f 4761 2810 2809
f 4941 3070 4942
f 3028 2333 3029
f 4170 4169 4172
f 1668 1659 1658
f 1667 1660 1668
f 65 868 3737
f 3930 1212 1211
f 1255 1256 3951
f 16 421 3386
f 3334 431 3332
f 4805 4803 2889
f 4834 2906 2905
f 2905 2906 2890
f 2889 2905 2890
f 2890 4805 2889
f 942 648 941
f 5208 5241 5239
f 3486 3484 3485
f 3490 495 494
f 3488 495 3490
f 2729 2728 2468
f 4706 4704 2706
f 3354 365 364
f 3366 3399 3361
f 4623 4624 4622
f 1018 1333 1334
f 4776 2816 2815
f 1560 1561 1544
f 1606 1605 1676
f 1677 1606 1676
f 2605 4638 4640
f 5223 5218 5216
f 508 29 3497
f 508 3498 507
f 1192 1193 1214
f 1857 4325 4324
f 4311 4295 1858
f 1655 1672 1671
f 954 955 660
f 1096 1095 4328
f 1879 1878 1090
f 4294 1827 1842
f 3822 3823 3715
f 3384 400 5
f 3014 4904 3013
f 5015 5154 5160
f 3035 3036 4919
f 4460 4461 2097
f 1565 4130 1566
f 3364 3363 3416
f 415 3367 414
f 5212 5233 5231
f 1699 1156 1698
f 1118 1119 847
f 2094 2934 2095
f 2645 2661 2662
f 2659 2660 4645
f 3274 3243 3242
f 3243 5275 3242
f 648 647 941
f 1157 891 1156
f 891 898 899
f 1156 891 890
f 891 899 890
f 434 3333 3330
f 3607 3606 434
f 2815 4752 4754
f 307 2301 3123
f 664 959 665
f 2546 2526 2545
f 934 933 1544
f 2379 2380 2062
f 204 3157 225
f 5241 5206 5243
f 646 647 657
f 3843 3825 3865
f 3826 3827 3873
f 3173 3192 3174
f 3310 3315 3314
f 2510 2247 2246
f 3816 3856 3815
f 3574 3559 3575
f 1336 1335 1352
f 763 1041 1042
f 1011 57 85
f 1640 1641 1642
f 733 1012 734
f 54 55 3749
f 3554 3553 3548
f 820 1094 1095
f 1857 4324 1858
f 1091 1877 1092
f 4426 203 2138
f 773 734 772
f 4112 1519 1518
f 4073 4074 674
f 1519 4104 4103
f 1519 4103 1518
f 2510 2511 2247
f 2510 2627 2626
f 194 2023 4575
f 4210 4209 1709
f 4237 4236 1757
f 3115 3116 4971
f 4874 2953 2952
f 1087 1088 813
f 1088 1087 1881
f 2915 2916 4821
f 4821 4827 4828
f 854 853 1125
f 4907 3003 3004
f 3593 379 378
f 378 379 3325
f 1877 4330 1092
f 3755 67 916
f 657 658 646
f 1389 1373 1388
f 1372 1373 3976
f 1373 1372 1388
f 697 979 698
f 2325 2326 2098
f 4638 2627 2628
f 4608 4610 4609
f 2599 4635 2600
f 3526 547 3527
f 4187 4172 4169
f 5167 5083 5192
f 647 940 941
f 4766 2845 2846
f 2844 2414 2413
f 4720 4718 2775
f 1058 785 784
f 2954 2955 2938
f 2955 2939 2938
f 4909 4907 3004
f 380 3593 3589
f 3106 5000 5002
f 4295 1857 1858
f 1858 4324 4318
f 5262 3222 5285
f 1856 4325 1857
f 4616 4612 2597
f 4774 2817 4775
f 3970 1252 1251
f 1590 1580 1579
f 1216 1190 1191
f 3927 1216 1215
f 5266 3247 3248
f 5299 5287 5289
f 5192 5091 5092
f 3497 3498 508
f 3365 3367 415
f 2734 2462 2735
f 2042 2043 4411
f 311 5127 3159
f 2113 2112 2340
f 3587 3589 3640
f 3320 353 354
f 354 353 3325
f 598 3633 597
f 3528 545 3543
f 4823 2915 4821
f 4821 2917 4827
f 3319 3317 349
f 4375 4368 4374
f 1948 1933 1947
f 1947 4378 1948
f 5128 1224 5126
f 1027 748 1026
f 3577 3649 3650
f 24 500 3613
f 3143 5068 3142
f 1232 1242 1243
f 1232 3919 3929
f 1232 3929 1231
f 3722 3723 3827
f 200 4463 4446
f 4919 4927 3035
f 2279 2278 2536
f 2741 4698 2740
f 2637 2636 2500
f 3310 3316 3313
f 3826 3873 3883
f 3825 3826 3865
f 3192 5247 5249
f 365 3323 364
f 3398 3352 3354
f 1864 4305 1863
f 1082 1081 1887
f 1632 1633 1649
f 1100 1793 1101
f 649 3767 654
f 3633 3658 3635
f 2644 2476 2643
f 200 198 4463
f 642 936 643
f 4700 4692 4694
f 4668 4665 4670
f 5045 5187 5042
f 1452 1451 4053
f 1455 1439 1438
f 1454 1455 1438
f 1518 4110 4112
f 4093 1507 4094
f 3316 3310 3314
f 2813 4755 4756
f 4714 4730 2765
f 4790 4791 2850
f 2064 2381 2382
f 760 746 747
f 2839 4774 4775
f 5374 5375 5373
f 5011 3115 5010
f 2286 2287 2195
f 2392 2028 2391
f 1921 1904 1920
f 4352 1921 1920
f 2162 2156 2161
f 2243 2507 2244
f 2054 2372 2055
f 2134 2100 2133
f 1907 1908 1070
f 4454 207 2091
f 4767 273 2829
f 2346 2936 2347
f 1750 1749 4255
f 3625 508 3629
f 3988 1353 3987
f 5158 5168 3153
f 2499 2637 2500
f 338 3305 5386
f 1475 4061 4062
f 4064 1473 4063
f 3733 729 3732
f 925 1537 4117
f 2502 2635 2634
f 2635 2502 2501
f 2568 4581 2551
f 368 349 367
f 367 3349 368
f 4713 2774 2775
f 86 73 753
f 1488 4091 4092
f 4064 4063 1458
f 4091 1505 4092
f 1654 1627 1628
f 2066 2384 2067
f 1277 1317 1278
f 868 3738 3737
f 1677 1649 1678
f 3764 3882 3860
f 3860 3882 3887
f 2219 2243 2244
f 1537 679 678
f 5165 5118 5121
f 5375 5354 5373
f 5362 3280 5360
f 2008 2009 2039
f 3007 4911 3006
f 4675 4673 4672
f 1795 1794 1811
f 3242 5275 5277
f 2205 2206 1308
f 2583 2582 2598
f 1834 4280 1833
f 1001 1421 1002
f 1989 4399 4400
f 3146 5090 3145
f 3888 3810 618
f 5347 5303 5341
f 3855 3705 3881
f 1914 1898 1897
f 1198 1166 1199
f 2683 4671 2684
f 695 718 694
f 1040 762 761
f 1352 1351 3986
f 4450 4448 2211
f 2945 2946 2358
f 3625 3629 3655
f 3705 3891 3709
f 892 1158 893
f 3279 320 5359
f 5164 3155 5181
f 1538 5171 5024
f 3400 3421 3401
f 3525 545 546
f 2132 2101 2102
f 1571 146 5043
f 709 710 704
f 3900 3914 3913
f 3922 3921 3923
f 2709 2732 2733
f 1812 1795 1811
f 3810 3855 3812
f 2009 2038 2039
f 729 3733 728
f 727 55 3735
f 55 54 3735
f 1008 1007 1416
f 5169 3167 5061
f 3242 5351 3274
f 5368 5365 3274
f 5185 5020 5161
f 511 520 31
f 3557 39 574
f 2913 4843 4841
f 4811 4812 4816
f 4812 4815 4816
f 970 971 689
f 2194 1296 2193
f 2029 2392 2393
f 688 970 689
f 1024 745 1023
f 495 3484 494
f 4679 4678 4677
f 1075 801 3898
f 3898 801 62
f 1123 1124 852
f 2334 3027 2335
f 2772 2755 2771
f 4612 4614 4613
f 2534 2533 2552
f 5190 5065 5069
f 407 3376 3374
f 4766 4769 2845
f 4453 4452 4523
f 3092 3091 4983
f 5004 3131 5005
f 4984 3092 4983
f 4299 4302 4308
f 1804 4267 1805
f 3790 3846 3788
f 3844 3843 3786
f 3714 3822 3715
f 4749 2818 2819
f 4725 4724 2771
f 3248 3277 3249
f 3032 4936 4935
f 5030 5185 5102
f 860 1132 861
f 860 833 859
f 596 595 3614
f 1547 1546 1563
f 4008 4002 4007
f 1571 4127 146
f 3630 3632 600
f 601 3630 600
f 645 644 938
f 181 1894 777
f 86 5044 73
f 4455 2116 207
f 2091 207 222
f 578 3573 3575
f 132 4048 1465
f 1674 1604 1603
f 1561 1545 1544
f 1562 1546 1545
f 5183 5187 5049
f 773 774 733
f 774 773 1052
f 1052 1053 774
f 1681 4176 4177
f 207 2344 222
f 4129 4128 1567
f 609 610 3687
f 2389 2025 2388
f 181 1896 4334
f 4583 4582 2582
f 1856 1857 4295
f 789 812 813
f 4300 4295 4311
f 3906 3907 1199
f 2683 2684 4662
f 4704 2707 2706
f 2545 2562 2546
f 3539 3537 560
f 1555 4125 4124
f 1315 3967 1316
f 925 632 631
f 5051 5183 5049
f 4459 199 2232
f 155 3168 5054
f 4079 4080 4084
f 4736 4738 4737
f 5045 5042 5043
f 1370 4001 1371
f 4144 4159 4143
f 3333 3391 3389
f 578 3688 579
f 1035 757 756
f 756 1034 1035
f 3165 5082 3164
f 2294 2203 2202
f 3683 3681 3671
f 235 2211 200
f 3302 3301 338
f 3933 1228 1229
f 1498 4104 1499
f 1933 1932 1947
f 1947 1932 4364
f 3915 1195 1196
f 4087 4089 1485
f 4465 2254 2255
f 4480 4528 4478
f 3872 3847 3848
f 3166 3167 5169
f 3162 5104 3161
f 3038 2183 2182
f 3584 389 3582
f 223 2345 2070
f 235 2641 2474
f 2461 2462 2168
f 2937 2348 2347
f 2386 2069 2068
f 616 3699 617
f 616 617 612
f 2918 4827 2917
f 2918 4829 4827
f 870 4218 4219
f 2025 2389 2026
f 3033 2328 3034
f 2328 2327 3034
f 3642 3643 3592
f 4607 4610 4608
f 2726 2725 2472
f 209 4455 207
f 5367 5355 5369
f 3268 3269 5312
f 298 3037 2323
f 4515 4441 4442
f 52 79 946
f 1451 1452 4049
f 2135 2099 2134
f 3165 3166 5077
f 3865 3826 3883
f 1909 1073 1072
f 4409 4485 4484
f 4124 4125 1570
f 4147 4146 4148
f 3316 3317 3313
f 2823 2824 4747
f 4444 2186 2187
f 4711 2776 267
f 1605 1604 1675
f 341 5388 338
f 5166 5181 3155
f 3828 3829 3732
f 3669 3647 3670
f 1280 1320 1281
f 797 805 796
f 2162 2161 2455
f 869 1733 4218
f 2211 2474 2212
f 670 965 671
f 5100 5193 5028
f 1508 1509 4096
f 2584 2622 4627
f 2922 2376 4849
f 2040 2404 2041
f 5109 5107 267
f 884 885 905
f 2536 4576 2537
f 1821 4270 1820
f 2582 2583 4583
f 2212 4450 2211
f 3140 4993 3139
f 4465 2255 4466
f 1148 1147 1691
f 3664 3635 3658
f 1240 3935 1229
f 2374 2056 2373
f 1492 4079 1493
f 1477 1492 1493
f 1478 1477 1493
f 4060 4056 4058
f 1478 4056 1477
f 4103 4102 1518
f 2402 2038 2401
f 4161 4167 677
f 1097 4266 1098
f 1554 5040 5038
f 4301 4297 4296
f 3253 3254 5281
f 1040 1041 762
f 2631 2607 2630
f 4184 1672 4183
f 4791 2851 2850
f 2608 2632 2609
f 2952 2953 4868
f 4893 4890 4894
f 2967 4878 4874
f 1505 1506 4092
f 2248 2511 2512
f 2813 4756 2812
f 3823 3846 3847
f 939 645 938
f 373 3341 3337
f 5264 5266 3248
f 706 3746 3745
f 707 708 3745
f 1892 4319 1891
f 3867 3849 3890
f 3703 626 625
f 2057 2056 2374
f 2623 2514 2624
f 2624 2512 2625
f 2513 2624 2514
f 3731 3828 3732
f 438 3599 375
f 3 438 375
f 2076 2075 2350
f 4547 4548 4569
f 2985 2971 2970
f 2999 4900 2998
f 1316 3968 1317
f 4347 4344 4343
f 4967 4963 4965
f 3147 5094 3146
f 1722 4213 1721
f 4262 1777 4261
f 3650 3617 3619
f 3615 3609 3613
f 1577 4134 4135
f 1577 4135 1576
f 1576 1587 1577
f 1587 1588 1577
f 1577 1588 1578
f 2116 4456 2115
f 1290 1289 3963
f 5319 5336 5341
f 5193 5108 5106
f 2650 2484 2649
f 5008 3134 3135
f 4654 2661 4653
f 5314 3268 5312
f 5336 5316 5314
f 5352 3284 3268
f 2293 2201 2292
f 3062 3063 3046
f 3607 3608 3649
f 4368 4370 1960
f 3948 3943 3942
f 2846 2410 2847
f 1745 1746 1729
f 5106 5103 5028
f 2347 2936 2937
f 1677 1676 1650
f 4047 1464 1465
f 5020 5185 5019
f 1517 136 4111
f 3622 3654 3624
f 908 1174 1175
f 4098 139 1514
f 518 510 509
f 1087 1086 1882
f 1097 1098 827
f 4088 1503 4090
f 1472 1471 1486
f 4065 1471 1472
f 1486 4089 4090
f 5276 316 3252
f 780 3803 60
f 2272 1633 1632
f 4649 2671 4647
f 2427 2021 2020
f 1658 1659 1623
f 677 4163 4161
f 2842 2841 2416
f 2427 2831 2428
f 3987 1353 1352
f 1366 1381 1382
f 1381 4005 1382
f 1349 3982 3983
f 5133 5013 5131
f 5182 5130 5131
f 5371 5372 319
f 919 4482 920
f 4036 1422 4037
f 1400 4036 4037
f 639 933 640
f 933 934 640
f 2822 2823 4744
f 2840 2841 4773
f 3694 3697 3696
f 45 3703 625
f 3129 3130 5003
f 2393 2394 2030
f 1746 1745 4225
f 896 1163 897
f 4611 4612 4613
f 2615 4611 4613
f 3717 3730 57
f 3824 3717 3716
f 2970 2971 4882
f 3039 2322 4939
f 4008 1375 4004
f 4004 1393 1394
f 4476 1616 76
f 4196 4198 4197
f 5304 5302 5340
f 3437 3328 3431
f 2746 4712 2747
f 4230 1764 1765
f 1167 1198 1197
f 3148 5101 5112
f 2501 2502 2238
f 273 2430 2829
f 3415 3359 3399
f 4972 3098 3097
f 2710 4686 2709
f 4120 1555 1556
f 2941 2942 2354
f 4146 1597 1598
f 2053 2054 2086
f 4491 443 4409
f 2533 2551 2552
f 4542 4503 4556
f 353 378 3325
f 3754 3753 631
f 697 698 716
f 5126 5132 5128
f 4200 4202 4201
f 625 626 3692
f 514 4488 4487
f 514 3501 3500
f 1597 4187 1598
f 2985 2986 2971
f 436 3335 435
f 3431 3328 3327
f 1578 4134 1577
f 2541 2519 2540
f 4321 1869 1868
f 4365 1953 1952
f 1776 1132 1777
f 208 2323 2096
f 4090 1504 4091
f 4648 2675 4649
f 4796 2866 4794
f 2982 2997 4900
f 1039 1040 761
f 461 3463 3464
f 2066 2065 2383
f 1628 2268 1629
f 2291 3131 2292
f 4593 4592 2578
f 2712 2711 2735
f 3649 3608 3650
f 4652 4654 4653
f 199 215 3165
f 1539 4120 1540
f 4905 4906 4899
f 4899 3002 4905
f 2986 2985 4906
f 700 982 701
f 2419 2838 2420
f 764 763 1042
f 5102 5185 5161
f 4115 1533 1532
f 3376 3410 3408
f 3435 3424 3440
f 2013 2419 2420
f 3008 3009 4913
f 5014 5150 5149
f 358 2 3314
f 89 60 778
f 3299 3306 3300
f 4904 4903 3013
f 2135 4460 2098
f 3124 2300 2299
f 3277 3278 3249
f 1031 86 753
f 3037 4923 3036
f 1114 844 843
f 1891 1890 4332
f 2099 2135 2098
f 5074 5027 5075
f 3593 378 3595
f 3640 3589 3593
f 3668 3667 3677
f 3754 631 632
f 3931 3933 1229
f 3035 2326 2325
f 1384 4014 4013
f 4285 4286 1828
f 103 917 916
f 721 720 1003
f 435 3605 436
f 3822 3714 3821
f 3645 3612 3611
f 3279 3256 320
f 1288 1326 1289
f 2673 2672 4649
f 3690 576 3687
f 3687 610 3690
f 867 866 1138
f 2836 4777 4778
f 5336 5314 5312
f 777 4360 4361
f 2982 4889 4891
f 497 3474 3486
f 2519 2520 2262
f 988 987 4045
f 288 4864 2949
f 1813 4285 1814
f 3326 3439 3441
f 739 1018 740
f 5198 316 5200
f 3895 3709 3892
f 2329 2330 2102
f 4832 2920 2921
f 2921 4855 2377
f 4987 4988 4986
f 3111 5007 3112
f 5263 5264 3249
f 1376 4000 729
f 2857 2858 2399
f 1440 1441 977
f 4724 2772 2771
f 3467 465 464
f 2604 4609 2603
f 1206 3917 1207
f 2256 2538 2257
f 21 3763 924
f 1641 1684 1642
f 21 441 458
f 2475 2474 4644
f 1845 4306 1846
f 4305 4306 1863
f 5024 3170 3171
f 2071 4434 2070
f 4755 2814 4754
f 4282 4283 1831
f 4425 4441 4515
f 2606 2629 2630
f 824 825 3722
f 3053 3052 4941
f 4238 1741 4237
f 44 3618 606
f 709 991 992
f 3648 3606 3607
f 4408 4387 4385
f 4749 2819 4748
f 1192 1191 1173
f 3029 4933 4932
f 428 3339 3340
f 375 1 3
f 2834 2423 2835
f 52 5079 79
f 3462 3463 461
f 3463 3462 3460
f 4822 2913 2914
f 1908 1071 1070
f 3705 3855 3891
f 2281 2282 2190
f 4448 2252 198
f 3416 3401 3429
f 1045 766 1044
f 2096 4462 208
f 76 1617 4163
f 5157 5014 5158
f 5210 5235 5233
f 756 3804 755
f 288 5152 5180
f 3220 5215 5213
f 3773 549 3817
f 1666 1662 1661
f 2283 2284 2192
f 3712 32 680
f 3359 360 3361
f 383 3585 384
f 298 5164 5181
f 4916 3037 298
f 543 549 3538
f 776 4360 777
f 2051 2369 2052
f 2052 2088 2051
f 509 32 518
f 4298 4309 1843
f 3010 4897 4915
f 3656 3672 3657
f 1648 1647 1679
f 5037 1362 5036
f 5035 5037 5036
f 5383 3297 3289
f 4853 4858 4852
f 4053 4051 1453
f 4759 4748 4757
f 4486 515 4487
f 926 632 925
f 3278 3277 5361
f 1816 4283 4282
f 2279 2258 4474
f 2012 2418 2419
f 4742 4746 2793
f 1077 1078 803
f 2961 4883 4884
f 1334 1335 1019
f 4729 2781 2782
f 279 4789 2880
f 4222 1722 1738
f 1738 1722 1721
f 4235 4233 4232
f 3527 530 529
f 5306 5307 5334
f 1902 1919 1903
f 4647 4648 4649
f 992 993 710
f 646 939 940
f 2614 2615 4613
f 1312 1290 3963
f 3819 3866 3793
f 379 380 3325
f 5164 208 3154
f 3736 726 3735
f 4902 4900 4901
f 4236 4235 4234
f 2130 2104 2129
f 5097 5094 3147
f 3147 5184 5097
f 685 4476 76
f 4005 4016 1382
f 3056 3057 4943
f 124 1010 1414
f 124 729 728
f 3929 3919 1213
f 4741 4746 4742
f 2815 2814 4777
f 1182 5119 5120
f 4754 2814 2815
f 1881 1882 1861
f 3776 3777 3840
f 176 823 1836
f 1451 4049 1449
f 1124 853 852
f 1236 3922 3926
f 3926 3922 3923
f 1410 4009 1409
f 1182 3903 3904
f 3300 3306 337
f 2169 2149 2168
f 5049 5187 5048
f 5068 5066 3142
f 3029 3030 4933
f 2386 2385 4861
f 4838 2386 4861
f 5091 5192 5087
f 2719 2718 4696
f 2717 2718 4678
f 18 4501 4502
f 4861 4840 4841
f 5156 2996 5160
f 726 727 3735
f 4790 2864 4788
f 3249 5264 3248
f 1953 1938 1952
f 1937 1951 1952
f 5354 5375 3289
f 380 379 3593
f 2043 4417 4411
f 3164 3183 3165
f 3183 5229 5231
f 1114 1113 1804
f 1916 4345 4346
f 3915 1211 1212
f 4374 4376 4377
f 1721 4213 4197
f 4022 4027 1376
f 1838 175 1853
f 18 454 449
f 1838 4293 175
f 1194 1170 1195
f 82 5023 3173
f 1710 4208 1711
f 2876 4806 4807
f 3600 592 3601
f 2168 2462 2169
f 3529 3534 3532
f 540 3776 3775
f 2302 3038 4940
f 2164 2153 2154
f 4997 4993 3140
f 618 3693 627
f 36 3514 540
f 4437 202 2159
f 1800 1108 1799
f 4265 1117 1116
f 3258 3259 5328
f 5330 3258 5328
f 1556 1540 4120
f 1026 747 1025
f 3550 3555 3551
f 4052 4051 4053
f 1767 1766 4248
f 1118 1789 1119
f 741 765 766
f 2715 4701 4699
f 136 1479 4111
f 136 674 1479
f 4500 4504 4574
f 4540 4500 4574
f 3479 3478 3487
f 3487 3483 3479
f 332 3297 5383
f 2519 2262 2261
f 3600 409 408
f 953 659 658
f 2693 2679 2678
f 5040 5042 5187
f 4842 4845 4858
f 1077 802 1076
f 3192 3191 5247
f 3575 3561 3562
f 1605 1675 1676
f 36 540 3775
f 36 526 3514
f 243 2570 4585
f 2368 2369 2051
f 4508 4574 4504
f 4315 1855 1854
f 5295 5293 5301
f 4916 4923 3037
f 2730 2466 2731
f 363 364 3323
f 1043 1044 765
f 3461 428 427
f 3745 3746 707
f 2212 2213 4450
f 2240 2239 2503
f 235 200 2188
f 2303 2304 2119
f 3096 3097 3081
f 1043 764 1042
f 3950 3943 3948
f 3713 3714 778
f 4215 4214 1732
f 1191 1192 1215
f 2242 2243 2220
f 824 1790 825
f 5113 5111 2806
f 582 3567 3572
f 4841 2914 2913
f 2495 2640 2496
f 1174 1190 1175
f 5078 5191 5080
f 2412 2005 2411
f 4446 2188 200
f 4535 4537 4495
f 4915 4913 3009
f 18 4502 454
f 4069 4072 1449
f 3805 3808 3869
f 325 5361 5363
f 443 3450 3451
f 2123 2122 2307
f 1370 1371 3990
f 728 55 84
f 3580 3659 3582
f 4444 4518 4443
f 3328 3437 3326
f 1790 4266 1097
f 5302 5349 5339
f 952 658 657
f 1783 4256 1782
f 3168 5016 5054
f 3152 5141 3151
f 202 2452 2159
f 1312 116 5138
f 3410 3385 3408
f 364 363 3356
f 3934 1208 3917
f 89 1054 780
f 2234 2233 2497
f 2455 2456 2162
f 2975 2989 2990
f 2989 4911 2990
f 3580 388 387
f 5378 3295 331
f 5377 325 329
f 3289 3297 5382
f 124 84 1010
f 2774 4721 4720
f 4205 1729 4201
f 4992 307 3123
f 84 55 1010
f 543 544 3524
f 2584 4603 2254
f 1745 1729 1744
f 2987 4908 4909
f 3117 3118 4978
f 2980 4892 2092
f 4934 3008 4933
f 605 3620 3622
f 249 2516 2622
f 4767 2829 4760
f 1312 3963 116
f 235 2474 2211
f 273 1999 1998
f 4921 2980 4918
f 5122 5124 101
f 1743 1728 1727
f 3005 4909 3004
f 4908 4907 4909
f 4168 1641 1640
f 320 3251 3278
f 3248 5350 3277
f 4760 2790 4767
f 1745 1744 4223
f 3296 5380 331
f 3737 3827 3723
f 738 1017 739
f 4915 4914 4913
f 356 384 3324
f 3950 3945 3943
f 1326 3963 1289
f 1038 1992 1039
f 1654 1672 1655
f 1886 4323 1866
f 1529 4107 1509
f 1196 3909 3915
f 4022 124 1414
f 5007 3134 5008
f 2962 2961 4884
f 869 3738 868
f 3039 5158 5159
f 4027 4022 1414
f 4893 4891 4889
f 3240 3241 5278
f 3241 3240 5351
f 2589 4625 2590
f 4311 1859 4310
f 4834 2923 4835
f 2589 2590 2574
f 3513 526 527
f 2972 2973 4879
f 295 2344 3019
f 4510 4512 4574
f 295 2092 2091
f 2574 2590 2575
f 2574 2575 4594
f 2509 2245 2508
f 2252 2515 2516
f 2629 2628 2508
f 209 2117 4455
f 551 3536 3538
f 988 706 987
f 2282 2283 2191
f 4303 1866 4313
f 1798 1106 1797
f 551 3773 3772
f 4925 4938 4922
f 1093 819 818
f 889 900 901
f 4279 4280 4278
f 279 2880 4795
f 848 1119 1120
f 4402 4401 1965
f 2060 2079 2059
f 2463 2462 2734
f 3107 4979 3106
f 2048 193 4427
f 3294 5363 5365
f 3072 4962 4946
f 3072 5151 5155
f 3533 3529 3532
f 4853 4846 4858
f 3753 3754 671
f 2298 3125 2299
f 3951 3952 1255
f 653 948 654
f 654 3767 653
f 4028 1394 1393
f 5359 5360 3279
f 1737 1738 1721
f 4697 2718 2717
f 1316 1275 1315
f 767 739 740
f 2840 4773 4774
f 5276 5296 5274
f 4418 2024 2025
f 4312 4314 4303
f 709 704 3744
f 2614 4613 2613
f 3408 3383 3411
f 2611 4617 2610
f 414 3369 8
f 5167 5192 5095
f 2161 2454 2455
f 1547 936 1546
f 3173 5023 3172
f 3084 4992 4995
f 2181 3084 4966
f 2452 2743 2453
f 2840 2417 2841
f 662 663 640
f 1093 1094 819
f 2161 2160 2454
f 3080 4969 3081
f 5263 5260 5258
f 3638 3582 3659
f 543 3538 544
f 2123 2307 2308
f 197 4467 2257
f 4418 4419 2024
f 3429 3432 3416
f 2098 2097 2325
f 1638 1643 1644
f 4012 1402 1403
f 1638 1639 1643
f 4401 4402 1987
f 5144 3157 3158
f 4193 1702 4190
f 2704 2703 4694
f 3470 3471 480
f 3784 3843 3865
f 803 798 3807
f 2596 4616 2597
f 812 790 811
f 3261 3260 5353
f 3260 3261 5326
f 5325 5345 5326
f 5326 3261 5325
f 3262 3261 5353
f 3261 3262 5325
f 3262 5353 3281
f 5345 5323 5343
f 5323 5345 5325
f 1848 1847 4314
f 4998 5000 3105
f 2528 2548 2529
f 1847 1848 1833
f 2055 2085 2054
f 672 53 3753
f 2974 2975 4881
f 5356 324 5360
f 3080 3081 4959
f 2975 2974 2989
f 964 669 963
f 2641 4644 2474
f 3199 5250 5248
f 3199 3146 3145
f 2187 2641 2188
f 386 3583 3581
f 386 387 3324
f 1608 4142 4157
f 2704 4694 4693
f 3584 3582 3638
f 1848 1834 1833
f 1258 1259 3946
# 10780 faces

